sentence,label
"earnings per share for the quarter were also higher year-on-year at 0.33 eur versus 0.27 , and above market expectations of 0.28 eur .",2
the company continued the development of a fully human antibody in its vap-1 antibody program .,1
"the company operates a u.s. division in lisle , ill. .",1
nwc analysis,1
the hull of the vessel was built one block at a time and ruukki delivered the plate material for each block as construction progressed .,1
profit for the period was eur 15.6 mn compared to eur 14.1 mn in 2007 .,2
"country  , finland sector  construction-real estate target  pohjolan design-talo oy buyer  capman oyj vendor  ruukki group oyj deal size in usd  102.6 m type  divestment status  agreed",1
"cohen  steers , inc.  5 534 626 shares representing 4.985 % of the share capital and voting rights .",1
ruukki forecast a 15-20 % annual sales growth and a positive pretax result for 2010 .,2
"alpina sports is a lebanon , new hampshire usa based distributor of e.g. alpina ski shoes and skis , exel ski poles , start ski waxes and now also peltonen cross-country skis .",1
the investment will be worth approximately eur 100mn .,1
"the selling consortium includes funds managed by oko bank s venture capital unit , bio fund management and finnish industry investment , a government-owned investment group .",1
"comparable operating profit totaled eur 854mn , up from eur 730mn in 2004 .",2
the combined activities will create value for shareholders and be good for our employees and customers .,2
"our customers come from the following countries  uk , usa , spain , france , italy , germany , china , sweden , norway , netherlands , austria , belgium , switzerland , czech republic , serbia , finland , canada , russia , ukraine , portugal , denmark , ireland , south korea , estonia and liechtenstein .",1
neste shipping is the most likely to remain finnish as the oil sector and its transports are significant for emergency supply .,1
the proposal of the shareholders to elect mr. hannu krogerus to the board is based on his long and unrivalled experience and knowledge of all matters related to elcoteq .,1
the company then said it will focus its resources on clinical research .,1
finnish kci konecranes has raised its net sales growth estimate for 2006 from over 25 % to over 35 % .,2
"however , the growth margin slowed down due to the financial crisis .",0
"the power supplies , dc power systems and inverters designed and manufactured by efore , and systems incorporating them are used in many different applications .",1
there is no room to modify the share component as we have already indicated .,1
the repurchase of the bonds was executed in the open market in accordance with section 7 f of the terms and conditions of the convertible bonds .,1
"adpnews - feb 5 , 2010 - finnish real estate investor sponda oyj hel  sda1v said today that it slipped to a net loss of eur 81.5 million usd 11.8 m in 2009 from a profit of eur 29.3 million in 2008 .",0
"the new apartment block is going up very close to the city center , explained chairman of the board of as yit ehitus priit sauk .",1
the non-recurring costs caused to talentum s premedia business area by the restructuring will amount to 2.0 mln euro $ 2.7 mln and will be included in the company s financial results for the second quarter of 2007 .,1
"alma media s operating profit amounted to eur 11.9 mn , down from eur 15.0 mn a year earlier .",0
finnish vacon has signed significant deals with norwegian scandinavian electric systems  ses  on the supply of ac drives .,2
outotec s net profit for the second quarter of 2007 jumped to 16.8 mln euro  $ 23.1 mln  from 4.6 mln euro  $ 6.3 mln  a year ago .,2
"operating result showed a loss of eur 2.9 mn , while a year before , it showed a profit of eur 0.6 mn .",0
"our customers include companies in the energy and process industry sectors , in particular .",1
"on preliminary estimate , the hotel will operate under the brand novotel .",1
investments in product development stood at 6.0 mln euro  $ 8.8 mln  .,1
the shares shall be acquired according to the rules of nasdaq omx helsinki and otherwise according to the rules related to acquisition of the company s own shares .,1
it is expected to be online by 2011 .,1
"in finland , the five largest brands control 90 % of the beer market .",1
"the maximum grade of the veneer yield is calculated , based on the dimensions and grades of the veneer products , as well as by iterating the places of the peeling axes and simulating the peeling process .",1
we are selling an information systems development business to the finns .,1
"initial estimated total value of the contract was 250 000 euros , excluding vat .",1
yvonne jones is owner of chameleon interiors .,1
"london afx - shares in rautaruukki corp have been upgraded to  hold  from  sell  by abn amro , with the price target raised to 25.75 eur from 14.5 , said dealers .",2
"a total of 1,800,000 stock options were issued in the 2003 stock option scheme .",1
"the report profiles 158 companies including many key and niche players including major nonwovens manufacturers such as ahlstrom corporation , asahi kasei corporation , buckeye technologies , inc. , ei .",1
the energy sector accounted for approximately 33 % and the steel industry for about 57 % of the transportation volume .,1
the fair value of the company s investment properties went down to eur 2.768 billion at the end of 2009 from eur 2.916 billion a year earlier .,0
the company will be part of teleste s video and broadband solutions business area .,1
"ragutis , which is controlled by the finnish brewery , reported a 5.4-per-cent rise in beer sales to 10.44 million litres and held an 11.09-per-cent market share .",2
prices and delivery volumes of broadband products decreased significantly in 2005 .,0
financial terms were not disclosed .,1
what would you like to see changed on nokia s next attempt,1
the terms and conditions of the stock option scheme 2008 are available on the company s internet pages www.sanoma.com .,1
"upon establishment , the plan is directed to approximately 20 persons .",1
"alma media corporation press release march 25 , 2010 tyrv+ä+än sanomat purchase confirmed the business operations of tyrv+ñ+ñn sanomat oy will be transferred to suomen paikallissanomat oy .",1
nokia was up 0.12 pct to 16.70 eur after kicking off the morning in negative territory .,2
"jensen , njastein and mike critch , the head of dovre north america business unit , will report to toivola .",1
"according to the finnish-russian chamber of commerce , all the major construction companies of finland are operating in russia .",1
"in addition , the company is considering the start of production in russia .",1
"the report examines the medical equipment business structure and operations , history and products , and provides an analysis of its key medical equipment revenue lines .",1
feed companies suomen rehu and raisio do no import gmo feed .,1
"profitability  ebit %  was 13.9 % , compared to 13.1 % in the previous-year period .",2
talentum s net sales in september were smaller than expected .,0
"the acquired plant has an annual capacity of some 300,000 tonnes and most of its production is sold to domestic customers .",1
"svyturys-utenos alus , which is controlled by the nordic group baltic beverages holding  bbh  , posted a 6.1 percent growth in beer sales for january-september to 101.99 million liters .",2
"adp news  - feb 9 , 2009 - finnish computer services company proha oyj  hel  art1v  said today its net loss narrowed to eur 113,000  usd 146,000  for 2008 from eur 1.2 million for 2007 .",2
subscription sales decreased slightly .,0
pretax profit jumped to eur 21.9 million from eur 3.1 million .,2
the transaction is planned to be financed with a eur40m market-based loan granted by standard chartered bank hong kong .,1
"country  , switzerland sector  pharmaceuticals target  synosia therapeutics holding ag buyer  biotie therapies corp deal size in usd  129.4 m type  corporate acquisition financing  all-stock status  closed",1
finnish aktia group s operating profit rose to eur 17.5 mn in the first quarter of 2010 from eur 8.2 mn in the first quarter of 2009 .,2
"this action follows personnel negotiations concerning elcoteq se , finnish branch , elcoteq finland oy and elcoteq design center oy .",1
rapala said it estimates it will make savings of 1-2 mln eur a year by centralising its french operations at one site .,2
the total investment of the project will be approximately eur 36m .,1
"finnish construction company yit oyj said on november 13 , 2007 it won a 70 mln euro $ 102.8 mln contract to construct the new office building for local property company tapiola real estate oy .",2
"cramo is a service company specialising in construction machinery and equipment rental and rental-related services , as well as the rental and sale of modular space .",1
"operating profit margin was 8.3 % , compared to 11.8 % a year earlier .",0
stockmann was established in 1862 in finland and it became the first foreign company to enter russia s retail trade market in 1989 .,1
"sampo bank s market share of lending was 13.6 % , down from 14.4 % in the first quarter of 2008 .",0
"its annual capacity is some 10,000 mw .",1
"boomeranger boats oy specialises in boat building and designs , manufactures and sells customised rigid inflatable boats rib primarily for the baltic sea market .",1
finnish talvivaara mining co hel  tlv1v said thursday it had picked bofa merrill lynch and jpmorgan nyse  jpm as joint bookrunners of its planned issue of convertible notes worth up to eur250m usd332m .,1
eps dropped to eur0 .2 from eur0 .3 .,0
the company expects its net sales in 2008 to increase 5-10 % from 2007 .,2
"last july , the group said it intended to relocate warehouse and office space in loudeac and saint marcel to morvillars , in the east of france , where it already operates a hook manufacturing and distribution unit .",1
the bank vtb24 provides mortgage loans to buy apartments in the complex at 11-13 % per annum in rubles .,1
"commenting on the deal , shane lennon , svp of marketing  product development at gypsii said",1
"the company operates through four principal divisions  consumer packaging  office papers  speciality papers , as well as market pulp and energy .",1
the group s net sales in 2007 were eur683 .6 m.,1
this could be us .,1
the company has some 410 employees and an annual turnover of eur65 .4 m. vaahto group is listed on the nordic exchange in helsinki .,1
"pcs digital guatemala has been using tecnomen s prepaid system in telgua fixed networks as well as code division multiple access , or cdma , and global system for mobile communication , or gsm , since 2003 .",1
"ethanol would be made from barley , and production could start in 2008 .",1
the acquisition is expected to take place by the end of august 2007 .,1
"elisa corporation will disclose its financial statements for 2006 on thursday , 8 february 2007 .",1
the terms and conditions of the year 2003 stock option scheme were published in a stock exchange release on 31 march 2003 .,1
"earnings per share  eps  amounted to eur1 .37 , down from eur2 .30 .",0
sales of mid-strength beer decreased by 40 % .,0
"cencorp would focus on the development , manufacture and marketing of standard products for production automation .",1
upm-kymmene said its has  not indicated any interest in any domestic consolidations  .,1
the company s share is quoted on nasdaq omx helsinki rautaruukki oyj  rtrks .,1
"as of july 2 , 2007 , the market cap segments will be updated according to the average price in may 2007 .",1
"in finland , the city of forssa has said it will not pay compensation to food industry companies hk ruokatalo and atria for the lye leak into tap water that occurred in march 2008 .",0
image data produced by the browser at the phone server is converted into a bitmapped image that is sent to the handset for display .,1
"adpnews  - feb 3 , 2010 - finland-based steel maker rautaruukki oyj  hel  rtrks  , or ruukki , said today it slipped to a larger-than-expected pretax loss of eur 46 million  usd 64.5 m  in the fourth quarter of 2009 from a",0
upm stock fell 3 percent to euro 12.49 $ 17.24 in early afternoon trading in helsinki .,0
27 january 2011 - finnish it solutions provider affecto oyj  hel  afe1v  said today it has won a eur1 .2 m  usd1 .6 m  contract from state-owned lithuanian social insurance institution  sodra  .,2
they will be sunk to a depth of some 360-380 metres and fixed to the bottom mud by vacuum .,1
"finland s leading metals group outokumpu said its fourth-quarter net profit more than tripled on the back of strong global demand for stainless steel , soaring base metal prices and proceeds from the sale of its technology unit .",2
the project is expected to be completed in 2009 .,1
the report will be emailed within 2 business days of an order .,1
"operating loss totalled eur 5.2 mn , compared to a loss of eur 3.4 mn in the corresponding period in 2008-2009 .",0
"liquid handling products include electronic and mechanical pipettes , disposable tips as well as pipette maintenance and calibration services for research institutions , healthcare and industrial laboratories .",1
"the refining margin for the year was $ 13.39 - bbl , compared to $ 10.46 - bbl in the prior year .",2
finnish cutlery and hand tools maker fiskars oyj abp  hel  fisas  said today its net profit rose to eur 24.1 million  usd 33.6 m  in the third quarter of 2010 from eur 17.9 million a year earlier .,2
a plumbing business has announced it is sponsoring a professional darts player .,1
the company is studying the feasibility of focusing most of its processed meat production in the vantaa facilities and the processing of fresh meat in the forssa facilities .,1
"the subsidiary will be responsible for filter sales , local assembly of filters and after market services in china .",1
salonen added that data shows producers  pulp inventories in north america are declining .,0
the contract value amounts to eur 2.4 million .,1
"we have come out with a decision which is based on our preliminary economic , operational and environmental findings ,  karvinen said .",1
it wo nt happen overnight .,1
"tallink silja attributes the significant drop to problems with the booking system that was taken into operation in october , the sale of trailer ferry  sky wind  and the route between stockholm and riga , which has won passengers from the helsinki-stockholm route .",0
"votorantim celulose e papel  vcp  is part of the votorantim group , a major brazilian conglomerate .",1
"the currency effect had a 3.0 pct , or 20 mln euro  $ 31.3 mln  , negative impact on the revenue .",0
"latin america currently accounts for approximately 40 % of sales at tecnotree , company president and ceo eero mertano recently told bnamericas .",1
production capacity will increase from 36 000 to 85 000 tonnes per year and the raw material will continue to be recycled paper and board .,2
"iso omena is based in the matinkyla district of the southern part of the city of espoo , southern finland .",1
"these include software development for internet and mobile telephone content , communications , value-added software , financial services , security applications , systems integration and electronics ,  ebrd informed .",1
its 168 asset management experts manage assets worth over eur 35 billion .,1
"finnish shipping company finnlines , of the grimaldi group , reports its net sales decreased to eur 241.8 mn in january-june 2009 from eur 384.0 mn in the corresponding period in 2008 .",0
"typically , the transmission power level can be decreased when the interference noise is above a predefined value .",1
"a. le coq special was developed for the bicentenary of the company and the trade mark , the brewer said .",1
"outotec oyj press release december 4 , 2009 10.30 am outotec establishes a new subsidiary in kolkata outotec has established a subsidiary in india in order to better serve its indian customers and to increase its business in the growing indian market .",2
deliveries by outotec will take place over 30 months .,1
"incap corporation stock exchange announcement 29 april 2010 at 1 p.m. invitation to a news conference on incap s interim report q1-2010 incap will publish its interim report for january-march 2010 on wednesday , 5 may 2010 .",1
sales rose 10 pct to 566 mln eur on the back of strong volume and favourable currency effects .,2
"sarantel , based in wellingborough , uk , designs high-performance antennas for portable wireless devices .",1
the policy was also aimed at making the companies more profitable and competitive .,2
"cargotec corporation , press release , august 26 , 2008 at 10 a.m. finnish time cargotec s macgregor business area providing marine cargo handling and offshore load handling solutions has received significant offshore crane retrofit order .",2
the estimated value of the deal is usd 9.2 million .,1
very recommendable  is the nokian z g2 according to the  adac judgement  in the latest summer tyre test of the german automobile association adac .,2
"profit after taxes was eur 0.1 mn , compared to eur -0.4 mn the previous year .",2
"therefore , the company s 2005 result will remain weaker than that of 2004 .",0
it also said its third quarter diluted eps came in at 0.34 eur compared with 0.16 eur in the same quarter a year ago .,2
"net cash from operating activities was a negative eur 0.3 mn , compared to eur 30.9 mn in 2009 .",0
the power generated annually by loviisa covers about 10 % of finland s electricity consumption .,1
"finnish bank of +àland reports operating profit of eur 2.2 mn in the first quarter of 2010 , down from eur 6.3 mn in the corresponding period in 2009 .",0
the value of the three-year contract is estimated at eur40m .,1
"the company is headquartered in sievi , finland , and is listed on the nordic exchange in helsinki .",1
"the business transfer will take effect from 1 january 2007 , and in connection with this 47 employees will transfer from elisa to daxtum as continuing employees .",1
"pre-tax loss totaled eur 0.3 mn , compared to a loss of eur 2.2 mn in the first quarter of 2005 .",2
"elcoteq s electronics manufacturing services  ems  business segment serves customers globally in engineering , manufacturing and fulfillment services .",1
"in 2009 , fiskars  cash flow from operating activities amounted to eur121m , up from eur97m in the previous year .",2
the plant will collect raw material from the baltic sea region .,1
"finnish management software solutions provider ixonos oyj net profit decreased to 369,000 euro  $ 575,000  for the first quarter of 2008 from 669,000 euro  $ 1.0 mln  for the same period of 2007 .",0
choose from a giant countdown with red head or rainbow trout -- or the giant shad rap in perch color .,1
"however , two of the previously ordered sets will start producing electricity at the end of october 2010 , it said .",1
"outotec said it won new orders worth 492.9 mln eur during the quarter , compared with 240.4 mln eur a year earlier .",2
the extracted filtrates are very high in clarity while the dried filter cakes meet required transport moisture limits tmlsfor their ore grades .,1
"the company s set of services include digital printing , printing preparation , offset-printing , after-treatment services and send out services .",1
"professional and consumer applications include personal navigation , personal safety , field and workflow management , and asset tracking .",1
"operating profit of operations in finland in the period under review totaled eur 11.3 mn , remaining at the 2005 level .",1
affectogenimap builds highly customised it solutions for its customers in finland and the baltic countries .,1
"adp news  - feb 12 , 2009 - finnish construction company lemminkainen oyj  hel  lem1s  said today its net profit decreased to eur 63.5 million  usd 81.1 m  for 2008 from eur 80.6 million for 2007 .",0
"additionally , the company will use the solutions to automate the preparation of financial statements according to ifrs standard .",1
the value of the firm s forestry holdings increased by sek 3.6 bn .,2
"vaisala s present weather detector measures visibility up to 20 km , as well as precipitation type and intensity .",1
"changes being announced today will be effective after the close of trading on friday , june 19 , 2009 .",1
the mill is concentrating on getting the supercalendered line running satisfactorily before restarting its older newsprint line .,1
the pretax profit of the group s life insurance business increased to eur36m from eur27m .,2
cameco typically prices sales contracts using a 4060 ratio of fixed prices and spot prices .,1
"honkarakenne also decided yesterday to sell 88,500 of its b-series shares to key staff members for eur 2.90 per share .",1
"metso expects its net sales to increase by about 10 % in 2008 , at comparable exchange rates .",2
the transaction is expected to be finalized by dec 2009 .,1
"finnish talentum reports its operating profit increased to eur 20.5 mn in 2005 from eur 9.3 mn in 2004 , and net sales totaled eur 103.3 mn , up from eur 96.4 mn .",2
down to eur5 .9 m h1 09 3 august 2009 - finnish media group ilkka-yhtyma oyj  hel  ilk2s  said today its net profit fell 45 % on the year to eur5 .9 m in the first half of 2009 .,0
"the scheme for teliasonera and altimo is practically identical , except that it involves the merger of their stakes in vimpelcom and kyivstar .",1
completion of the transaction is subject to a final agreement and a due diligence process .,1
"raute , headquartered in nastola , finland , is a technology company serving the wood products industry worldwide .",1
"the ebrd is using its own funds to provide a 21.6 mln a loan while the b portion of 10 mln euros has been syndicated to two finnish commercial banks , nordea bank finland plc 7.7 mln euros and pohjola bank plc 2.3 mln euros .",1
n-viro operates processing facilities independently as well as in partnership with municipalities .,1
"the chain posted sales of 298 million euros for full 2005 , a rise of 19.5 percent , year-on-year .",2
"helsinki afx - salcomp , the mobile phone charger manufacturer , said it has appointed markku hangasjarvi as its new ceo , following the resignation of mats eriksson .",1
"basware s product sales grew strongly in the financial period , by 24 percent .",2
the department store division reported an increase in sales of 4 per cent .,2
"as with other stakeholders , comptel has been involved in the workshops , meetings and filed comments on the issues of greatest importance to the competitive sector of our industry .",1
"of these shares 29,659,239 are held by the company or its group companies and the number of outstanding shares and voting rights attached to the shares thus amounts to 322,705,218 .",1
"finnish it solutions provider affecto oyj hel  afe1v said today its slipped to a net loss of eur 115,000 usd 152,000 in the second quarter of 2010 from a profit of eur 845,000 in the corresponding period a year earlier .",0
"consisting of seven interconnected units , mega image s logistics center will be 347 metres in length and 12 metres in height .",1
the name of the newspaper publishing and printing division sanoma will be changed to sanoma news .,1
the operating margin came down to 2.4 % from 5.7 % .,0
"its product portfolio comprises harvesters , forwarders , harvester heads , as well as cranes and loaders .",1
"according to gallup food and farm facts , beef consumption totaled 99mn kilos in finland in 2007 .",1
"finnish scanfil , a systems supplier and contract manufacturer to the communications sector and the electronics industry , reports its net sales totalled eur 94.7 mn in the first half of 2010 , down from eur 99.5 mn in the first half of 2009 .",0
analysts surveyed by thomson financial expected revenue of $ 69 million for the quarter .,1
"net sales rose by 25.5 % year-on-year to eur59 .6 m , as the number of chargers delivered went up by 41 % to 65.9 million pieces .",2
"the five-storey , eco-efficient building will have a gross floor area of about 15,000 sq m. it will also include apartments .",1
the issues identified by stonesoft affect a range of content inspection technology .,1
"in the first nine months of 2010 , the company s net loss narrowed to eur415 ,000 from eur7 .4 m for the corresponding period of 2009 .",2
"upm-kymmene www.upm-kymmene.com produces magazine papers and newsprint , as well as fine and specialty papers , converting materials and wood products .",1
finnish glass technology company glaston oyj abp net profit decreased to 2.6 mln euro  $ 3.8 mln  for the first nine months of 2007 from 7.8 mln euro  $ 11.4 mln  for the same period of 2006 .,0
a survey conducted by taloustutkimus for sampo life shows that companies are badly prepared to losing key staff members .,0
why not subscribe to the magazine,1
operating profit rose to eur 1.6 mn from eur 1.1 mn in the corresponding period in 2006 .,2
the company turned to earnings per share  eps  of eur 0.03 versus loss per share of eur 0.01 .,2
"if honkarakenne starts production there , it will need a partner for sawmill operations .",1
the closing of such transaction took place today .,1
"olvi , which controls a 94 percent stake in ragutis through a. le coq , said in its annual report published earlier this year that the lithuanian brewery s sales reached 15.04 million euros last year , a rise of 20.4 percent from 12.49 million euros in 2004 .",2
below are unaudited consolidated results for aspocomp group under ifrs reporting standards .,1
this amount will not be included in the pensionable salary .,1
"finnish metso paper has been awarded a contract for the rebuild of sabah forest industries   sfi  pulp mill in sabah , malaysia .",2
pretax loss totaled eur 117mn compared to a loss of eur 65mn in the corresponding period .,0
"capman , an asset manager , has eur 3bn worth of assets under management in the nordic region .",1
"revenue was slightly down , at x20ac 495 million $ 634 million , compared to x20ac 497 million a year earlier .",0
"previously , the plant was expected to be completed by the end of 2008 .",1
m-real s sales are expected to have increased by 4 % year-on-year to eur609m in the second quarter of 2010 .,2
"the steelmaker said that the drop in profit was explained by the continuing economic uncertainty , mixed with the current drought in bank lending , resulting in a decline in demand for its products as customers find it increasingly difficult to fund operations .",0
"thus the group s balance sheet will have about eur 25.8 million of goodwill , the company added .",1
"operating profit was eur 9.8 mn , compared to a loss of eur 12.7 mn in the corresponding period in 2009 .",2
finnish investment company neomarkka is the main owner of kuitu finland s successor .,1
"the company said that the operations will be sold to a newly established company , cps gmbh , where the present management of the plastics business is a co-owner .",1
"the broker started upm-kymmene , stora enso and sappi with  equal-weight  recommendations and holmen and norske skog with  underweight  ratings .",1
"for example , net sales increased by 5.9 % from the first quarter , and ebitda increased from a negative eur 0.2 mn in the first quarter of 2009 .",2
"sponda is a property investment company , specialising in commercial properties in the largest cities in finland and russia .",1
"operating profit totalled eur 7.0 mn , up from a loss of eur 4.0 mn in the second quarter of 2009 .",2
"the firm s uk head office is in rugby road , lutterworth .",1
"utah s capital wanted to be the next u.s. headquarters of amer sports corp. , a ski-equipment company .",1
"salcomp s charger manufacturing plant in india is located in the nokia telecom park in the state of tamil nadu , in the eastern part of india .",1
"adp news  - oct 29 , 2008 - finnish lifting equipment maker konecranes oyj  omx  kcr1v  said today that its net profit rose to eur 116.6 million  usd 149.1 m  in the first nine months of 2008 from eur 73.6 million for the s",2
"financial statements include the consolidated financial statements of the group , the board of directors  report , the auditors  report and the corporate governance statement .",1
altogether 150 subjects with mildly elevated cholesterol levels participated in the four-month long intervention .,1
operating profit rose from eur 1.94 mn to eur 2.45 mn .,2
"the world s second largest stainless steel maker said net profit in the three-month period until dec. 31 surged to euro603 million us$ 781 million , or euro3 .33 us$ 4.31 per share , from euro172 million , or euro0 .94 per share , the previous year .",2
"thus the method will cut working costs , and will fasten the planning and building processes .",2
"finnish steel maker rautaruukki oyj  ruukki  said on july 7 , 2008 that it won a 9.0 mln euro  $ 14.1 mln  contract to supply and install steel superstructures for partihallsforbindelsen bridge project in gothenburg , western sweden .",2
"the marubeni group focuses on creating  value chain  from upstream to downstream , encompassing a wide variety of business fields , including oil  gas , metals , mineral resources , foods , pulp  paper and chemicals , among others .",1
negotiations with representatives of the personnel regarding the restructuring process have now been ended .,1
no financial details of the deployment were disclosed .,1
"financial , strategic and operational factors are considered .",1
"name of applicant  jot automation oyname of inventor  mammila tuomo , piirainen mika and kellokoski mikaapplication no.  2424-kolnp-2008 adate of filing of application  16-06-2008publication date  30012009",1
"however , the net sales declined to eur 803.6 million from eur 1.2 billion .",0
finnish laboratory liquid handling and diagnostic test systems developer biohit oyj omx helsinki  biobv issued on tuesday 3 june a profit warning for the financial year 2008 .,0
"the company said that currently the french distribution unit ragot is located in loudeac , normandy , the distribution unit waterqueen and line supplier tortue in saint marcel in mid-france and the hook manufacturing unit vmc and hook distribution unit vmc europe in morvillars .",1
"deliveries of nokia 1112 , nokia 2310 and nokia 2610 are expected to start in the second quarter of 2006 .",1
the business to be divested generates consolidated net sales of eur 60 million annually and currently has some 640 employees .,1
"for 2009 , net profit was eur3m and the company paid a dividend of eur1 .30 apiece .",1
after 1 april 2007 cencorp will not have any own employees in the territory .,1
"prothious engineering  www.prothious.com  employs more than 1,000 and has a large portfolio of projects and an annual detailing capacity of more than 100,000 tonnes .",1
ebit excluding non-recurring items was estimated to increase from 2009 .,2
"previously , the company anticipated its operating profit to improve over the same period .",2
"the negotiations concern personnel of cencorp corporation and singulase oy as whole in finland and in sweden , the company said .",1
"stora enso s business in north america has annual capacity of about 3 million tons and employs about 4,350 people .",1
"the equipment will be made at vaahto s plant in hollola in finland , and delivery is scheduled for the first quarter of 2009 .",1
rsa s shares closed at 156.9 p at the time of going to press .,1
"profit for the period was eur 10.9 mn , down from eur 14.3 mn in 2009 .",0
"both operating profit and turnover for the nine-month period increased , respectively from eur2 .4 m and eur43 .8 m , as compared to the corresponding period a year ago .",2
"in total , more than 3000 surveillance cameras will be handled and managed according to a variety of needs , the company said .",1
"in food trade , sales amounted to eur320 .1 m , a decline of 1.1 % .",0
"suominen corporation estimates that the cost-cutting program that started in autumn 2005 , higher sales prices , and expected growth in volume of wet wipes , will make the company s operations more profitable .",2
"due to rapid expansion , the market share of tallink in terms of passenger carriage through tallinna sadam port of tallinn totaled 55 percent in november against 45.7 percent in november 2005 .",2
scanfil issued a profit warning on 10 april 2006 .,0
"nokia shares hit 13.21 euros on friday , down 50 percent from the start of the year in part because of the slow introduction of touch-screen models .",0
"currently , the company uses eight similar reach stackers and four empty container handlers by konecranes .",1
"cardona slowed her vehicle , turned around and returned to the intersection , where she called 911 .",1
the acquisition will have an immediate positive impact on aspocomp s financial result .,2
"the redesigned crushing circuit has been in operation since the start of september and its overall production rate on a weekly basis is in excess of an average of 40,000 tonnes a day .",1
kone shares dropped 4.1 percent to x20ac 43 us$ 55.77 in helsinki .,0
"the dividend is payable on february 1 , 2010 to shareholders of record on january 19 , 2010 .",1
the appointments will be in force until the new ceo has been appointed .,1
"fiskars is also engaged in the global supply of marine and energy equipment solutions and services through its associated company , wartsila corporation .",1
"nevertheless , its market share rose to 49.14 percent from 48.51 percent a year earlier .",2
"the copying , republication or redistribution of afx news content , including by framing or similar means , is expressly prohibited without the prior written consent of afx news .",1
finnish-swedish tietoenator is expanding its business quickly in russia .,2
elcoteq expects its net sales for the last quarter of 2010 to be on the level of the third quarter .,1
"profit per share was eur 1.03 , up from eur 0.87 .",2
the bank sees a potential for getinge share to rise .,2
finnish media group talentum has issued a profit warning .,0
microsoft last week also issued the first patch for the windows 7 operating system beta it had released days earlier .,1
the bank is also examining the benefits of transferring the swedish business to operate as a branch office so that the operations would be governed by finland s laws .,1
"leed is an internationally recognized green building certification system , developed by the u.s. green building council .",1
"ssh communications security corporation is headquartered in helsinki , finland .",1
"the result will also be burdened by increased fixed costs associated with operations in china , and restructuring costs in japan .",0
the value of the contracts is about eur 3.3 mn .,1
"managing director s comments   net sales for the first quarter were notably lower than a year before , especially in finland , russia and the baltic countries .",0
directors and shareholders alike should ask why these practices were allowed to continue .,1
"in the second quarter of 2010 , the group s net profit rose to eur3 .1 m from eur2 .5 m in april-june 2009 .",2
"in the first quarter of 2010 , the mark-to-market result was a pretax profit of eur 133 million versus a loss of eur 32 million in the same period last year .",2
"sales in latin america increased by 42 % to eur 432mn , and a total of 8.7 mn mobile devices were sold in the area , representing an increase of 32 % from the corresponding period in 2009 .",2
the front surfaces of these valve plates are directed towards each other .,1
"the company said that 80 % of the shares of the holding company will be sold to meadville holdings limited , a hong kong listed parent company of the meadville group .",1
"net profit in the three months through march 31 fell to  x20ac  103 million  us$ 165 million  from  x20ac  131 million a year earlier , the finnish company said .",0
rapala aims to move the distribution unit ragot from loudeac in bretagne and the distribution unit waterqueen and the fishing line supplier tortue from saint marcel in central france to morvillars .,1
sanoma news  advertising sales decreased by 22 % during the year .,0
"foundries division reports its sales increased by 9.7 % to eur 63.1 mn from eur 57.5 mn in the corresponding period in 2006 , and sales of the machine shop division increased by 16.4 % to eur 41.2 mn from eur 35.4 mn in the corresponding period in 2006 .",2
an earn-out payment of up to 4.0 mln euro  $ 5.3 mln  can also be paid depending on intellibis financial performance in 2007 .,1
"the maximum amount of the capital loan will be eur30m and the minimum subscription -- eur10 ,000 .",1
the share subscription period for stock options 2007a is between 1 april 2010 and 31 march 2012 .,1
coffee will be served starting at 1430 eet as well as after the event .,1
"however , the orders received during the period under review fell by 17 % quarter-on-quarter from the eur 213 million recorded in the second quarter of 2010 .",0
"vaahto pulp  paper , of finnish vaahto group , has been awarded an order to renovate finnish-swedish forest industry company stora enso s paperboard machine at the ingerois board mill in finland .",2
"the baltimore police and fire pension , which has about $ 1.5 billion , lost about $ 3.5 million in madoff ponzi scheme .",0
"talentum expects that the net sales of its core business will increase in 2008 , compared to 2007 .",2
"over the years , the color orange has become synonymous with quality .",1
"finnish silicon wafer technology company okmetic oyj omx helsinki  okm1v reported on thursday 30 october an operating profit of eur7 .4 m for january-september 2008 , up from eur6 .1 m in the corresponding period in 2007 .",2
the combined value of the orders is eur 45mn .,1
"cents the profile contains business operations , the company history , major products and services , prospects , key competitors , structure and key employees , locations and subsidiaries .",1
they want my credit card info and my personal details .,1
her present position is the director of stockmann s international department stores .,1
this wood lacquered clock comes with a stripy hand-crocheted cover .,1
the elcoteq group recently announced that the last three months of the previous year brought to it a major loss of more than half a billion kroons  eur 32 mln  for the fifth quarter running .,0
the exercise price of the option will be based on safran software solutions  license and maintenance sales as well as the result of the company .,1
"in addition , cramo and peab have signed exclusive five-year rental agreements in finland and have extended their existing rental agreements in the swedish market for another five years .",2
"adpnews  - may 4 , 2010 - finnish cutlery and hand tools maker fiskars oyj abp  hel  fisas  said today its net profit declined to eur 12.9 million  usd 17m  in the first quarter of 2010 from eur 17 million in the correspond",0
"mn , and pretax profit to eur 46.4 mn from eur 35.8 mn in the third quarter of 2006 .",2
the value of the order is nearly eur400m .,1
"net sales of finnish sanoma learning  literature , of finnish media group sanoma , decreased by 3.6 % in january-june 2009 totalling eur 162.8 mn , down from eur 168.8 mn in the corresponding period in 2008 .",0
finnish consumer packaging manufacturer huhtamaki oyj said it swung to a net profit of 84.1 mln euro $ 105.6 mln in the first nine months of 2006 from a net loss of 2.6 mln euro $ 3.3 mln in the same period of 2005 .,2
"however , the proportion of the paid standing orders grew in 2009 .",2
"561,470 new shares under 2003 option rights plan packaging company huhtamaki oyj reported on monday that a total of 561,470 new shares of the company have been issued based on share subscriptions under its 2003 option rights plan .",1
the value of the contract is about eur 27mn .,1
"following the demerger , the vice president of the group s pharmaceutical trade in finland , jukka niemi , will be appointed managing director of oriola in addition to his current responsibilities .",1
"the number of class a shares remains unchanged at 9,526,089 shares .",1
"at first , solteq s services to companies operating in the st. petersburg area will include maintenance and material management systems and data collection solutions .",1
the company has 120 employees and annual sales of approximately eur16m .,1
"apartments of yit home may be purchased in 5 regions of russia , where yit subsidiaries carry out their activities  moscow and moscow region , st. petersburg , ekaterinburg , kazan and rostov-on-don .",1
we offer our customers solutions based on renewable raw materials .,1
"the connectivity unit has more than 100 e-invoice customers , and the number of annual transactions stands at nearly one million .",1
"operating profit totaled eur 3.8 mn , down from eur 4.5 mn in the corresponding period in 2005 .",0
"the company offers payroll services , including payroll processing , payroll tax administration , and employee pay services , including direct deposit , check signing , and readychex .",1
"operating profit was eur 0.6 mn , up from a loss of eur 19mn a year earlier .",2
"method and system for controlling a hard disk drive using a multimediacard physical interface  was invented by marko ahvenainen ruutana , finland .",1
vaisala s net profit for the third quarter of 2007 dropped to 3.0 mln euro  $ 4.3 mln  from 6.8 mln euro  $ 9.8 mln  for the same period of 2006 .,0
each share is entitled to one vote .,1
"the whitehall street real estate funds invest in real estate and real estate related assets , principally through the acquisition of real estate companies , real property and mortgage loans .",1
"ruukki s delivery volumes and selling prices showed favourable development and the company s comparable net sales grew by 50 % year-on-year to eur647m , ceo sakari tamminen said .",2
"the bond , with a maturity of five years , is part of the bank s domestic bond program .",1
"as a result , the company currently anticipates net sales to increase and the operating result to be positive .",2
"rockwell collins is a provider of flight deck , cabin and information management solutions for business aircraft operators .",1
panostaja did not disclose the purchase price .,1
tielinja generated net sales of 7.5 mln euro $ 9.6 mln in 2005 .,1
talvivaara mining company plc talvivaara mining company is an internationally significant base metals producer with its primary focus on nickel and zinc using a technology known as bioheapleaching to extract metals out of ore .,1
"the company can not give up palm oil altogether , however .",1
the group s 12-month operating profit grew 31 percent to 337.8 million euros .,2
"the stena poseidon is a so-called panamax tanker , designed to be able to pass through the narrow passages in the panama canal s locks .",1
finnish bank of +àland will launch its long-term pension savings account at the beginning of june 2010 .,1
"net interest income was eur 152.2 mn , up from eur 101.0 mn in 2008 .",2
"26 january 2011 - finnish metal products company componenta oyj  hel  cth1v  said yesterday its net loss narrowed to eur500 ,000 in the last quarter of 2010 from eur5 .3 m for the same period a year earlier .",2
"ahlstrom s 5,700 employees serve customers via sales offices and production facilities in more than 20 countries on six continents .",1
"london s leading shares today jumped almost 100 points , or 1.7 % , as the market opened .",2
reported operating margin was a negative 5.9 % .,0
ixonos will finance the acquisition through a 3.8 mln euro $ 5.2 mln loan .,1
"eero katajavuori , currently group vice president , human resources , will take a year-long sabbatical starting from october 1 , 2010 .",1
"ebit excluding non-recurring items , totalled eur 67.8 mn , up from eur 38.1 mn .",2
"finnish lifting equipment maker kone oyj said on october 4 , 2007 it won an order worth 15 mln euro $ 21.2 mln to deliver a total of 53 custom designed elevators to norwegian shipbuilder aker yards asa .",2
"as part of the reorganization , kauko-telko ltd will be divided into telko ltd , leipurin ltd , hamina terminal services ltd and kaukomarkkinat ltd. .",1
the terms and conditions of stock option scheme 2004 are available on the group s website .,1
"in the baltic countries , sales fell by 42.6 % .",0
technopolis has approximately 130 customer companies in jyvaskyla .,1
the company reiterates its outlook for 2009 .,1
"in addition , mids are always online and enable full internet browsing .",1
"france t+l+com spent more time studying teliasonera than other potential takeover targets because it has a shareholder that wants to sell , pellissier said .",1
"the development of the technological park , which will specialize in telecommunications and information technologies , is part of the state program for the formation of technoparks for hi-tech sectors in russia .",1
"finnish electronics contract manufacturer scanfil reports net sales of eur 241.2 mn in 2006 , down from eur 321.6 mn in 2005 .",0
"vaisala , headquartered in helsinki in finland , develops and manufactures electronic measurement systems for meteorology , environmental sciences , traffic and industry .",1
"in january-september 2009 , the group s net interest income increased to eur 112.4 mn from eur 74.3 mn in january-september 2008 .",2
"a data processing unit collects the data , calculates rvr values and provides the data to users via various interfaces .",1
"after the transaction , tikkurila has no powder coatings related operations .",1
"in providing managed services , nokia takes responsibility for building , operating and transferring as well as optimising the indosat 3g network .",1
operating profit for continuing operations fell to eur 48.3 mn from eur 72.4 mn in the first half of 2007 .,0
"in 2008 , the deal is likely to bring savings of eur 20mn-25mn .",2
"the group s turnover in 2006 was eur 39.2 million , and operating profit was eur 3.9 million .",1
customers in a wide range of industries use our stainless steel and services worldwide .,1
"advertising and circulation revenues grew by 3.4 % and by 0.4 % , respectively .",2
the company may at any time have in its possession one tenth of all its shares at the maximum .,1
"tiimari latvian representative ineta zaharova said that the company earned lvl 122,000 in 2005 profit , which is 20 times more that in 2004 .",2
"in finland , the bank of +àland reports its operating profit fell to eur 6.1 mn in the second quarter of 2008 from eur 7.5 mn in the second quarter of 2007 .",0
the issue came up in connection with discussion with local municipalities concerning the sale of water to industrial facilities .,1
"after the reporting period , biotie north american licensing partner somaxon pharmaceuticals announced positive results with nalmefene in a pilot phase 2 clinical trial for smoking cessation .",2
"water treatment products in australia today , global research  data services is going to publish a market analysis about the market for chemical water treatment products in australia .",1
castecka said the town hall would hold talks with other investors interested in the zone .,1
new novator products are supposed to be exported .,1
"fortum expects its annual capital expenditure in the next four to five years to be within a range of eur 0.8-1 .2 billion , as earlier announced .",1
the dividends payable annually shall be deducted from the share subscription price .,1
"sanoma learning  literature , offering print and digital learning materials , is present in eleven countries .",1
"the train is expected to cross the russian territory in 9 days , reaching the vostochny port .",1
"outotec s scope of delivery covers the engineering , supply of special equipment and services for a calcination plant with two circulating fluid bed calciners .",1
"in 2008 , kemira recorded revenue of approximately eur 2.8 billion and had a staff of 9,400 .",1
"the firm is headquartered in vantaa , southern finland and has 16 employees .",1
"when the product is manufactured in finland , it is also packed in the country .",1
the value of the orders is over eur 10mn .,1
"profit before taxes decreased by 9 % to eur 187.8 mn in the first nine months of 2008 , compared to eur 207.1 mn a year earlier .",0
"tecnomen , headquartered in espoo , finland , develops messaging and charging solutions for telecomms operators and service providers worldwide .",1
- cash flow from operating activities before investments was eur 7.6 million eur 2.5 million .,1
"result before taxes decreased to nearly eur 14.5 mn , compared to nearly eur 20mn in the previous accounting period .",0
the agreement includes application maintenance and support services .,1
"at this growth rate , paying off the national debt will be extremely painful .",0
the fair value of the company s investment properties grew to eur 2.803 billion at the end of march 2009 from eur 2.691 million a year ago .,2
"the finnish government announced wednesday that it sold a 32 percent stake in chemicals and fertilizer group kemira oyj for  x20ac  655.6 million  $ 890us million  , sending the company s share price up 6 percent .",2
"tikkurila powder coatings has some 50 employees at its four paint plants , which generated revenues of eur2 .4 m usd3 .3 m in 2010 .",1
construction volumes meanwhile grow at a rate of 10-15 percent annually .,2
earnings per share were higher at 0.48 against 0.37 a year before and ahead of market consensus of 0.40 eur .,2
"frost sold shares for $ 19 million at $ 6.06-7 .12 per share , compared with friday s high of $ 11.33 and low of $ 10.14 .",0
"metsa-botnia will finance the payment of dividends , the repayment of capital and the repurchase of its own shares with the funds deriving from its divestment of the uruguay operations , and shares in pohjolan voima , and by utilising its existing financing facilities .",1
"the changes will take effect on 1 january 2010 , and they are not estimated to have an impact on the number of employees .",1
net sales grew in the period to x20ac 402 million $ 585us million from x20ac 401 million in 2006 .,2
"the firm s services include copying , printing , cad-modelling , digital printing , scanning , sokopro project bank and courier services .",1
cramo slipped to a pretax loss of eur 6.7 million from a pretax profit of eur 58.9 million .,0
"jan. 6 -- ford is struggling in the face of slowing truck and suv sales and a surfeit of up-to-date , gotta-have cars .",0
"treatment products in usa , canada , mexico , australia and brazil today , global research  data services is going to publish several market analyses about the markets for water treatment products in some selected countries .",1
neste oil corporation refining operation asset summary report summary neste oil corporation refining operation assets summary report is an essential source for company data and information .,1
operating profit fell from eur 7.9 mn in the second quarter of 2005 to eur 5.1 mn in the second quarter of 2006 .,0
"in the first nine months of 2010 , the company s net loss narrowed to eur 415,000 from eur 7.4 million for the corresponding period of 2009 .",2
an audio webcast will be available live and archived on cerner s web site at www.cerner.com .,1
"okhta center area is expected to have about 700,000 square metres of office premises by 2016 .",1
"the order consists of outsourced application management , support and planning for tecnotree and third-party applications .",1
our aim is to understand different traffic patterns based on the use of each building .,1
the value of the order is eur 2.5 mn .,1
"according to pkc , the acquisition would bring a significant addition to pkc s customer base .",2
it therefore seems that finnish shipping company viking line will get the subsidy it needs to order its new lng-fuelled vessel .,2
"commission income decreased to eur 3.8 mn , compared to eur 4.6 mn in the third quarter of 2007 .",0
"the company , which makes garden tools , scissors and other consumer goods , said earnings were boosted by 6.9 mln eur of income it received from its 16.7 pct shareholding in finnish engineering group wartsila .",2
the original contract was signed last summer .,1
the identity of the buyer is not yet known .,1
"componenta has production lines for similar-sized products at karkkila in finland , at weert in the netherlands and at orhangazi in turkey , and these had a combined output of approximately 100,000 tonnes and net sales of eur 135 million in 2007 .",1
finnish raute precision that supplies weighing and dosing systems and plants is changing its name to lahti precision .,1
"with this acquisition the wireless modem unit and its approximately 1,100 employees were transferred to renesas electronics corporation .",1
"external net sales from the printing business fell by 43.7 % , partly due to the termination of the printing contract between ilkka-yhtyma s printing house i-print oy and sector player hss media ab in december 2009 and the fall in printing prices .",0
"the above mentioned shareholders will suggest that a monthly salary of eur 1,400 would be paid for the board members outside the company .",1
"digia will also set up two subsidiaries , digia norway as and digia usa inc. .",1
finnish bank of +àland reports its operating profit fell to eur 4.9 mn in the third quarter of 2007 from eur 5.6 mn in the third quarter of 2006 .,0
"the parties have agreed not to disclose the price of the deal , the group said in a press release .",1
"featuring the s60 user interface , this 135-gram model also comes with a 2.4-inch quarter vga display and 100 megabytes of internal memory , expandable through the micro secure digital slot .",1
"a meeting for the media and analysts will be held on the same day at 1030 a.m. at stonesoft headquarters in helsinki , italahdenkatu 22 a. the interim report will be presented by stonesoft s ceo ilkka hiidenheimo .",1
ponsse will divide its sales and maintenance service network into six geographical areas .,1
operating profit rose to eur2 .4 m from eur1 .6 m year earlier .,2
the company s model is based on developer contracting construction projects and customer focused project management .,1
sunrise resources operates in russian near-shore development markets through its wholly-owned russian subsidiary and has 80 % of its personnel in russia .,1
"glaston s share gla1v is listed on the nasdaq omx helsinki , mid cap list .",1
"manavigator-september 7 , 2010-kemira unveils indian jv with ivrcl finnish chemicals group kemira  hel  kra1v  on tuesday announced it has inked a deal to form a joint venture in india with local construction firm ivrcl infrastructure and projects ltd  bom 530773  .",2
the ship unloader is totally enclosed along the entire conveying line to the storage facilities .,1
the growth of net sales in the first half of 2008 has been 28 % compared with the first half of 2007 .,2
"october-december sales were 302 mln eur , or a 25.3 pct increase year on year .",2
"the rme from telcontar enables the handset to calculate the best route and includes support for user-defined routes , feature navigability and multi-modal routing such as via foot and ferry .",1
"finnish kemira s net sales eur decreased to eur 1,259.6 mn in january-june 2009 from eur 1,425.1 mn in january-june 2008 .",0
the measures taken will cause one-time costs during the final part of 2006 .,1
"trading in the new shares , which have right to dividends and other distributions of funds , will start on the exchange in helsinki tomorrow .",1
almost the entire office building will be occupied by metso .,1
"profit before taxes amounted to eur 56.5 mn , down from eur 232.9 mn a year ago .",0
"the polish business employs about 1,000 people , and it had net sales of about eur 70mn in 2007 .",1
jon risfelt is 49 years old holds a master of science in chemical engineering from the swedish royal institute of technology .,1
"- the group - s sales during the period were eur 31.6 million eur 36.6 million , 1-62007 and profit before taxes was eur 0.2 1.3 million .",1
21 october 2010 - finnish fishing tackle company rapala vmc corp  hel  rap1v  said today its net profit rose to eur18 .9 m for the first nine months of 2010 from eur15 .1 m for the same period a year earlier .,2
the combined value of the orders is almost eur 3mn .,1
"they can be used to control the speed of electric motors used by industry and municipal engineering , and in power generation using renewable energy .",1
exel is headquartered in mantyharju in finland .,1
"products include consumer electronics devices such as mobile phones and their accessories , set-top boxes , flat panel tvs as well as system solutions products such as infrastructure systems , modules and other industrial segment products .",1
the company did not disclose the price of the acquisition .,1
operating profit rose to eur 103.4 mn from eur 23.2 in the corresponding period in 2006 .,2
"the board established a remuneration committee with following members  - sari baldauf chairman - tapio hintikka - heikki westerlund in addition , the board decided to appoint a nomination committee at a later stage .",1
lemmink+ñinen started the manufacture of roofing felt in 1920 and the production of asphalt in the 1930s .,1
"finnish energy company fortum oyj said on november 13 , 2007 it was granted an environmental permit to build a biofuel-fired combined heat and power chp plant in vartan harbor in eastern stockholm .",2
"however , sales returned to growth in april-june 2010 , ceo pekka eloholma said .",2
turnover rose to eur21m from eur17m .,2
"based on the 2005 calendar year the combined company had eur15 .8 bn in pro forma annual revenues and is expected to start operations with 60,000 employees .",1
mr. kari stadigh will carry on as chairman of the board and mr. matti arteva as vice-chairman .,1
"investors will continue being interested in the company s share although it is not quite cheap , affarsvarlden said .",2
the plant is expected to start production in the first half of 2007 .,1
odell has not contacted the state of finland in this issue .,1
"mika stahlberg , vp f-secure labs , said ,  we are excited and proud that f-secure has been recognized by av-comparatives as the product of the year .",2
the original patent was filed in finland under application no. .,1
operating income rose to eur 696.4 mn from eur 600.3 mn in 2009 .,2
"itg s share in the deal is estimated at some 500,000 euro $ 627,000 .",1
"pre-tax profit totaled eur 397.4 mn , up from eur 164.7 mn .",2
in july it and quadriga capital sold their lewa gmbh pump-making business to japan s nikkiso co. .,1
"finnish shipping company finnlines  pretax loss totalled eur 6.5 mn in the third quarter of 2009 , compared to a profit of eur 0.3 mn in the third quarter of 2008 .",0
device volume in the area decreased by 21 % to 2.7 mn units .,0
"in his current position , manty has worked since 1996 .",1
total operating revenue grew by 27.6 % year-on-year to eur61m .,2
"participants at any of the book discussions or other special events , or visitors to the car dealership were eligible to enter the drawing for the 2005 silver , four-door altima .",1
"operating profit totalled eur 30.2 mn , down from eur 43.8 mn a year earlier .",0
"tietoenator was down 1.13 pct to 18.38 , extending recent lows after last week s second-quarter report , dealers said .",0
"the share capital of alma media corporation business id 1944757-4is eur 45,031,513.80 and it is divided into 75,052,523 shares .",1
"adp news - feb 13 , 2009 - finnish retailer kesko oyj hel  kesbv said today its total sales , excluding value added tax vat , stood at eur 661.3 million usd 853.1 m in january 2009 , down 15.2 % year-on-yea",0
"operating loss totaled eur 0.8 mn , compared to a profit of eur 0.5 mn .",0
"the company s plant in russia will continue to make tyres for its near markets , while the plant in nokia in finland will manufacture tyres for other markets .",1
the share of the share capital of both above mentioned shareholders remains below 5 % .,1
finnlines will announce in week 17 of 2006 what measures it will take to tackle the situation .,1
"when dialing in , the participants should quote 877417 as conference id .",1
its market share widened to 48.51 percent from 48.31 percent a year earlier .,2
"fiskars , a 360-year-old global business best known for its orange-handled scissors , expects to derive synergies of eur5 million a year by consolidating certain parts of the housewares division where the two compete .",2
"the 3c expo is a signature show in dongguan , which is supported by the dongguan municipal government every year , featuring computer accessories , software , communication and network products .",1
earnings per share eps amounted to eur0 .01 .,1
payment of shares shall be effected on subscription .,1
the acquisition sum has not been disclosed .,1
"in 2006 , 452 million tonnes co2 of eua  eu allowance  emissions credit in eu  was traded with an underlying market value approx .",1
connectivity services include outsourced scan and capture which transfers paper invoices into electronic format and basware business transactions service enables the customer to receive and send invoices in an electronic format .,1
mr skogster currently serves as the manager responsible for abb oy s system modules for low voltage drives .,1
danske bank is denmark s largest bank with 3.5 million customers .,1
"at the beginning of the subscription period on may 2 , 2006 the share subscription price under b option right is eur 10.22 per share .",1
operating profit fell to eur 6.2 mn from eur 8.5 mn in the third quarter of 2007 .,0
"the helsinki-based company , which also owns the salomon , atomic and suunto brands , said net profit rose 15 percent in the three months through dec. 31 to  x20ac  47 million  $ 61us million  , from  x20ac  40.8 million a year earlier .",2
short-term licenses for the games cost as little as $ 3 while purchasing a game outright can cost as much as $ 10 or $ 15 .,1
"capman has six investment areas capman buyout , capman technology , capman life science , capman russia , capman public market and capman real estate , and each of them has a dedicated team and funds .",1
"we succeeded in increasing our market share of sold apartment  , comments mr kari kauniskangas , head of yit international construction services .",2
"publishing sweden s operating loss was eur 1.1 mn in q1 of 2009 , compared to a profit of eur 0.6 mn a year ago .",0
exports grew 16.5 percent to 19.1 million liters .,2
the company reported today an operating loss of eur0 .1 m on net sales of eur4 .5 m for the first quarter 2008 .,0
"eqt has completed its exit from salcomp , a finnish company that makes mobile phone chargers , by selling its remaining stake to swedish investment group nordstjernan for about  euro  35 million  $ 47 million  .",1
"operating profit totalled eur 1.22 mn , down from eur 3.56 mn in the first quarter of 2008 .",0
"however , the company saw its net profit for the third quarter down to eur 1.4 million from eur 1.5 million for the corresponding period of 2009 .",0
"in the sinter plant , limestone and coke breeze are mixed with the iron ore concentrate and sintered into lump form or sinter for use in the blast furnaces as a raw material for iron-making .",1
what we think,1
the ongoing project where tekla structures is being used is the vashi exhibition centre being developed by insteel engineers pvt ltd-iivrcl infrastructures  projects ltd  cidco .,1
"samsung currently occupies third place and lost ground during the quarter , dropping by 1.8 % to an 11.1 % share overall .",0
"sdm offers general rental equipment , aluminium scaffolding , power generator and hoists to customers in the construction sector .",1
it is hand-painted resin with real 14-0 trebles and is 75cm long by 25cm deep from top to bottom of the middle hook .,1
at capman haavisto will be responsible for group finances and accounting and it .,1
"these include software development for internet and mobile telephone content , communications , value-added software , financial services , security applications , systems integration and electronics .",1
finnish outokumpu technology has been awarded several new grinding technology contracts .,2
"the total investment necessary will be eur40m , the company estimated .",1
"efficiency improvement measures 20 january 2010 - finnish stationery and gift retailer tiimari hel  tii1v said today that it will continue to improve its operational efficiency , by focusing on its profitable core operations .",2
"the market making in accordance with the agreement will begin on september 24 , 2009 .",1
"paychex has more than 100 offices serving approximately 554,000 payroll clients nationwide as of may 31 , 2009 .",1
"finnish kemira group s ceo , lasse kurkilahti , says the group s structural reorganisation will continue for at least a year .",1
"progress group , qpr s representative in saudi arabia and north africa , has signed a framework agreement for a long term strategic relationship with ise .",2
"the group intends to relocate warehouse and office space in loudeac and saint marcel to morvillars , in the east of the country , where it already operates a hook manufacturing and distribution unit .",1
the properties were purchased from swedish private equity real estate firm niam and goldman sachs  whitehall street real estate funds .,1
finnlines has six ships under construction in china with deliveries scheduled between the first quarter of 2011 and the final quarter of 2012 .,1
"the disposal of autotank will also strengthen aspo s capital structure ,  commented gustav nyberg , ceo of aspo .",2
abn  59 087 901 620 now represent 5.10 % of the voting rights and share capital of citycon oyj .,1
"previously , grimaldi held a 46.43 pct stake in the finnish company following the takeover bid launched in november 2006 .",1
the contract has been allotted as per lowest price criteria .,1
"operating margin , however , slipped to 14.4 % from 15.1 % , dragged down by a poor performance in enterprise solutions .",0
first quarter underlying operating profit rose to 41 mln eur from 33 mln a year earlier .,2
23 april 2010 - finnish construction and engineering company outotec oyj hel  ote1v said today it slipped to a net loss of eur7 .3 m in the first quarter of 2010 from a net profit of eur12 .5 m in the corresponding period last year .,0
operating result including non-recurring items rose to eur 146mn from a loss of eur 267mn in 2009 .,2
in 2007 etteplan reported a turnover of eur125 .2 m.,1
"construction work on the helsinki music centre is to start this autumn , with the total cost of the project estimated at 140 million euros .",1
"in middle east  north africa , tecnotree has grown considerably in the recent years .",2
satama and trainers  house will remain as names and independent brands of the business areas .,1
"fl group s private equity division manages all operating companies , including icelandair group , fl travel group , bluebird and sterling .",1
halonen s office acknowledged receiving the letter but declined comment .,1
"nordstjernan will make the offer in approximately one month , in september 2007 .",1
"finnish software developer basware oyj said on november 30 , 2006 its u.s. subsidiary basware , inc. won an order to provide software for contract lifecycle management to an unnamed u.s. medical technology company .",2
aker yards finland will begin using chinese subcontractors at its finnish shipyards .,1
"the mall is part of the baltic pearl development project in the city of st petersburg , where baltic pearl cjsc , a subsidiary of shanghai foreign joint investment company , is developing homes for 35,000 people .",1
"1 p.m. central office of nordea bank 19 3-ya ulitsa yamskogo polya , building 1 telephone  495 777-34-77 ext. 3932 , 3931 03.02.2011 unimilk - egm 03-04 .02.2011 xvi international business-summit food business russia 2011 will take place .",1
the purchase sum is about eur 10mn us$ 12.97 mn .,1
finnish metal components supplier componenta oyj said its net profit went up to 3.5 mln euro $ 4.5 mln in 2006 from 2.2 mln euro $ 2.8 mln in 2005 .,2
"tekla provides 3d software for building and infrastructure engineering , with a focus on building information modelling of steel and concrete structures from design to construction .",1
"4 february 2011 - finnish broadband data communication systems provider teleste oyj hel  tlt1v said wednesday its net profit rocketed to eur4 .8 m in 2010 from eur416 ,000 in 2009 and it lifted its dividend proposal .",2
"aug. 17 , 2010  curbed delivered by newstex  -- and now , the latest from racked , covering shopping and retail from the sidewalks up .",1
"finnish plumbing and heating systems supplier uponor s net sales in continuing business operations decreased to eur 249.1 mn in july-september 2008 , compared to eur 262.1 mn in the third quarter of 2007 .",0
the met is located in the central business district  cbd  of bangkok .,1
"says brian burton , head of it security , vodafone uk .",1
"the contract also includes cutting and edging wagon parts at ruukki s steel service centres in seinajoki and raahe , both in southwestern finland , from where they will be delivered to vr for welding and assembly .",1
- net sales for the period are expected to fall well below that of last year and the result after non-recurring items is expected to be in the red .,0
"goodwill and other intangible assets account for some 2.0 mln euro  $ 2.6 mln  of the purchase price , 20 pct of which payable in aspo shares .",1
"the platen edges in contact with the band are provided with a seal having a protrusion directed towards the middle area of the platen , and means are provided to exert and maintain a pressure in the volume defined by the platen , the band and the seal .",1
"the industry is coming to an interesting fork in the road as both handset manufacturers and wireless carriers attempt to serve as the portal for web-based service to your wireless handset ,  he wrote .",1
sanoma magazines international will invite other shareholders holding approximately 15 % of the shares to sell their shares .,1
the actions are expected to deliver annual cost savings of some eur15-20m .,2
the sellers were eoss innovationsmanagement and a group of private individuals .,1
bovine slaughtering and cutting at the kuopio facility will be transferred to the kauhajoki slaughterhouse .,1
in q1 2010 18 may 2010 - finnish electrical components maker salcomp oy  hel  sal1v  said today it turned to a net profit of eur1 .6 m in the first quarter of 2010 versus a loss of eur2m in the corresponding period last year .,2
"depending on the market situation , such projects are sold after 1 to 3 years after completion .",1
"the inventors are ridge justin , bao yiliang and karczewicz marta .",1
"the port facilities  throughput is 250,000 teus and 7.5 mln tons of general cargo .",1
operating profit fell to eur 20.3 mn from eur 74.2 mn in the second quarter of 2008 .,0
valga lihatoostus markets its products under the maks  moorits trademark .,1
"finnish sampo-rosenlew manufactures approximately seven forest machines monthly , and about half of machines are exported .",1
teleste was set up in 1954 and is divided into broadband cable networks and video networks business areas .,1
also the development of online businesses will continue .,1
"according to sweden s minister for local government and financial markets , mats odell , the decision to sell the state s shares in telecom group teliasonera can only be carried out in cooperation with the state of finland .",1
"founded in 1923 , finnair is one of the world s oldest airlines and flies to 60 destinations with a fleet of 63 aircraft , employing 9,500 people .",1
"sanoma also has an executive committee , in accordance with the company s articles of association , that prepares proposals for matters to be decided or noted by the board of directors .",1
"a helsinki  eliiv today reported eps of eur1 .13 for 2009 , an increase over eps of eur1 .12 in 2008 .",2
"the final price will be specified by 14 may 2010 , the acquiring company said .",1
marimekko group s full-year net sales are estimated to increase by about 10 % .,2
"tikkurila , a division of kemira group , controls about 23 % of the russian market in its field and owns st. petersburg paint producer tex. .",1
"for the first nine months of 2010 , talvivaara s net loss narrowed to eur 8.3 million from eur 21.9 million for the same period of 2009 .",2
this will bring cost savings of about eur 3mn a year .,2
uponor improved its performance in spite of the decrease in residential construction in the us .,2
diluted earnings per share  eps  stood at eur 0.25 versus eur 0.42 .,0
"in the method the smelt spouts 2 are separated from the working area 6 by a shielding wall 8 , 10 arranged movable in relation to the smelt spouts .",1
"sanoma is a buyer not a target ,  he said .",1
"the business units of the investlesprom group cover the full forest industry chain , and the group owns forests , sawmills , paper and pulp mills , and other processing plants .",1
the deal is subject to approval by the norwegian competition authorities .,1
their offering also covers localisation services related to production transfer to the finnish company s customers that already have production in asian market or have made the decision to transfer production there .,1
glaston s net profit for the third quarter of 2007 dropped to 2.4 mln euro  $ 3.5 mln  from 3.5 mln euro  $ 5.1 mln  for the corresponding period of 2006 .,0
"both operating profit and net sales for the three-month period increased , respectively from eur16 .0 m and eur139m , as compared to the corresponding quarter in 2006 .",2
"the board machine , which will have a wire width of 6.25 m and a design speed of 900 m-min , will produce close to 1,400 tonnes of folding boxboard per day .",1
scanfil has also issued a profit warning .,0
in the meantime the ceo s duties will be assumed by outotec s deputy ceo seppo rantakari .,1
shares will be acquired in accordance with section 5 of the rules of nasdaq omx helsinki and other rules applicable to the acquisition of own shares .,1
"in the baltic countries , sales fell by 40.2 % , and in russia , by 23.2 % in terms of euros , and by 10.7 % in terms of local currency .",0
the number of customers is one of the most important parameters in determining the price of electricity networks .,1
no changes in media activity were seen in october compared with september .,1
the expanded company will continue to be called newpage .,1
"the number of collection errors fell considerably , and operations speeded up .",2
"adjustment to the fall in price level , in contrast , has been less effective .",0
aspo has also investigated the sales opportunities of kaukomarkkinat s electronics business .,1
london marketwatch -- nokia nok said it s won a five-year services contract to run hutchison essar s network operations in nine locations in india .,2
profit before taxes decreased to eur 31.6 mn from eur 50.0 mn the year before .,0
revenue in the quarter fell 8 percent to  euro  2.4 billion compared to a year earlier .,0
the loss for the third quarter of 2007 was eur 0.3 mn smaller than the loss of the second quarter of 2007 .,2
"complete name of shareholder  otto henrik bernhard nyberg for further information , please contact maija-liisa friman , ceo , tel. +358 9 7597 0711 .",1
finnair s total traffic decreased by 8.7 % in terms of revenue passenger kilometres .,0
"in december alone , the members of the lithuanian brewers  association sold a total of 20.3 million liters of beer , an increase of 1.9 percent from the sales of 19.92 million liters in december 2004 .",2
with this appointment kaupthing bank aims to further co-ordinate capital markets activities within the group and to improve the overall service to clients .,2
"nordea s definitely too big for sampo to acquire ,  said an analyst  but sampo would appear to have an agenda for nordea ahead of the privatisation .",1
"according to gran , the company has no plans to move all production to russia , although that is where the company is growing .",1
the net sales of the whole fiscal year 2008 will be lower than in 2007 and operating profit is estimated to be negative .,0
"earlier today , geberit s finnish rival uponor oyj cut its full-year sales growth forecast to 6 pct from 10 pct , blaming tough conditions in germany and the us , as well as currency factors .",0
"she will succeed krister kylas , who has decided to leave teliasonera .",1
"helsinki  afx  - nokian tyres reported a fourth quarter pretax profit of 61.5 mln eur , up from 48.6 mln on the back of strong sales .",2
the contract is worth some eur 1 million .,1
the transaction included also the transfer of the lease agreement concerning manufacturing premises and employment agreements related to these operations .,1
"in lithuania , operating profit rose to eur 190,000 from eur 70,000 in the corresponding period in 2005 .",2
"changes in the market situation and tougher price competition have substantially reduced demand for bread packaging manufactured at the kauhava plant , according to the company .",0
we could be there .,1
the transaction is expected to be completed next spring .,1
"finnish financial software solutions developer basware oyj said its net profit fell to 884,000 euro  $ 1.2 mln  for the first quarter of 2007 from 2.0 mln euro  $ 2.7 mln  a year earlier .",0
"the finnish national carrier said net loss in april through june was euro26 million , down from a net profit of euro13 million a year earlier .",0
market share decreased on the route between helsinki in finland and tallinn in estonia by 0.1 percentage points to 24.8 % .,0
"operating profit totalled eur 0.4 mn , up from an operating loss of eur 0.8 mn year-on-year .",2
"scopi chief business excellence officer , eng .",1
vianor sells tires for cars and trucks as well as a range of other car parts and provides maintenance services .,1
the value of this kind of order amounts usually between euro 2 and 3 million .,1
"finnish investment group panostaja oyj said its net profit went up to 8.6 mln euro $ 11.4 mln in fiscal 2005-06 , ended october 31 , 2006 , from 2.8 mln euro $ 3.7 mln in the same period of fiscal 2004-05 .",2
"alexandria , va. , march 15 -- jaakko vilo of turku , finland , has developed a panel press .",1
"the annual report contains the financial statements , the consolidated financial statements , the report by the board of directors and the auditor s report .",1
"the omx helsinki index was down 0.34 pct at 8,256.02 on turnover of 813.191 mln eur .",0
finnish retail software developer aldata solution oyj reported a net loss of 11.7 mln euro $ 17.2 mln for 2007 versus a net profit of 2.5 mln euro $ 3.7 mln for 2006 .,0
"the decision will have to be made whether the group agrees to the import of estonian meat and meat products to finland , the paper added .",1
"eps for the quarter came in at 0.36 eur , up from 0.33 eur a year ago and ahead of forecast of 0.33 eur .",2
this corrensponds to 4.628 percent of okmetic s share capital and voting rights .,1
"tecnotree s convergent charging solution includes functionality for prepaid and post-paid billing , charging and rating of voice calls , video calls and raw data traffic for both mobile and fixed networks .",1
"revenue for the quarter totaled 27.4 billion , down 2 percent from 28.1 billion in the fourth quarter in 2008 .",0
the government has instead proposed an exchange of the state s stake in lmt to teliasonera s stake in lattelecom .,1
"bilfinger investors cheered the agreement , pushing shares up 7 % , or  euro  3.30 , to  euro  50.29 , in afternoon trade .",2
"altogether capman employs approximately 150 people in helsinki , stockholm , copenhagen , oslo , moscow and luxembourg .",1
"addus  services include personal care and assistance with activities of daily living , skilled nursing and rehabilitative therapies , and adult day care .",1
the size of a cider bottle will remain unchanged .,1
finnish forest machinery manufacturer ponsse s net sales grew to eur 51.3 mn in the first quarter of 2010 from eur 37.5 mn in the corresponding period in 2009 .,2
"eq bank forecasts olvi s net sales at eur 67mn in the second quarter of 2009 , and operating profit at eur 6.4 mn .",1
sales at the unit slumped last year after the industry was hit by poor snowfall in the major resorts in the winter of 2006-07 .,0
this organization will assume the responsibility for operations in russia .,1
cargotec will also move hallberg-ivarsson s service and installation business under the same roof with its service center for kalmar and macgregor solutions in gothenburg .,1
the value of the deal has not been disclosed .,1
"the division also includes joint sales , marketing and controlling functions for these units .",1
operating profit rose to 22.1 mln eur from 19.9 mln .,2
delivery is expected to take place later this month .,1
capitex kalmar will continue to be responsible for the maintenance and technical development of the services .,1
"payment for acquired shares will be made in cash , and the price per share will be eur 1 plus an administration fee .",1
eur 220 million of the transaction consideration was paid in the form of four-year interest-bearing vendor notes .,1
the site will cover over six hectares .,1
market data and analytics are derived from primary and secondary research .,1
"the company has the poser , who wants to impress people with the latest handset .",1
"oka specialises in new construction , renovation work of residential and non-residential building as well as premises for industrial and logistical use .",1
"product coverage  baked goods  biscuits  breakfast cereals data coverage  market sizes historic and forecasts , company shares , brand shares and distribution data .",1
"the total restructuring costs are expected to be about eur 30mn , of which eur 13.5 mn was booked in december 2008 .",1
we are pleased with the efforts of both negotiating teams and look forward to a productive four years ahead .,2
the company slipped to an operating loss of eur 2.6 million from a profit of eur 1.3 million .,0
"basware corporation stock exchange release august 31 , 2010 at 1625 basware signed a large deal with an international industrial group basware will deliver invoice automation solution and connectivity services to an international industrial group .",2
finnish kci konecranes has been awarded an order for four hot metal ladle cranes by indian steel producer bhushan steel  strips to be delivered in 2007 .,2
sports equipment sales also progressed well owing to the prolonged winter season .,2
"return on investment was 5.0 % , compared to a negative 4.1 % in 2009 .",2
the order includes 48 ship cranes that will be delivered for 12 container feeders to be built at wenchong shipyard in china .,1
"stockmann plc company announcement february 20 , 2007 , at 13.40 an annual summary of stockmann s stock exchange and financial press releases in 2006 is available on the company s website at the address www.stockmann.com .",1
london marketwatch -- share prices ended lower in london monday as a rebound in bank stocks failed to offset broader weakness for the ftse 100 .,0
"qualcomm estimated a first-quarter profit between 46 and 50 cents a share , excluding certain items , below the analyst estimate of 61 cents a share .",0
the phones are targeted at first time users in growth markets .,1
"panostaja , headquartered in tampere , finland , is an investment company focusing on small and medium-sized finnish companies operating in the traditional industries .",1
"at some point , it will spread also to iran and iraq .",1
the cvs of the proposed members are available for viewing from 12 march 2008 onwards on the internet at www.sampo.comir .,1
"arvo vuorenmaa , the loviisa plant s general manager said the application for the new licence was a  standard  procedure and that he was  quite confident  about approval being granted .",2
rapala vmc corporation  rapala  is a finland-based company engaged in the manufacture and distribution of fishing equipment and accessories .,1
"operating loss totalled eur 0.9 mn , down from a profit of eur 2.7 mn .",0
"tiimari , the finnish retailer , reported to have geenrated quarterly revenues totalling eur 1.3 mn in the 4th quarter 2009 , up from eur 0.3 mn loss in 2008 .",2
"the first phase of the logistics complex envisages the completion of some 70,000 sq m of logistics premises and the gatehouse building in november 2008 .",1
"mformation and nokia noted they have established interoperability agreements that cover commercially proven , standards-based management of mobile devices , as well as mobile device security and mobile application management .",2
the company says the measures are no longer needed .,1
"the company serves customers in various industries , including process and resources , industrial machinery , architecture , building , construction , electrical , transportation , electronics , chemical , petrochemical , energy , and information technology , as well as catering and households .",1
they both will report to oriola-kd s chief executive officer eero hautaniemi .,1
finnish investment group norvestia oyj said its net profit fell to 23.5 mln euro $ 30.6 mln in 2006 from 33.5 mln euro $ 43.6 mln in 2005 .,0
"narrows to eur2 .8 m 9-mo 09 29 october 2009 - finnish software and hardware developer elektrobit oyj hel  ebg1v , or eb , said today that its net loss narrowed to eur2 .8 m for the first nine months of 2009 from eur35 .6 m for the same period a year ago .",2
the combined capital of these funds is expected to be eur 100mn-150mn .,1
diluted earnings per share  eps  rose to eur 1.05 from eur 0.64 .,2
"target company  tieto corporation , business identity code  0101138-5 date of change in holding  22 january 2010 portion of the shares and votes  the current group holding of op-pohjola group central cooperative  opk  is 2982 587 shares , which represents 4.14 % of the shares and voting rights .",1
"finnish financial group aktia reports operating profit of eur 44.4 mn in january-september 2009 , up from eur 37.3 mn in the corresponding period in 2008 .",2
"the address location is provided to a local controller , preferably by wireless transmission , which then uses the address location to access the appliance control module .",1
"9 september 2010 - finnish stationery and gift retailer tiimari hel  tii1v said today its net sales rose by 2 % year-on-year to eur5 .7 m in august 2010 , driven by growth in finland , while demand in the baltics remained weak .",2
the enterprise value of maritim food as has been determined as approximately eur15m .,1
"meanwhile , alfa owns 25.1 % of megafon through altimo , and 4.99 % of turkcell via an 18.5 % stake in cukurova holding .",1
"3 january 2011 - scandinavian lenders sampo bank  hel  samas  , pohjola bank  hel  poh1s  and svenska handelsbanken  sto  shb a  have provided a eur160m  usd213m  line of credit to lemminkainen oyj  hel  lem1s  , the finnish construction firm said on friday .",1
"the contract includes design , construction , delivery of equipment , installation and commissioning .",1
it is expected to be completed by the end of 2007 .,1
"the company said that paper demand increased in all of its main markets , including of publication papers , and that it increased average paper prices by 4 percent compared with last year .",2
capital base and capital adequacy measurement is based on approaches under basel ii .,1
"finnish bank pohjola bank plc hel  poh1s said today that it will issue a eur 40 million usd 51.2 m index-linked bond , pohjola tutkimuksen tahdet viii-2010 pohjola research stars viii-2010 , on october 27 , 2010 .",1
the investments and operational changes enable additional optimisation of the working hours and thereby further cost savings of some 7 % -9 % .,2
the plant is expected to enter commercial operation by mid-2009 .,1
"making matters more difficult , the company said it has been grappling with higher oil and gas prices , which have pushed up the cost of energy , raw materials and transportation .",0
"this location makes the mall a convenient place to shop for consumers from three large residential areas nearby  jaroszowka , wysockiego and zgody .",2
"jp morgan expects that scala will lower nobel biocare s growth forecast for 2007 from the current guidance of 23-25 pct , as well as the operating margin target from the current 34-35 pct .",0
the trade is in accordance with the agreement announced on 26 march 2008 .,1
"according to nordic financial group nordea s analyst sami sarkamies , this makes nokia s portfolio competitive again .",2
no planned closing date was provided .,1
"the total scholarship amount was 40,000 euros and the recipients were chosen on the recommendation of fine arts universities and sports associations .",1
the divested stake represented about 2.7 m shares in okmetic s capital .,1
"the price of raw material aluminium went up at the end of 2005 , but the company considers its outlook for 2006 favourable .",2
"turnover surged to eur61 .8 m from eur47 .6 m due to increasing service demand , especially in the third quarter , and the overall growth of its business .",2
pretax profit decreased to eur 33.8 mn from eur 40.8 mn in the fourth quarter of 2005 .,0
"the company s transportation business is conducted through florida rock  tank lines , which is a southeastern transportation company concentrating in the hauling by motor carrier of liquid and dry bulk commodities .",1
"the liquid handling segment offers laboratory equipment and accessories , including mechanical and electronic pipettes , and disposable tips used in the research institutions , universities , and hospitals , as well as in the pharmaceutical , food , and other industries under the biohit brand .",1
"berling capital , umo capital and veikko laine are the biggest shareholders in amanda capital .",1
"finnish broadband data communication systems provider teleste oyj hel  tlt1v said yesterday it returned to a net profit of eur 2.7 million usd 3.8 m for the first nine months of 2010 versus a net loss of eur 579,000 for the same period of 2009 .",2
basware business transactions service enables the customer to receive and send invoices in an electronic format .,1
atria said its offer would give the swedish company continued ownership and control of its slaughtering and cutting operations .,1
insurance policies should be simple .,1
"last week , the finnish metals and technology group announced plans to sell more than 80 percent of its technology unit to further the company s strategic goal of becoming the world s largest stainless steel maker .",2
"the restructuring creates a more efficient organization with increased operational focus and stable profitability , and leads to more efficient production , said bo annvik , head of specialty stainless .",2
"lassila  tikanoja s operating profit excluding non-recurring and imputed items for the second quarter was eur11 .3 m , down from eur13 .8 m a year ago .",0
"the order includes a new crecent former , headbox , and reel .",1
"last year the company raised its turnover to approximately 7 million litas eur 2 mln , from 6.1 million litas in 2004 .",2
"the gross area of the innova 2 project will be about 10,000 sq m  107,600 sq ft  .",1
"agricultural newspaper maaseudun tulevaisuus had 318,000 readers , representing a decrease of 6 % .",0
"the remaining amount will be funded through debt , the danish bank said .",1
"price talk is in the mid-market swaps plus 105 bps area and the leads are barclays , bnpp , ubs and cba .",1
"in the third quarter of 2007 , net sales totaled eur 25.95 mn , and operating profit eur 3.88 mn .",1
group net sales in the third quarter of 2007 totaled eur 142.3 mn and operating profit eur 4.3 mn .,1
the event can also be viewed as a live webcast at www.cargotec.com .,1
"raute posted a net profit of 1.8 mln euro $ 2.6 mln for the third quarter of 2007 , compared to a net loss of 299,000 euro $ 430,000 for the corresponding period of 2006 .",2
"section  regional news - the demand in finnair s asian traffic , measured in passenger kilometers , was up 34.9 % in august compare to last year .",2
operating profit totaled eur 17.7 mn compared to eur 17.6 mn in the corresponding period in 2007 .,2
the share subscription period for c options will commence on 1 september 2008 and expire on 31 march 2011 .,1
"turun kaupunkin , finland based company has awarded contract to lemminkainen talotekniikka oy for electrical installation work .",2
"quarterly diluted eps on continuing operations came in at 0.21 eur , compared with last year s 0.12 eur .",2
"according to finnish metso minerals , the value of the company s orders has gone up to eur 1.9 bn in 12 months .",2
net sales fell by 5 % from the previous accounting period .,0
"the company , which has eur2 .8 bn in assets , counts among its five largest shareholders finnish insurers ilmarinen 4.34 % and varma 0.70 % , as well as the finnish state pension fund ver 0.61 % .",1
finnair believes the strike will cause it daily net losses in excess of eur 2mn due to canceled reservations and passenger re-routing .,0
the divested activities had net sales of eur 145.1 million in 2009 and an operating profit of eur 8.9 million .,1
pretax loss totalled eur 162.3 mn compared to a profit of eur 253.5 mn in 2007 .,0
"it is part of the development of the world-class magnetite deposit at karara , which has the known potential for over 30 million metric tons of annual processing of magnetite over its estimated 30-year life .",1
the contract is for next year .,1
"chs expo freight is a major finnish fair , exhibition and culture logistics company that provides logistics services to various events by land , air and sea .",1
operating profit excluding non-recurring items was eur 7.8 million compared to eur 11.2 million .,0
uponor maintains its full-year guidance for 2010 .,1
"operating loss was eur 179mn , compared to a loss of eur 188mn in the second quarter of 2009 .",2
the value of the order is usd 2.3 mn .,1
the company s board of directors will propose a dividend of eur 0.14 for 2008 at the annual general meeting .,1
the company expects net sales to significantly increase from 2009 .,2
"cablevision systems corp. cvc their madison square garden division owns and operates the new york knickerbockers basketball team  they also own the madison square garden arena , the new york rangers hockey team , the new york liberty women s basketball team , and the hartford wolf pack hockey team .",1
the firm builds components for mobile phones and other communications products .,1
"operating profit excluding non-recurring items amounted to eur 40.6 mn , down from eur 57.3 mn year-on-year .",0
"key shareholders of finnish it services provider tietoenator oyj on friday rejected a hostile eur1 .08 billion $ 1.67 billion offer from buyout shop nordic capital , giving new life to a possible counter offer from blackstone group lp and norwegian telecom telenor asa .",2
a total of $ 78 million will be invested in the project .,1
"den bosch-based tomtom is europe s largest maker of automotive navigation devices , while cayman islands-based garmin is larger in the u.s. and overall .",1
the value of the contract is in total usd12m .,1
"both operating profit and turnover for the three-month period increased , respectively from eur0 .9 m and eur8 .3 m , as compared to the corresponding period in 2005 .",2
"the decision reflects the underutilisation of the line , which produces nonwovens used in medical and wipes applications as well as for the automotive industry .",1
"in january-november 2009 , the group s sales totalled eur 7,801.7 mn , which was a drop of 12.6 % from the same period of 2008 .",0
"the report profiles 614 companies including many key and niche players worldwide such as black  decker corporation , fiskars corporation , fiskars brands , inc. , husqvarna outdoor products inc. , k+s group , ryobi technologies , inc. , the scotts miracle-gro company , and van group , inc. .",1
"more than 50,000 tonnes of asphalt mix will be used in the contract .",1
"below are consolidated , unaudited results for amanda capital under ifrs reporting standards .",1
operating profit improved by 16.7 % to eur 7.7 mn .,2
"m-real , which is part of finnish paper maker metsaliitto group , is due to release its second-quarter report at around 1200 eet on 5 august 2010 .",1
"revenue grew by 2 percent to x20ac 580 million $ 743 million , from x20ac 569 million .",2
"this vessel order will help aspo secure the long-term competitiveness of its fleet , both in terms of technology and pricing .",2
"china unicom , nyse  chu , hkse  0762 , and shse  600050 , the second largest mobile carrier in the country .",1
"includes company and brand share data by category , as well as distribution channel data .",1
"finnish plumbing and heating systems supplier uponor s net sales from continuing operations decreased by 9.4 % in 2008 to eur 949.2 mn from eur 1,047.4 mn in 2007 .",0
"the total number of voting rights is 74,612,523 .",1
no financial details were disclosed .,1
operating profit improved by 39.9 % to eur 18.0 mn from eur12 .8 mn .,2
"the platform is based built on intel s second-generation mid platform , called moorestown .",1
"the company s net profit rose 11.4 % on the year to 82.2 million euros in 2005 on sales of 686.5 million euros , 13.8 % up on the year , the company said earlier .",2
"digia said its consolidated net sales for january-june 2010 were eur67 .8 m , up 9.7 % on the same period in 2009  eur61 .9 m  .",2
operating profit rose to eur 13.5 mn from eur 9.7 mn in the corresponding period in 2006 .,2
rl-nordic is a part of raiffeisen-banking-group austria and is a subsidiary to raiffeisen-leasing gmbh in austria .,1
it was decided that the auditors are reimbursed according to invoice .,1
"rfid  radio frequency identification  is a method of so-called intelligent transport , whereby information can be read and saved remotely .",1
"l+ñnnen tehtaat s food division was reorganised into two strategic business units , apetit frozen foods and jams , and apetit fish .",1
"the reductions will be implemented immediately , beginning in october 2009 .",1
"the network test business is part of elektrobit s test and automation business segment and employs 39 people in finland and 22 people abroad , mainly in the us and asia .",1
the board of directors was authorized to decide on other terms of the share issue .,1
the total amount of subscription prices was recorded in the fund for invested non-restricted equity .,1
the moscow metro  www.mosmetro.ru  was the first metro system in europe to implement smart cards together with a new type of magnetic card in 1998 .,1
"budapest , august 10 mti - finnish electronics maker elcoteq will lay off 700 workers at its plants in pecs s hungary at the end of september because of falling orders , communications director for elcoteq s local unit , zoltan krippl told mti on monday .",0
the sellers were the founders of the company .,1
other details were not provided .,1
"via the move , the company aims annual savings of some eur3m , the main part of which are expected to be realized this year .",2
bertrand sciard has been the vice chairman of the board of directors of aldata solution since april 2007 .,1
"savon koulutuskuntayhtyma , finland based company has awarded contract for specialist agricultural or forestry machinery .",2
orders received grew by 55 % year-on-year to eur732m .,2
"finnish dental care group oral hammaslaakarit oyj posted a total net profit of 849,000 euro $ 1.1 mln in the first nine months of 2006 versus a net loss of 331,000 euro $ 421,000 in the same period of 2005 .",2
"quartal oy now owns 2,094,063 shares in satama interactive plc , which represents 5,19 per cent of the share capital and voting rights .",1
"before fki , john jiang has worked in several general manager or senior business consultant positions for international companies in china .",1
"unit prices for straddle carriers vary between eur700 ,000 and eur900 ,000 , the company added .",1
"fiskars brands report net sales of eur 145.8 mn , up from eur 138.4 mn .",2
sanoma magazines finland s net sales grew to eur 140.1 mn from eur 131.8 mn .,2
"simmons elected dcuc chairman portsmouth , n.h.-gordon a. simmons , ceo of service credit union , has been elected chairman of the defense credit union council for the 2007-2008 term .",1
the swedish subsidiary holds 1.0 % net smelter return  nsr  royalties over two advanced copper projects in northern sweden - the viscaria and adak projects - being developed by avalon minerals ltd. asx  avi .,1
"finnish electronics manufacturing services ems company elcoteq se posted a net loss of 66.4 mln euro $ 91.2 mln for the first half of 2007 , compared to a net profit of 7.1 mln euro $ 9.8 mln for the same period of 2006 .",0
"taking a cue from the playbook of the east dillon lions , we ve created a special team of heavy-hitting style players , such as boot-cut jeans , tummy tops and , of course , cowboy boots .",1
suomen paikallissanomat oy is part of alma media group and it currently publishes 15 local newspapers across finland .,1
copyright afx news and afx financial news logo are registered trademarks of afx news limited,1
"in future , the plant will focus on the production of flange profiles for wind farm towers .",1
commission income rose by 25.7 % to eur 16.1 mn from eur 12.8 mn in 2004 .,2
operating profit of the asian plants grew markedly .,2
"mr. mcdonald started the evening with his own set , featuring hits from his solo career and his doobie brothers years and a selection of rb cover songs that met with mixed results .",1
"the purchase price will be paid in cash upon the closure of the transaction , scheduled for april 1 , 2009 .",1
each year the dividend is deducted from the subscription price .,1
"the company expects its net sales for the whole of 2007 to be eur 950mn-1 ,000 mn .",1
"some 3.8 mln euro  $ 5.2 mln  of the base acquisition price will be paid in cash and the rest through a subscription offering of a total of 850,000 new ixonos shares .",1
"the other seats would go to edgar edmonds , an american with experience of the clothing and retail industry , and christian fischer , an austrian with experience in the winter sports goods business .",1
"at the request of finnish media company alma media s newspapers , research manager jari kaivo-oja at the finland futures research centre at the turku school of economics has drawn up a future scenario for finland s national economy by using a model developed by the university of denver .",1
"neste oil s board proposed 1.00 eur dividend for the full-year 2007 , compared with 0.90 eur a year ago .",2
finnish silicon wafer technology company okmetic oyj omx helsinki  okm1v said on wednesday 17 september that it will invest eur6m in its sensor wafer business during 2009 .,1
"the company operates its business through two reportable segments , including banking and investment services , and non-life insurance .",1
the transactions would increase earnings per share in the first quarter by some eur0 .28 .,2
"profitability  ebit %  was 13.6 % , compared to 14.3 % in q2 2009 .",0
"adp news  - nov 5 , 2008 - finnish electronic measurement products and solutions maker vaisala oyj  omx  vaias  said today that its net profit rose to eur 18 million  usd 23.1 m  for the first nine months of 2008 from eur 1",2
"jon risfelt has previously held operational executive positions in europolitan , ericsson , sas , american express card and travel divisions , as well as nyman  schultz  ceo  , vodafone sweden  ceo  , and gambro renal products  ceo  .",1
"steek , which was set up in 2002 , is based in bordeaux , southwestern france .",1
"yit lodged counter claims against neste oil totaling some eur25m , primarily based on work carried out under the contract and additional costs incurred due to prolongation of the project .",0
her last position in nokia siemens networks was head of business human resources nsn global it .,1
"one can also apply for jobs directly from the ipad , select which cv to attach and which covering letter is most appropriate for each position .",1
net sales decreased to eur 220.5 mn from eur 470.0 mn in the corresponding period in 2009 .,0
"huhtamaki s rigid plastic consumer goods operations , which are mainly in europe , will be separated into a new reporting segment as of 1 january 2009 .",1
"the prerequisite for inclusion in the program and for receipt of any gains is that key employees acquire aspo shares to the amount determined by the board in advance , in the maximum .",1
"shares in royal and sun alliance continued to slide back from a 12-month high of 172p last month , after a potential suitor ruled itself out of a takeover bid .",0
"cooper sh , the uk distributor for lift equipment manufacturer konecranes , won the five-year deal which involves low maintenance and fuel saving technologies .",2
to see a slide show of all the newest product releases from fiskars .,1
"the transaction will have a positive impact of around eur2m on earnings , which ruukki will recognize during the fourth quarter of this year .",2
"the company has a continuous need for alloys such as nickel , ferro-chrome , molybdenum and manganese in its production , said talvivaara .",1
"srv will also build an aqua park with wellness area , a restaurant and a multifunctional ice arena .",1
"konecranes oyj kcr1v fh fell 5.5 percent to 20.51 euros , the biggest fall since june .",0
"the broad-based wig index ended thursday s session 0.1 pct up at 65,003.34 pts , while the blue-chip wig20 was 1.13 down at 3,687.15 pts .",1
"stockholm , 3 march 2011 about cybercom the cybercom group is a high-tech consultancy that offers global sourcing for end-to-end solutions .",1
stora enso will receive a 19.9 pct equity interest in the combined company .,1
"previously , the company expected its 2008 financial performance to remain at the same level as in 2008 .",1
rental of building equipment accounted for 88 percent of the operating income .,1
"tyrvaan sanomat , published twice a week by tyrvaan sanomat oy , appears in sastamala and kiikoinen .",1
the event can be followed on-line via orion s finnish homepage at www.orion.fi as well as via the kauppalehti live web service at www.kauppalehti.filive .,1
"the group owns and operates a fleet of more than 800dwt , while container capacity is 17,000 teus , and manages a diversified fleet of its own railway rolling stock of over 17,000 units .",1
the company s equipment rental portfolio consists primarily of tools for small and mid-sized customers in the construction industry .,1
"revenue from july to september grew 21 percent to euro 2.3 billion , the finnish company said thursday .",2
the combined company had pro-forma net sales of 140 mln euro $ 188.9 mln and an operating profit of 13 mln euro $ 17.5 mln for 2006 .,1
"the sellers include 40 shareholders , including intellibis management , employees and other investors .",1
the company expects meat purchases to remain at about 8mn kilos in 2011 .,1
"the total investment in the vantaa plant extension will amount to around 10 million euro , and okmetic s share of the investments will be worth around 2.7 million .",1
the company is well positioned in brazil and uruguay .,2
"adjusted for changes in the group structure , the division s net sales increased by 1.7 % .",2
"the casing comprises a first side casing member provided with the first side vat segment and a second side casing member provided with the second side vat segment , at least the first side casing member being pivotable about a rotation axis .",1
share repurchase 11.01.2008 in the helsinki stock exchange on behalf of sampo plc danske bank a-s helsinki branch,1
the business section also includes ahlstrom s sustainability report .,1
"componenta is a metal sector company with international operations and production plants located in finland , the netherlands , sweden and turkey .",1
a few employees would remain at the oulu plant in support functions for other group units .,1
the commission said the hydrogen peroxide and pbs market was worth about 470 million euros in 2000 .,1
the real estate company posted a net loss of +ó x201a -¼ 59.3 million +ó x201a -¼ 0.21 per share compared with a net profit of +ó x201a -¼ 31 million +ó x201a -¼ 0.11 per share for the corresponding quarter of 2007 .,0
ebit margin was up from 1.4 % to 5.1 % .,2
"operating profit for the nine-month period increased from eur13 .6 m , while net sales increased from eur394 .7 m , as compared to the corresponding period in 2005 .",2
the new organization consists of two business units  charging  messaging and finance  administration .,1
"nordea bank ab publ holds 6.000 alma media shares , representing 0.008 % of share capital and voting rights .",1
both mr walden and mr ignatius will be responsible also for the newspapers  business result .,1
"the unit s clients are mainly in the field of specialist convenience goods , as well as in the textile , shoe and furniture businesses .",1
"the product advisory does not apply to any other nokia-branded battery , the company said .",1
"the australian company mirabela nickel has awarded outokumpu technology a contract for grinding technology for its nickel sulfide project in bahia state , brazil .",2
"about 72 % of evraz group shares are owned by lanebrook , whose beneficiaries , on the one hand , are millhouse , the holding company for the assets of billionaire roman abramovich and his business partners 50 %  and evraz executives alexander abramov and alexander frolov 50 % , on the other .",1
"once your plants are in the ground they will continue to grow , but the success of any garden lies in how well it s maintained .",1
"the segments through which the company operates are frozen food business , seafoods , vegetable oil business , grain trading and other business operations .",1
the platform would continue to be the development framework for symbian and meego .,1
"the new majority owners of aspocomp thailand co. , ltd are certain private persons belonging to immediate circle of aspocomp s present joint venture partner , saha pathana inter-holding plc. .",1
"a january 11 , 2010 ephc board of directors has approved an increase in the quarterly dividend from $ 0.03 to $ 0.05 per share .",2
"cramo plc is a service company specialising in construction machinery and equipment rental and rental-related services , as well as rental and sale of modular space .",1
revenues at the same time grew 14 percent to 43 million euros .,2
"like all other mechanical pipettors from biohit , also proline plus is ce-ivd marked and comes with a 3-year warranty .",1
the report contains category level company and brand share as well as distribution share information for 2007 and 2008 .,1
"besides , as there is no depositor preference in finland , senior debt and deposits rank on a par , which is also taken into consideration , the agency added .",1
it has80 branches in finland with annual revenue in finland of,1
"according to the company , a decision in the issue will be made in the summer of 2010 , at the earliest , and in the summer of 2011 , at the latest .",1
"the share capital of basware corporation is 11,720,829 .",1
"operating profit totalled eur 21.1 mn , up from eur 18.6 mn in 2007 , representing 9.7 % of net sales .",2
shares of nokia corp. rose thursday after the cell phone maker said its third-quarter earnings almost doubled and its share of the global handset market increased .,2
otherwise the situation is under control .,1
according to an posted by the world intellectual property organization   the present invention relates to hydrocarbons and particularly to the manufacture of hydrocarbon components suitable as aviation fuels or jet fuels and as blending stocks for aviation fuels .,1
return on capital employed rose by 4.8 percentage points to 19.6 % .,2
the expanded plant is scheduled to be operational by the middle of october 2009 .,1
the deal will have no significant effect on the acquiring company s equity ratio .,1
the total value of the project is valued at sek 30bn  eur 2.83 bn usd 3.81 bn  .,1
operating loss amounted to eur 0.7 mn compared to a profit of eur 0.8 mn in the second quarter of 2005 .,0
"the sale will be finalized in september or october , the company said .",1
"shares of standard chartered  stan  rose 1.2 % in the ftse 100 , while royal bank of scotland  rbs  shares rose 2 % and barclays shares  barc   bcs  were up 1.7 % .",2
"finnish sampo bank , of danish danske bank group , reports profit before taxes of eur 152.3 mn in 2010 , up from eur 32.7 mn in 2009 .",2
the order was worth eur 8mn .,1
operating profit improved by 27 % to eur 579.8 mn from eur 457.2 mn in 2006 .,2
"the order includes a log handling line , peeling line and drying line for the production of parquet base layer veneer for plyfa s hassela mill , central sweden .",1
"after the split , the company would have 26,885,540 series a shares and 9,540,000 series k shares .",1
"in a letter to economic affairs minister , the listed estonian shipping company tallink asks for the approval to be entitled to a 15 % cut in port fees in 2010 .",1
the online ice chart shows no ice in the area of estonia s sea ports on the coast of the gulf of finland .,1
the company reports a loss for the period of eur 0.4 mn compared to a loss of eur 1.9 mn in the corresponding period in 2005 .,2
ramirent finland is the domestic unit of machinery rental company ramirent oyj hel  rmr1v .,1
"during the rally , which was authorized by the city administration , a consulate official came out to the workers , spoke to them and took a letter from them .",1
"in 2010 , sanoma magazines expects net sales to be at the 2009 level .",1
"this is a significant milestone for benefon , helping us to secure critical usp s for our personal navigation product roadmap for 2007 and beyond ,  commented simon button , chief technology officer at benefon .",2
"according to viking line s managing director , nils-erik eklund , the company s board of directors is very satisfied with viking line s performance .",2
"thanks to the multiplying effect of wagon performance , transport will be much more efficient ,  says development manager juha malkia from vr cargo .",2
finnish stockmann group s mail order unit hobby hall has launched a trial marketing campaign in russia .,1
the machinery now ordered will be placed in a new mill with an annual production capacity of 40 000 m3 of overlaid birch plywood .,1
"finnair plc carried a record 8.8 million passengers in 2006 , an increase of 3.5 percent on the previous year , the finnish national carrier reported tuesday .",2
the company will propose a dividend of eur0 .12 per share for 2008 .,1
kone s net sales rose by some 14 % year-on-year in the first nine months of 2008 .,2
operating loss totaled eur 25mn compared to a profit of eur 63mn in the corresponding period in 2005 .,0
"in the third quarter , net sales increased by 12 % year-on-year to eur 159.5 million , or by 6 % at comparable currency rates growth .",2
the presentation material can be viewed on the company s website in english after the conference .,1
"aldata solution oyj bertrand sciard president and ceo further information  aldata solution oyj , bertrand sciard , president and ceo , tel. +33 1 46 48 28 00 aldata 100 % retail-wholesale at aldata 100 % of our business is dedicated to retail and wholesale business improvement .",1
"the period s sales dropped to eur 30.6 million from eur 38.3 million , according to the interim report , released today .",0
"according to capman plc s corporate governance , the majority of the committees  members shall be independent of the company .",1
the oxyview pulse oximeter is a common device to check patient blood-oxygen saturation level and pulse rate .,1
the rationalization of the operations seeks to achieve over eur 1 million in yearly savings as from the second quarter of the current financial year .,2
"the mill s raw material need will increase by 100,000 m3 of wood .",1
"in january-september 2010 , fiskars  net profit went up by 14 % year-on-year to eur 65.4 million and net sales to eur 525.3 million from eur 487.7 million .",2
"the sale of savcor face to cencorp will result in a profit or loss which can not yet be determined , owing to factors including the valuation of the consideration shares to be received and prevailing exchange rates .",1
operating profit margin increased from 11.2 % to 11.7 % .,2
the move was triggered by weak demand for forestry equipment and the uncertain market situation .,0
"the stockmann department store will have a total floor space of over 8,000 square metres and stockmann s investment in the project will have a price tag of about eur 12 million .",1
the total value of the contract is some eur 8 million .,1
"the biggest challenge was to make the piece look raw ,  hansen said .",1
the insolvency act regulates the amount of debt that borrowers are permitted to write off .,1
"the reason for this is st. petersburg status as a capital , one of the participants in the meeting quoted chikunov as saying .",1
ms laakso will be responsible for hkscan s hr functions and for their development in all of the group  smarket areas .,1
"however , biohit estimates its total net sales will continue to grow in 2009 , and that favourable trends in net sales will lead to a profit in 2009 .",2
bm4 middle layer headbox will be equipped with a dilution control system .,1
"i m trying to deal with slavery from a different perspective to balance the story ,  says deramus , formerly a writer at the detroit free press and the detroit news .",1
"the internal revenue service sees about 20 percent of all taxpayers wait until the last two weeks to file , with about 40 million returns filed in april .",1
finnish meat company atria can no longer promise a sufficient amount of domestic beef to its customers .,0
changes to the as-built models from the design were communicated to the subcontractors to accommodate them into the steel and grc fabrication process .,1
"the shares subscribed for under the stock options were registered in the trade register on 20 january 2011 , as of which date the new shares will establish shareholder rights .",1
olli-pekka laine has been appointed as the chairman and erkki pehu-lehtonen as the vice chairman of the board .,1
bluewin security is available as a monthly subscription .,1
"loss after financial items totalled eur 9.7 mn , compared to a profit of eur 1.3 mn in the corresponding period in 2008 .",0
"the company is involved in the the sale of financial products including insurance , mortgages , car and personal loans , financial brokerage and equipment finance leasing .",1
"in volume , the focus is already outside finland , as 60 % of the group s products are made in poland and the baltic countries .",1
"- the group - s cumulative sales during the review period were eur 48.2 million eur 53.1 million , 1-92007 and profit before taxes was eur 1.2 1.4 million .",1
"metsaliitto , however , narrowed its net loss for the second quarter of 2007 to 5.0 mln euro $ 6.9 mln from 61 mln euro $ 83.7 mln a year ago .",2
the intent of the article was to focus attention on the fact that the development model that china had followed was very different than the model that india had followed .,1
boomerang boats had net sales of eur 4.1 mn and it made an operating profit of eur 0.4 mn in 2006 .,1
the total value of the deliveries is some eur65m .,1
"the web-marela application handles invitations to quote , quote comparisons , agreements , purchases , invoice inspections , inventory management , and deliveries .",1
"operating profit was eur 11.4 mn , up from eur 7.5 mn .",2
the value of the order is usd 2.2 mn .,1
welcome,1
"finnish security and privacy software solutions developer stonesoft oyj said on january 7 , 2008 that the preliminary sales of its stonegate products grew by 59 pct year-on-year to 3.6 mln euro  $ 5.3 mln  for the fourth quarter of 2007 .",2
"foodservice and consumer goods markets are served by approximately 13,000 people in 54 manufacturing units and several sales offices in 33 countries .",1
"the committee proposes the following remuneration  a monthly remuneration of eur 5,000 for the chairman , eur 3,500 for the deputy chairman , and eur 2,500 for the other board members .",1
the capital structure of solidium may be complemented by other financial instruments in the future .,1
the agreement strengthens our long-term partnership with nokia siemens networks .,2
"the e7 smartphone will be available for rs35 ,000 per handset across india ,  nokia india vice-president  managing director d shivakumar told reporters .",1
"raisio s bid to buy glisten is a  win-win  deal for both companies , the chairman of the uk snacks firm told just-food today 10 february .",2
"at end-august , sampo was nordea s biggest shareholder with a 20.6 % stake , followed by the state with 19.9 % .",1
"combining the two producers will create a strong eu-based fertilizer industry capable of meeting global competition , they added .",2
the value of the deal was not disclosed .,1
"published by globes online , israel business news - www.globes-online.com - on november 16 , 2009 - copyright of globes publisher itonut 1983 ltd. 2009",1
"rosendal at outotec.com eila paatela , vice president - corporate communications tel. +358 20 529 2004 , +358 400 817198 e-mail eila .",1
"these sections will be put into place to form the load-bearing steel structure of the bridge ,  says sami eronen , senior vice president , infrastructure and northern europe , ruukki construction .",1
"operating profit totaled eur 5.5 mn , up from eur -0.7 mn .",2
"cash flow from operations totalled eur 7.4 mn , compared to a negative eur 68.6 mn in the second quarter of 2008 .",2
all depends on financing .,1
the studies are expected to start in 2008 .,1
comptel corporation will publish its financial statements for 2008 on 12 february 2009 .,1
the first stage of the contract covers 133 stores and 600 cash registers .,1
"the devices would be launched in the chinese market in late 2006 , the company said .",1
"profit before taxes was eur 4.0 mn , down from eur 4.9 mn .",0
"according to seikku , the retail sector in finland is controlled by 3-4 large actors , while food manufacturers are still relatively small .",1
vacon controls a further 5 % of the company via investment fund power fund i. eur 1.0  usd 1.397,1
"in a release on oct. 28 , peab said the two businesses will continue to be conducted under the brands cliffton and stockholm entreprenad , both part of the peab group .",1
the server is responsible for managing devices and user accounts and a desktop client application enables remote access to the mobile phones .,1
"helsinki thomson financial - shares closed little changed , with cargotec and huhtamaki dropping sharply on disappointing second-quarter reports .",0
the notice in its entirety with other proposals from the nomination committee and the board will be published at least four weeks before 28 april on the company s website and in post - och inrikes tidningar and dagens industri .,1
finnish automation solutions developer cencorp corporation  omx helsinki  cnc1v  issued on thursday  18 september  a profit warning for the third quarter of 2008 .,0
"we have a license agreement with nokia corp. which in part expires on april 9 , 2007 .",1
"we know that it exists ,  artemyev said .",1
operating loss totaled eur 0.3 mn compared to a profit of eur 2.2 mn in the corresponding period in 2007 .,0
the diameter protocol is developed according to the standards ietf rfc 3588 and ietf rfc 3539 .,1
"in january-september 2007 , finnlines  net sales rose to eur 505.4 mn from eur 473.5 mn in the corresponding period in 2006 .",2
the company has an annual turnover of eur32 .8 m.,1
"under a preliminary estimation , the technology park will measure about 50,000 square meters .",1
"cs cabot exports 55 % of its production mainly to goodyear , bridgestone and michelin plants in poland , as well as to germany s michelin or italy s pirelli through the company s logistics center in paris , stefan said .",1
"glaston s own glass processing unit , tamglass glass processing , is a manufacturer of high quality safety glass products , and operates in finland .",1
comptel corporation sami ervio president and ceo distribution  nasdaq omx helsinki major media comptel dynamic oss solutions enable telecom service providers to deliver services flexibly and charge them effectively .,1
our standardised services have met with a positive reception among our customers as well as at itella .,2
"+lemiste city is the environment for a knowledge-based economy providing work for 3,300 people with the total turnover of its companies amounting to eek 5.4 bn ,  said +lo p+ñrnits , chairman of the supervisory board of +lemiste city and mainor .",1
earnings per share  eps  dropped to eur 0.21 from eur 0.31 .,0
"as such , the space has blond wood floors  unlike the rest of the store  and a notably scandinavian vibe .",1
"the new kroksberg railway tunnel will be built on a new section of track between harnosand and veda , forming part of the line that follows the coast of the gulf of bothnia .",1
"according to ceo matti perkonoja of the parent company hkscan , the company s performance in the first quarter of 2010 has remained clearly below the level of the corresponding period in 2009 .",0
"the deal includes the entire personnel of planmill oy , who will transfer to the new company as so-called old employees .",1
"subscribers of china unicom , the nation s second largest mobile phone operator after china mobile , are expected to release pictures , videos and blog on the internet via mobile phones as of march 2008 .",1
"for 2009 , net profit was eur 3 million and the company paid a dividend of eur 1.30 apiece .",1
"the samsung mobile applications store was launched in january 2009 by samsung mobile innovator , a program which enables mobile software developers to create applications for use across samsung mobile devices .",1
it will report full-year results on august 22 .,1
satama s net sales would be higher than the year before .,2
"capman s first real estate fund , which had a total investment capacity of  euro  500 million and closed in june 2005 , invested in commercial properties in the helsinki metropolitan area .",1
"the group s operating loss was eur 0.8 mn , down from a profit of eur 2.5 mn in 2004 .",0
"ebit totalled eur 14.4 mn , compared to a loss of eur 0.3 mn in the corresponding period in 2009 .",2
"conference call to participate via a conference call , please dial in 5-10 minutes before the beginning of the event  +44 0 20 7162 0025 europe or +1 334-á323-á6201 usa .",1
"the share capital of alma media corporation business id 1944757-4 is eur 44,767,513.80 and it is divided into 74,612,523 shares .",1
the bridge will be 1.2 km long and is located between anasmotet by the road e20 and the new traffic junction in marieholm by the road e45 .,1
finnish fibers and plastic products maker suominen corporation said its net loss narrowed to 1.6 mln euro $ 2.0 mln in the first nine months of 2006 from 2.16 mln euro $ 2.7 mln in the same period of 2005 .,2
"n +1 group will pay eur16 .5 m of the transaction price upon closing , and the remaining sum in 2012 .",1
"in the fourth quarter of 2009 , orion s net profit went up by 33.8 % year-on-year to eur33m .",2
"the total size of the complex is around 25,000 m2 and the project will be constructed in stages .",1
"the company operates worldwide and employs in total approximately 47,000 persons .",1
"sampo housing loan bank , a unit of finland s sampo bank , has priced its eur1bn  usd1 .3 bn  bond at 99.889 % , reuters reported .",1
lieksaare oy has earlier been regarded under the control of saarelainen oy and the individual shareholders under the shareholder agreement .,1
"in addition to the tulikivi corporation , he is also currently a member of the board of the following companies  altia corporation , j+ñrvi-suomen portti osuuskunta , osuuskunta kpy , profile vehicles oy and voimatel oy .",1
"operating profit totaled eur 9.4 mn , down from eur 11.7 mn in 2004 .",0
"the costanza light , with an aluminum base and washable shade , comes in white , pistachio , orange , blue and red .",1
diluted earnings per share  eps  rose to eur 3.68 from eur 0.50 .,2
"thus the group s balance sheet will have about eur25 .8 m in goodwill for 2010 , the company added .",1
"okmetic closed its plant in espoo in early 2004 , and all production lines from the site were moved to okmetic s plants in vantaa , finland and texas , usa .",1
"finland s national carrier finnair plc carried a record 8.5 million passengers in 2005 , an increase of 4.5 percent on the previous year , the airline reported tuesday .",2
- counter your competitor s strengths and target their weaknesses .,1
cs cabot s main consumers on the czech and slovak market are tires producers barum continental and matador continental .,1
"sales climbed 19.2 pct to 1.002 bln eur , surpassing the 953 mln eur consensus figure .",2
the order was valued at usd12 .2 m.,1
russia s video international group holds a controlling stake in russian media ventures .,1
operating profit rose to eur 9.2 mn from eur 6.8 mn in the corresponding period in 2007 .,2
"so far as is known , he did not sell shares that he owns personally .",1
operating profit rose to eur 3.2 mn from eur 1.0 mn in the corresponding period in 2008 .,2
"kesko agro eesti , the retailer and wholesaler of grain , agricultural and warehousing machinery and accessories , had net sales of 81 million euros in 2007 , an increase by one-tenth over the preceding year .",2
he wore a black beanie-type cap and a black jacket .,1
those uncertainties cloud the long-term outlook .,0
"you need to be ready when the window opens up , rosberg said .",1
finnish bore that is owned by the rettig family has grown recently through the acquisition of smaller shipping companies .,2
"the company s board of directors will propose a dividend of eur 0.95 per share for 2008 at the annual general meeting , scheduled to be held on march 23 , 2009 .",1
"currently it operates a fleet of eight carriers , as well as nine pushers and barges .",1
"some of the most recent technology deliveries include refinery technology to anrak aluminium , an iron ore pelletizing plant to tata steel and iron ore sintering plants to bhushan steel .",1
"the floor area of the yliopistonrinne project will be 7,900 sq m 85,030 sq ft and the building s gross area will total 12,800 sq m. a total 25.1 % of the facilities have been let .",1
currency conversions are based on exchange rates at the time of the deal .,1
"the buildings , with about 40 condominiums each , will be built in 4 or 5 stages .",1
cargotec s business areas also include the container handling solutions business area kalmar and the marine cargo handling and offshore load handling solutions business area macgregor .,1
the company anticipates its turnover for the whole 2010 to surpass that of the previous year when it was eur 67.1 million .,2
"the contract also includes installation work in a new multistorey carpark for close on 1,000 vehicles .",1
the company also equipped the sculptural complex rabochy i kolkhoznitsa a worker and a collective farmer in moscow with snow melting system .,1
sales in finland rose by 3.9 % and international growth was 0.7 % .,2
"the biggest sellers in the chain s supermarkets in finland are organic pirkka tomatoes , carrots , eggs , and meat products .",1
"in january-june 2010 , diluted loss per share stood at eur0 .3 versus eur0 .1 in the first half of 2009 .",0
finnish oko bank has signed a cooperation agreement with raiffeisen concerning finnish companies  investments in russia .,2
"finnish geosentric s net sales decreased to eur 939,000 in january-march 2009 .",0
olvi has posted a strong set of figures for the first six months of this year .,2
cargo volume increased by approximately 5 % .,2
no changes regarding the virala oy ab s ownership of shares of tiimari has taken place .,1
finnish cargotec s kalmar has received a significant order from the us department of defense .,2
activities range from the development of natural resources to the retailed marketing of finished products .,1
the total project duration is three years and it is valued at some eur11 .5 m.,1
currently the quarterly applied surcharges differ significantly from the actual market prices .,1
"uponor made an operating profit of eur 151.0 mn , up from eur 143.7 mn , which made 2007 a record year .",2
"net income from life insurance rose to eur 16.5 mn from eur 14.0 mn , and net income from non-life insurance to eur 22.6 mn from eur 15.2 mn in 2009 .",2
finlan s listed food industry company hkscan group controlled companies in the baltics improved revenues by eur 3.5 mn to eur 160.4 mn in 2010 from eur 156.9 mn in the year before .,2
"nordic banks have already had to write off sizable loans in latvia , with swedbank , nordea , dnb nor and seb reporting combined losses in excess of $ 1.35 billion in the period 2007 to 2010 against a backdrop of near economic meltdown in latvia .",0
"it is a member of the oneworld alliance , which includes american airlines and british airways .",1
"the tanks will be delivered to a company which is currently building a chemical tank farm in antwerp , northern belgium .",1
the annual net sales of the unit is some eur 5 million and it currently employs some 55 people .,1
earnings per share  eps  in 2005 decreased to eur1 .87 from eur1 .89 in 2003 .,0
"the original name componenta +àm+ñl , as a subsidiary of the finnish componenta group , has been changed to +àm+ñl components and the company has seen a 63 % growth in q1 2010 , in comparison to q1 2009 .",2
"helsinki thomson financial - shares in cargotec fell sharply in early afternoon trade after the cargo handling group posted a surprise drop in april-june profits , which overshadowed the large number of new orders received during the three months .",0
"the transaction is subject to a final agreement between the parties , approvals of their decision-making bodies and approval by the finnish competition authority .",1
"in the end of 2006 , the number of outlets will rise to 60-70 .",2
"the contracts between raute corporation and muling kemian wood products co. , ltd. , which were announced on 3 november 2010 , have taken effect .",1
operating profit rose to eur 26.7 mn from eur 14.9 mn in the corresponding period in 2006 .,2
8 may 2009 - finnish liquid handling products and diagnostic test systems maker biohit oyj  hel  biobv  said today  8 may 2009  its net loss narrowed to eur0 .1 m  usd0 .14 m  for the first quarter of 2009 from eur0 .4 m for the same period of 2008 .,2
"in 2008 , the steel industry accounted for 64 percent of the cargo volumes transported , whereas the energy industry accounted for 28 percent and other industries for 8 percent .",1
"the order comprises all production lines for a plywood mill , company said in a statement received by lesprom network .",1
"viking will pay eur 130 million for the new ship , which will be completed in january 2008 .",1
"helsinki  afx  - retail and wholesale group kesko reported net sales of 659.4 mln eur for february , an increase of 10.8 pct year-on-year .",2
"london afx - uk and european brokers  recommendations issued today , as collated by afx news from a range of market sources .",1
changes to the as-built models from the design were communicated to the subcontractors to accommodate them into the steel and grc glass reinforced concrete fabrication process .,1
the total value of these two contracts is over eur 21 million .,1
okmetic revised its 2010 financial outlook based on its order book .,1
this new partnership agreement represents a significant milestone for both parties .,2
the company will make its marketing and sales investments initiated in 2009 even more efficient in 2010 .,2
"mr ashley , deputy executive chairman of sports direct , sold a 43pc stake in the company for more than pounds 900m at the time of the float .",1
biotie north-american licensing partner somaxon pharmaceuticals started a phase ii-iii clinical study in patients suffering from pathological gambling and a pilot phase ii study in nicotine addiction smoking cessation .,1
finnish financial group aktia s operating profit for 2009 increased to eur 47.0 mn from eur 6.6 mn in 2008 .,2
fancy dans on the move fab glasgow gift and interiors store fancy dans is moving,1
the group reiterated its forecast that handset manufacturers will sell around 915 mln units this year globally .,1
"during the strike , finnair estimates to incur a net loss of between eur2m and eur2 .5 m per day .",0
raute said it has won an order worth around 15 mln eur to supply several plywood production lines to mills operated by russian wood products company sveza group .,2
curators have divided their material into eight themes .,1
the group also has a strong global position in other fishing categories .,2
"operating profit , excluding non-recurring items , totalled eur 2.2 mn , down from eur 2.7 mn in the corresponding period in 2008 .",0
"typical end-uses include roof structures , floorings , walls and ceilings , non-visible structures in vehicles , packaging and boxes , construction site structures , fencing and shelters , and formwork with a limited number of concrete pourings .",1
their names have not yet been released .,1
competition authorities will have to approve the deal before it can be finalized .,1
"finnish lifting equipment maker konecranes oyj said on july 30 , 2008 that its net profit rose to 71.2 mln euro  $ 111.1 mln  for the first half of 2008 from 57.1 mln euro  $ 89.1 mln  for the same period of 2007 .",2
scania morgan stanley lifted the share target on swedish heavy-duty truck and bus maker scania ab to 330 crowns  $ 42.4 - 35.2 euro  from 310 crowns  $ 39.8 - 33.1 euro  .,2
"profit before taxes was eur 5.4 mn , up from eur 3.6 mn a year earlier .",2
incap contract manufacturing services private limited has inked agreements with six new customers in india .,2
the order is related to renewing the network of the telecommunications operator .,1
the profit after taxes was eur 57.7 11.1 million .,1
mr. doring has been with eaton since 1989 and acted as the business unit manager for eaton s power controls business unit since january 2007 .,1
the value of the orders is over eur 25mn .,1
the value of the orders is about eur 25mn .,1
finnish publishing and printing group ilkka-yhtym+ñ will introduced a staff smoking ban as of the beginning of 2007 at the company s three newspapers .,1
"the company s scheduled traffic , measured in revenue passenger kilometres rpk , grew by just over 2 % and nearly 3 % more passengers were carried on scheduled flights than in february 2009 .",2
the financial statements release will be available after publishing on the company s internet pages at www.cargotec.com .,1
"both operating profit and turnover for the six-month period increased , respectively , from eur17 .6 m and eur1149 .9 m , as compared to the corresponding period in 2007 .",2
"in addition to verification of an identity and digital signatures , new state-approved mobile id enables to cast votes in elections as well .",1
17 march 2011 - goldman sachs estimates that there are negative prospects for the norwegian mobile operations of norway s telenor asa osl  tel and sweden s teliasonera ab sto  tlsn in the short term .,0
"a coker crane will be supplied to tesoro corporation s golden eagle refinery in martinez , california , while a similar crane will be delivered to bp s castell refinery in spain .",1
"igor and oleg yankov , who currently manage moron and vitim , will hold onto the 25 % stake for now .",1
zao yit moskovia builds housing in moscow and its surrounding cities .,1
the company operates power plants in the tyumen and chelyabinsk regions and in the khanty-mansi autonomous district .,1
affecto expects its net sales for the whole 2010 to increase from the 2009 level when they reached eur 103 million .,2
"headquartered in this city , the company is nearly 75 years old and focuses on science-based innovation and technology for environmental measurement .",1
"tyrv+ñinen is of the opinion that the airline has been repeating this for some time already , however .",1
customers include hotels and restaurants as well as wholesalers and some retailers .,1
it also confirmed its earnings guidance for the whole 2009 issued in its report for the whole 2008 .,1
the new b shares carry the right to dividend and other shareholder rights with effect from today .,1
productional situation has now improved .,2
marimekko operates in an industry in which changes in the business climate are reflected in consumer demand .,1
"financialwire  tm  , in cooperation with the investrend broadcast syndicate , also provides complete , daily conference call and webcast schedules as a service to shareholders and investors via the firstalert  tm  networks oefirstalert  tm  daily .",1
"the company designs , manufactures and markets advanced composite products for industrial applications and consumer goods such as cross-country , alpine and nordic walking poles , floorball sticks and antenna radomes .",1
"kemira s rd organization comprises approximately 750 people , the company said .",1
4  complete name of the shareholder  otto henrik bernhard nyberg 5  further information  the amount of shares now transferred corresponds to 5.68 % of the total number of shares in aspo plc. .,1
"the customer is then forwarded to the site , and unknown to him logged in with the first number .",1
stock exchange release 1032011 1200 sanoma has published its annual report and financial statements for 2010 and its first corporate responsibility report .,1
okmetic board of directors has also decided on a new share ownership program directed to the company s top management .,1
the project also implies an underground parking lot for 56 vehicles .,1
the total capital of funds managed by the bank decreased by 28 % to eur 284mn by the end of september 2008 .,0
"estonia s agriculture minister helir-valdor seeder is in finland on a two-day visit , in the course of which he will meet with his finnish counterpart sirkka-liisa anttila .",1
ahlstrom s share is quoted on the nasdaq omx helsinki .,1
"operating loss totalled eur 12.7 mn , compared to a profit of eur 17.7 mn in the first half of 2008 .",0
net sales increased to eur655m in april to june 2010 from eur438m a year earlier .,2
"alma media holds 70 % of this company , the remaining shares being owned by the company s key employees .",1
"the machine will have an annual production capacity of 200,000 tonnes of super-calendered magazine paper and other paper grades based on recovered fiber , stora enso said .",1
"according to preliminary data from slovakia s statistics office , goods worth e36 .4 million were imported from finland between january and october 2010 , making up 0.1 percent of slovakia s total imports .",1
"patrick jeambar will also continue being responsible for innovation and health , safety and environment hsea functions of ahlstrom corporation .",1
about dopplr dopplr is a service for smart travellers .,1
"by 1429 cet on monday , shares in bavarian nordic had climbed 1.21 % to dkk250 on the stock exchange in copenhagen after having lost 7.41 % in the past month .",2
"it will be operated by nokia , and supported by its nokia netact network and service management system .",1
"it comes complete with an lcd touch screen system for selection of your chosen function and prices start at around the pounds 4,805 mark .",1
"in the reporting period , the company s operating profit grew by 43.2 % to eur 6 million .",2
operating profit increased to eur 14.0 mn from eur 4.9 mn in the corresponding period in 2005 .,2
the optimization of the steel components heating process will reduce the energy consumption .,2
incap contract manufacturing is a subsidiary of incap corporation of finland .,1
the subscription period of amer sports  2002 warrant scheme will end on 31 december 2007 .,1
the contract includes heating plant equipment and associated installation work .,1
the forecast for 2012 is 3.3 % .,1
finnish food industry company l+ñnnen tehtaat is planning changes to its fish product business .,1
"cost cutting measures , which have produced around eur70m of savings over the past nine months , have dampened the airline s loss , finnair said .",2
this includes a eur 39.5 mn change in the fair value of investment properties .,1
the shares represented 4.998 % of total share capital and 2.14 % of total voting rights .,1
the fair value of the company s investment properties went down to eur2 .769 bn at the end of september 2009 from eur2 .878 bn a year earlier .,0
the terms of the transactions remained undisclosed .,1
the negotiations will concern the plant s department producing winded roving that employs 10 people .,1
"founded in 1946 , strand associates , which provides civil , environmental , transportation , electrical and mechanical engineering services , has 350 employees at 10 offices in wisconsin , alabama , illinois , indiana , kentucky and ohio .",1
"the second variant offers complete final finishing of any selected apartment with foreign high quality materials  finland , denmark , germany , france  .",1
"following the issue , the new shares will constitute 10 percent of the firm s capital .",1
"however , the offering will probably not be made at the current valuation , which partly derives from the deal in which the company was merged into a stock market shell .",1
"for 24-hour news , try icis news www.icis.com click  trial  , then icis news",1
"the order values at eur 6.9 mn , and it consists of design services and hardware and software licences .",1
"luna took fifth place on six-under 207 , a shot behind spain s beatriz recari and germany s martina eberl , while welsh player becky brewerton was the highest-placed british finisher , sharing seventh place on three-under 210 after shooting 71 .",1
"operating profit totaled eur 37,7 mn , up slightly from eur 37.2 mn in the corresponding period in 2006 .",2
filmiteollisuus fine ab will be transferred to talentum oyj in the form of a subsidiary .,1
passenger volumes rose by 8.4 % in the accounting period .,2
return on investment was 16.6 % compared to 15.8 % in 2004 .,2
diluted earnings per share  eps  declined to eur 0.78 from eur 1.76 .,0
vacon s cash flow from operations grew to eur 37.1 mn from eur 21.9 mn a year ago .,2
"lkab , headquartered in lulea , sweden , is a high-tech mining company producing upgraded iron ore products for the steel industry .",1
"if you need malware removal tools , type the url of your vendor of choice directly into the browser bar and use links on their website ,  wrote trend micro s rik ferguson on monday .",1
okmetic expects its net sales for the first half of 2009 to be less than in 2008 .,0
"that address also happens to house italian megamart eataly , meaning that  come on , kids , we re going to the toy building",1
eur 152.4 mn of this was net interest income .,1
"following the registration , the number of issued and outstanding shares of basware is 12,890,829 .",1
"the start of the negotiations , relating to glaston s efficiency program , was announced in october .",1
serving customers locally is one of the cornerstones of customer focus for us .,1
"earnings per share  eps  were eur0 .03 , up from the loss of eur0 .083 .",2
"full-year net sales are expected to increase by approximately 10 % , the company said .",2
our customer has been satisfied with basware invoice automation solution and extends the implementation to new geographies .,2
"outotec s delivery covers the engineering , supply and construction of a circulating fluid bed calcination plant with a capacity of 1,600 tons of alumina per day .",1
"pretax loss totalled eur 49.9 mn , compared to a loss of eur 15.4 mn in the corresponding period in 2008 .",0
financial terms were nt disclosed .,1
pharmaceutical market in belgium global research  data services published recently a market analysis about the pharmaceutical markets in belgium .,1
the medium-term operative targets of the company remain unchanged .,1
the aim is an annual improvement in ruukki construction s operating profit of more than eur 3 million usd 4.1 m starting in 2009 .,2
"according to business media reports , usmanov planned to transfer his megafon stake to the state-controlled svyazinvest , in exchange for a stake in the merged rostelecom .",1
"in its financial report , published on friday , seb said its net profit soared to sek6 .745 bn in 2010 from a year-earlier sek1 .114 bn and proposed a 50 % dividend increase to sek1 .50 per share .",2
rapala fishing frenzy 2009 .,1
capital expenditure on energy efficiency has unfortunately fallen along with the decline in the economy .,0
the shops are located in the capital region and the paijat-hame region .,1
"in q1 10 19 april 2010 - finnish forest machinery and equipment maker ponsse oyj hel  pon1v said today that it expects to swing to a net profit of some eur6 .3 m in the first quarter of 2010 , from an eur9 .6 m loss a year earlier .",2
"the tests , conducted at nokia siemens  lte center of competence in espoo , finland , follow the company s production start of lte-ready flexi multiradio base stations for the 800 mhz band in april 2010 , and complement earlier tests with nokia on the 2100 mhz and 2600 mhz bands .",1
"elcoteq dongguan was established in 1999 in the nancheng district of dongguan , china and is one of elcoteq s four volume manufacturing plants in the asia-pacific region .",1
printed fabrics and related design expertise have always been the core of marimekko s business and brand .,1
"the donations are granted to aalto university and the universities of helsinki , tampere , turku , eastern finland , jyv+ñskyl+ñ , oulu and vaasa , and to polytechnics to be announced later .",1
"kesko has about 2,000 stores engaged in chain operations in the nordic and baltic countries , russia , and belarus .",1
"with five different game modes , co-op tournaments , 4 player split-screen and multiplayer modes , players can have as much fun as they would if they were actually fishing .",1
the investment would be some eur5m .,1
no financial information was provided .,1
the output of the contracts totals 72 mwe .,1
lt s net profit for the whole 2010 dropped to eur 36 million from eur 45 million for 2009 .,0
"lining stone sales were also good in the early autumn , and order books are strong to the end of the year .",2
finnish elevators and escalators maker kone corporation said on tuesday  18 march  that it has received a major order from sir robert mcalpine to supply all elevators and escalators for the watermark place project in the city of london .,2
"the sale , which will result in a gain of some eur 60 million in the second quarter of 2010 for oriola-kd , supports the finnish company s strategy to focus on pharmaceutical wholesale and retail operations .",2
"the offer price is $ 35 million , including cash of $ 10 million as net debt assumption of face , and $ 20 million worth of cencorp shares to be issued to savcor .",1
"yit s baltic sales in the first three quarters of 2008 totaled 106.2 million euros , representing a drop of 29 percent year on year .",0
"operating profit totalled eur 5.8 mn , up from a loss of eur 1.7 mn in the fourth quarter of 2009 .",2
"originally posted to the pcmag.com security blog , security watch .",1
"neste oil s refineries have a combined crude oil refining capacity of approximately 260,000 barrels a day .",1
"in 2007 talentum will disclose three interim reports - q1  january - march  on friday , 27 april , 2007 - q2  april - june  on friday , 20 july , 2007 - q3  july - september  on friday , 26 october , 2007 .",1
the price will be specified at the completion date .,1
total value of the contract is about eur 10mn .,1
the net sales decreased to eur 49.8 million from eur 59.9 million .,0
"the company was supposed to deliver machinery to a veneer mill in the tomsk region , in russia .",1
the diluted loss per share narrowed to eur 0.27 from eur 0.86 .,2
stora is due to release its fourth-quarter and 2009 full-year earnings on feb. 4 .,1
"operating loss before non-recurring items was eur 0.9 mn , compared to a profit of eur 11.5 mn in 2008 .",0
"the contract covers turnkey deliveries to all five airports operated by the authority -- john f kennedy , laguardia , newark , teterboro and stewart international .",1
the reductions will be concluded by autumn 2010 .,1
"lcs s services cover the whole life cycle of software and information systems , from process modelling and tailored software development , to hosting services , solution management , maintenance and support .",1
"russian export duties will activate harvesting in finland , and sales in russia will increase also .",2
that would be an increase from estimated sales of 117 million last year .,2
"following the registration , the share capital of biotie is eur 52,556,678.10 .",1
kaupthing bank will publish its annual results for 2007 before markets open on thursday 31 january .,1
stora enso s third-quarter pre-tax profit doubled to eur 197mn .,2
"barclays plc  lse  barc   nyse  bcs  , credit agricole sa  epa  aca   cagr .",1
"ramirent s net sales in the second quarterended june 30 were euro 128.7 million about u.s. $ 163 million , a 3.3-percent increase compared with euro 124.6 million for thesecond quarter last year .",2
upon completion of the sale proha would get some usd12 .7 m for its stake in artemis .,1
at 900 eet alma media s annual report for 2009 is scheduled to be published in calendar week 9 .,1
the stock rose for a second day on wednesday bringing its two-day rise to gbx12 .0 or 2.0 % .,2
"rautalinko was resposnible also for mobility services , and his job in this division will be continued by marek hintze .",1
the corrected chapter is in its entirety below .,1
elcoteq has a global network of after market service sites which have a long experience in serving consumer electronics and systems solutions customers .,1
"tekla s defense business employs over 20 persons and is located in espoo , finland .",1
the arrangements do not apply to the group s units outside finland .,1
the percentages of shares and voting rights have been calculated in proportion to the total number of shares registered with the trade register and the total number of voting rights related to them .,1
renesas mobile europe ltd has approximately 470 employees in oulu .,1
the proposal by the board of directors on the issuance of option rights will otherwise correspond to the proposal by the board of directors in the notice to the general meeting .,1
clothing chain sepp+ñl+ñ s net sales increased by 7.0 % to eur 30.8 mn .,2
operating profit rose to eur 3.11 mn from eur 1.22 mn in the corresponding period in 2009 .,2
stora enso oyj said its second-quarter result would fall by half compared with the same period in 2007 .,0
"earnings per share  eps  in the first half of 2007 amounted to eur0 .29 , down from eur0 .40 year ago .",0
"when completed , the 120-meter watchtower will be the highest building in ireland .",1
the new location is nt the only change wellmont has in store for its air transport service .,1
operating profit decreased to eur 11.2 mn from eur 16.6 mn .,0
the company specialises in temporary electrification and heating at construction sites .,1
the employee negotiations are to address measures needed to adjust the operations to the present production situation .,1
"new delhi , july 17 -- sahlberg teppo , kallio timo and mustonen tuomas of m real oyj , espoo , finland have developed novel markings and methods of producing the same .",1
"as part of the transaction , m-real and sappi have also signed a long-term agreement on the supply of pulp and bctmp and other smaller services and supplies .",2
the net sales of healthcare trade business in 2009 were eur 145.1 million eur 155.2 million and operating profit eur 8.9 million eur 7.9 million .,1
net sales of finnish food industry company l+ñnnen tehtaat s continuing operations increased by 13 % in 2008 to eur 349.1 mn from eur 309.6 mn in 2007 .,2
"for q2 2010 , consolidated earnings before tax totaled eur4 .5 m , compared to eur3 .9 m , and net profit was eur3 .2 m , compared to eur2 .9 m in the previous year .",2
"finnair s tallinn-based subsidiary , aero as , carried 23,335 passengers , a decline of 60.8 % , on routes between helsinki and the baltic capitals and within southern finland .",0
the value of the order is about eur 30mn .,1
valmet automotive reports net sales of eur 85mn and operating profit of eur 8mn .,1
benefon will turn the salo unit into a b2b business unit and establish a b2c business unit in the uk .,1
"the company s consolidated operating profit amounted to eur 15.86 mn , up from eur 4.14 mn year-on-year .",2
a total 30 % of the order value was booked in the fourth quarter of 2009 and the remainder will be booked in the second quarter of 2010 .,1
the oulu plant employs approximately 120 people .,1
the group s order portfolio decreased from eur 42.9 mn in 9-2007 to eur 33.3 mn in 2-2008 .,0
risk exposure by non-life insurance moving 12-month expenses by function in non-life insurance excluding expenses for investment management and expenses for other services rendered non-life insurance investment portfolio by allocation,1
the company website is www.ahlstrom.com .,1
"the deal covers stockmann auto oy ab s sales and after-sales services concerning volkswagen and audi in helsinki , espoo and vantaa .",1
basware finances the acquisition with a bank loan .,1
sampo plc jarmo salonen head of investor relations and group communications tel. +358 10 516 0030 distribution  nasdaq omx helsinki the principal media financial supervisory authority www.sampo.com this announcement is distributed by thomson reuters on behalf of thomson reuters clients .,1
"net sales of kyro s main business area , glaston technologies , a manufacturer of glass processing machines , decreased to eur 161.5 mn from eur 164.1 mn in january-september 2005 .",0
"teleste s hybrid tv solution includes components for the whole process of delivering video services to consumers from content acquisition and service creation to delivery through a range of access solutions , including hfc  hybrid fibre-coaxial  , xdsl , etth , and ftth .",1
"the stable outlook reflects nokia s strong market position in the global mobile handset market , strong cash flow generation , and very conservative balance sheet ,  said raab .",2
15 december 2010 - finnish-german telecoms equipment maker nokia siemens networks said today it won a contract to upgrade the radio network of home-based telecommunications company elisa oyj hel  eli1v .,2
more than 80 special events in the three counties during four months were hosted by the library system and its nine branch libraries .,1
and that s exactly what happened on a recent weekday when an east haven baker was brought in to remind residents about the easter tradition of making wheat and rice pies .,1
less than ten people will face pension agreements .,1
the idea of saving electricity in data transfer is still a new one .,1
"u.s.-based t corp. is in talks with scandinavian telecoms company teliasonera to sell its stake in uzbek cellular operator coscom , an executive at coscom told interfax .",1
"the total delivery volume of paper businesses in 2010 was 1,155,000 tonnes , up from 1,132,000 tonnes in 2009 .",2
"sales improved to sek 1,553 mn , compared with sek 1,408 mn .",2
the company s market share is continued to increase further .,2
"the company is owned by the state of finland and the european aeronautic defense and space company eads n.v. tekla is an international software company that provides solutions for building and construction , energy distribution and municipalities .",1
autotank group is part of aspo s systems division .,1
runway visual range is a calculated assessment of the distance that a pilot can see down a runway .,1
"the add-on order contains , among others , control valves and instrumentation as well as complete mill engineering and electrification with metso drive controls .",1
mr. koistinen joins from nokia siemens networks where he has held various senior sales management and business development positions since 1997 .,1
"2010 16 july 2010 - finnish steel maker rautaruukki oyj hel  rtrks , or ruukki , said today it turned to a net profit of eur20m in the second quarter of 2010 from a net loss of eur94m in the corresponding period last year .",2
"finnish drug distributor and wholesaler oriola-kd oyj said on october 11 , 2006 it named anne kariniemi vice president of its logistics and sourcing department as of january 15 , 2007 .",1
"the reorganisation will be carried out by transferring hkscan corporation s production-related property , plant and equipment in finland as well as its holdings in subsidiaries and associates to hkscan finland oy , a holding company wholly owned by hkscan corporation .",1
"mr. mikko saavalainen , head of comptel s global sales concludes   gibtelecom provides a perfect illustration of the variety of business , technical and regulatory challenges operators are facing in their oss today .",1
"destia oy is a finnish infrastructure and construction service company building , maintaining and designing traffic routes , industrial and traffic environments , but also complete living environments .",1
"to see more of new haven register , or to subscribe to the newspaper .",1
the duration of the contract is 37 months .,1
a merger between upm and finnish-swedish stora enso is not likely either .,1
why not give your bedroom a cool makeover for summer .,1
"according to hkscan finland , the plan is to increase j+ñrvi-suomen portti s net sales to eur 80mn to eur 100mn .",2
repeats sees 2008 operating profit down y-y  reporting by helsinki newsroom  keywords  tecnomen-results,0
ponsse projects the forest machine markets to improve more than expected in 2010 from the previous year .,2
it posted a turnover of 4.5 mln euro $ 6.1 mln and an operating profit of 1.5 mln euro $ 2.0 mln for 2006 .,1
latvia s stockmann shopping mall is a subsidiary of finland s stockmann plc. .,1
the financial statements and interim reports will be released around at 9.00 a.m.  finnish time  on the given dates .,1
"the fair value of the investment properties totaled eur 2,534.9 mn , up from eur 2,455.1 mn in 2006 .",2
"together with latvia , cramo will operate 54 rental outlets in the baltic states .",1
finnish rautaruukki has been awarded a contract to supply and install steel superstructures for the partihallsf+ârbindelsen bridge in gothenburg in sweden .,2
it has some 30 offices worldwide and more than 90 pct of its net sales are generated outside finland .,1
"exports of goods fell by 59 % , and imports by 16.7 % .",0
finnish silicon wafers manufacturer okmetic oyj said it swung to a net profit of 4.9 mln euro $ 6.3 mln in the first nine months of 2006 from a net loss of 1.8 mln euro $ 2.3 mln a year earlier .,2
"equity ratio was 60.9 % compared to 54.2 % in the third quarter of 2007 , net sales of the frozen foods business totaled eur 11.0 , up by about 5 % from the third quarter of 2006 .",2
"maggie ramsey s wait - and those of thousands of oregon and washington guides , anglers and others who flock to his frequent seminars - is nearly over .",1
"clothing retail chain sepp+ñl+ñ s sales increased by 8 % to eur 155.2 mn , and operating profit rose to eur 31.1 mn from eur 17.1 mn in 2004 .",2
comparable operating profit decreased to eur 13.8 mn from eur 17.1 mn in the corresponding period in 2005 .,0
"in sales volume , coca-cola s market share has decreased by 2.2 % to 24.2 % .",0
"both operating profit and net sales for the six-month period increased , respectively from eur18 .1 m and eur127 .6 m , as compared to the corresponding period in 2006 .",2
"upm-kymmene corp. , the world s largest maker of magazine paper , on tuesday reported a 19-percent profit drop as lower paper prices , higher costs and a strong euro hurt revenue .",0
"adp news  - feb 11 , 2009 - finnish management software solutions provider ixonos oyj  hel  xns1v  said today its net profit rose to eur 3.5 million  usd 4.5 m  for 2008 from eur 3.1 million for 2007 .",2
this release is not an offer of securities for sale into the united states or elsewhere .,1
"stockholm-based nordea bank  sto  nda  said yesterday it had hired casper von koskull to lead its corporate merchant banking and capital markets unit , effective 1 september .",1
"lithuanian beer makers sold 256.88 million liters of beer in 2005 , a rise of 4.5 per cent from the year-earlier figure of 245.92 million liters .",2
finnish developer and manufacturer of mobile phone chargers salcomp plc omx helsinki  sal1v on wednesday 19 november lowered its full-year net sales estimate .,0
"the lemminkainen group , headquartered in helsinki , finland operates in all sectors of the construction industry  civil engineering , building contracting , technical building services and the building materials industry .",1
the department store division s sales fell by 8.6 % to eur 140.2 mn .,0
"finland s technopolis is planning to bring the first section of a technopark on stream in st. petersburg at the end of 2008 , kari mikkonen , vice president of technopolis , told reporters in helsinki .",1
"simultaneously , his responsibility area is extended from legal affairs to cover also mergers and acquisitions .",1
financial details were nt disclosed .,1
sanoma announced the stock option scheme 2008 on 19 december 2008 .,1
"erkki jarvinen , president of rautakirja and the head of the sanoma trade division , will leave his current tasks in spring 2009 for a similar position outside the sanoma group .",1
"koduextra is operating a retail chain of 11 stores , controlled by finnish non-food center ky , rukax oy , and scan-tukka oy .",1
the turbines are expected to be launched by the end of 2012 .,1
"the annual general meeting approved that the yearly remuneration for the members of the board of directors shall remain at eur 40.000 for the chairman of the board , eur 30.000 for the deputy chairman of the board and eur 20.000 for other members of the board .",1
"enp newswire - 22 march 2011 release date - 21032011 - a total of 13,000 talvivaara mining company plc s new shares were subscribed for during the period between 1 january 2011 and 28 february 2011 under the company s stock option rights 2007a .",1
"commission income increased by 22 % to eur 4.4 mn , and lending volume rose by 13.5 % .",2
finnish bank of +àland reports its operating profit rose to eur 21.3 mn in the second quarter of 2009 from eur 6.1 mn in the corresponding period in 2008 .,2
operating profit rose to eur 27.8 mn from eur 17.5 mn in 2008 .,2
"cost savings will then rise to some 20 mln eur a year from 2007 , oko said .",2
"the value of the order is eur 700,000 .",1
"the group s business sectors are building construction , infrastructure construction , technical building services , and building products .",1
"finnish steel maker rautaruukki oyj  hel  rtrks  , or ruukki , said today its net loss contracted to eur 49 million  usd 68.2 m  for the first nine months of 2010 from eur 229 million for the same period a year ago .",2
"the equipment is designated to bollore africa logistics terminal societe dexploitation du terminal de vridi setv in abidjan , ivory coast and the delivery is scheduled to start in march 2010 .",1
"the portfolio comprises of 118,000 m2 of leasable space with a vacancy rate of roughly 5 % , let to around 140 tenants of which two of the largest are the swedish government and ericsson .",1
the eps outlook was increased by 5.6 pct for 2007 and 7.0 pct for 2008 .,2
"the process , technology , project management , basic engineering and quality assurance within forest industry will be consolidated in vantaa , southern finland .",1
"in 2009 , lee  man had a combined annual production capacity of close to 4.5 million tonnes of paper and 300,000 tonnes of pulp .",1
"the cost of the deal could range from 70 million to 90 million euros depending on the financial results of the two companies in 2008 , the statement says .",1
catalysts segment includes refinery catalysts and polyolefin catalysts product categories .,1
"the inventors are bylander johan , ponten fredrik and lundberg jorgen .",1
"however , net sales in 2010 are seen to have grown to eur598 .3 m from eur582 .3 m in 2009 .",2
"in the second quarter of 2010 , the company s net profit was eur1 .7 m compared to a net loss of eur1 .3 m in april-june 2009 .",2
"however , the company saw its net profit for the third quarter down to eur1 .4 m from eur1 .5 m for the corresponding period of 2009 .",0
"the latest date for registration is on 4 april , 2006 .",1
"after the transaction , m-real will own 30 % in metsa-botnia and upm -- 17 % .",1
"adp news  - feb 4 , 2009 - finnish broadband data communication systems and solutions company teleste oyj  hel  tlt1v  said today its net profit decreased to eur 5.5 million  usd 7.2 m  for 2008 from eur 9.4 million for 200",0
"exel s board of directors will propose a dividend of 0.2 euro $ 0.3 per share for 2006 at the annual general meeting on april 19 , 2007 .",1
"the airline estimated that the cancellation of its flights due to the closure of european airspace , and the process of recommencing traffic , have caused a the company a loss of eur20m , including the costs of stranded passengers  accommodation .",0
"net interest income was eur 39.3 mn , up from eur 32.7 mn .",2
"cerberus capital management lp-backed printing paper maker newpage corp. has posted mixed second-quarter results , casting a cloud over its planned initial public offering .",0
"the company s order book stood at 1.5 bln euro $ 2.2 bln on september 30 , 2007 , up by 24.2 pct on the year , with international orders amounting to 365 mln euro $ 534.3 mln .",2
he will report to capman plc s ceo heikki westerlund .,1
"an of the invention , released by the patent office , said   the chambers are pressurized .",1
"profit for the period was eur 9.8 mn , up from eur 6.0 mn in 2004 .",2
"by the end of 2006 , the number of joint branch offices will total 170 .",1
"net sales will , however , increase from 2005 .",2
sales have risen in other export markets .,2
"altona stated that the private company of altona chairman kevin maloney , tulla resources , would take up its entitlement in full .",1
technical indicators for the stock are bullish and sp gives nok a positive 4 stars out of 5 buy ranking .,2
oriola-kd is a spin-off of finnish pharmaceutical group orion oyj s wholesale division .,1
"capman has four investment areas  capman buyout , capman technology , capman life science and capman real estate  , and each of them has a dedicated team .",1
there have not been previous share subscriptions with 2004 stock options .,1
"however , the broker gave an  outperform  recommendation on the stock .",2
pretax profit rose to eur 17.8 mn from eur 14.9 mn in 2005 .,2
"the value of the contract is about eur1 .0 m. poyry , headquartered in vantaa , finland provides consulting and engineering services to the energy , forestry and infrastructure  environment sectors .",1
the contract involves refurbishing the bathrooms of 189 units as well as re-plumbing their water and sewer pipes .,1
"in the building and home improvement trade , sales decreased by 6.3 % , totalling eur 154.1 mn .",0
elcoteq se is listed on the nasdaq omx helsinki ltd. .,1
the situation of coated magazine printing paper will continue to be weak .,0
net sales decreased to eur 91.6 mn from eur 109mn in the corresponding period in 2005 .,0
"order intake grew by 40 % year-on-year and 30 % year-on-year , respectively , to eur 576 million and eur 1.7 billion for the respective january-september and july-september 2010 periods .",2
"motorola accounted for 11.5 percent of the south korean handset market as of the end of april , samsung held 55 percent and lg electronics 19 percent , according to korea-based atlas research group .",1
"adp news  - finnish handling systems provider cargotec oyj  hel  cgcbv  announced on friday it won orders worth eur 10 million  usd 13.2 m  to deliver linkspans to jordan , morocco and ireland .",2
the measures result from the statutory joint negotiations with employees which started in february and concerned all operations in the country .,1
"finnish suominen corporation that makes wipes , nonwovens , and flexible packaging , expects changes in the market situation to reduce sales of suominen s nonwovens and wet wipes from the previously estimated volumes .",0
"the company is also seeking possibilities to relocate the luumaki personnel , some 50 people , to other upm mills .",1
"financialwire tm is not a press release service , and receives no compensation for its news , opinions or distributions .",1
"operating profit for the three-month period increased from eur1 .2 m , while revenue increased from eur20 .2 m , as compared to the corresponding period in 2005 .",2
le lay succeeds walter g++nter and will be based in finland .,1
return on investment roi was 4.1 % compared to 43.8 % in the first half of 2008 .,0
"the operations to be sold include manufacturing units in finland , france , poland and turkey , as well as sales units in germany and lithuania .",1
"both operating profit and net sales for the three-month period increased , respectively from eur15 .1 m and eur131 .5 m , as compared to the corresponding period in 2005 .",2
"kalnapilio-tauro grupe  kalnapilis-tauras group  , which is owned by denmark s royal unibrew , raised its market share to 25.18 percent from 23.74 percent , as beer sales for the seven months jumped by 14.5 percent to 40.5 million liters .",2
stock exchange announcement 20 july 2006 1  1  basware share subscriptions with warrants and increase in share capital a total of 119 850 shares have been subscribed with basware warrant program .,1
"basware is headquartered in espoo , finland .",1
"look out for vintage fabric cushion covers , 70s coffee pots , ceramic serving dishes , cocktail glasses , and stainless steel party dishes .",1
"on the following workday customers can check from their home computers how their purchases are divided between different ingredient groups , how much energy various products contain and what is the nutritional content of all purchases .",1
"finnish suominen corporation that makes wipes , nonwovens , and flexible packaging , has a plant near warsaw , in poland , that makes flexible packaging .",1
orion s net profit for the third quarter of 2007 decreased to 36.5 mln euro  $ 52.1 mln  from 40.3 mln euro  $ 57.5 mln  a year earlier .,0
"the company recorded revenues of e658 .1 million during the fiscal year ended december 2007 , an increase of 23 % over 2006 .",2
"the contract includes software licences , application maintenance and training .",1
"of these shares 14,747,084 are held by the company and the number of outstanding shares and voting rights attached to the shares amounts thus to 161,256,847 .",1
"bavaria industriekapital ag s 2006 revenues were eur 333 million , with an ebitda of eur 51 million .",1
operating profit fell to eur 38.1 mn from eur 55.3 mn in 2007 .,0
"the fair value of the property portfolio doubled as a result of the kapiteeli acquisition and totalled eur 2,686.2 1,259.7 million .",2
"an of the invention , released by the patent office , said   a non-coherent search matrix is formed of said correlation function matrix .",1
"the businesses to be divested offer dairy , edible fats , ready-meal and ice-cream packaging to multinational and local customers .",1
"both operating profit and net sales for the six-month period increased , respectively , from eur13 .8 m and eur143 .6 m , as compared to the corresponding period in 2007 .",2
commission income fell to eur 4.6 mn from eur 5.1 mn in the corresponding period in 2007 .,0
"basware invoice processing , basware contract matching , basware order matching and basware kpi reporting tool are part of the basware s enterprise purchase to pay product suite .",1
storengy is the gdf suez company that is dedicated to the underground storage of natural gas .,1
"the cosmetics collection includes an eye shadow , face powder , lip gloss , mascara and accessories .",1
"the company s profit totaled ls 578,100 in h1 2007 , down 30.9 % year-on-year .",0
"operating profit totaled eur 825mn , up from eur 763mn in 2004 .",2
"finnish it consultancy satama interactive oyj posted a net profit of 1.4 mln euro $ 2.0 mln for the first nine months of 2007 , compared to a net loss of 462,000 euro $ 664,000 for the same period of 2006 .",2
the ecb can mainly target inflation .,1
"german commerzbank ag s hamburg branch and us jp morgan  nyse  jpm  participated as arrangers , and dutch ing  ams  inga  as co-arranger .",1
"in addition , the contract includes modification of the effluent treatment plant at follum .",1
from merisatama to the far corners of the world asfaltti osakeyhti+â lemmink+ñinen was established in 1910 by a group of master builders in helsinki as a specialist business and subcontractor .,1
"finnish consulting and engineering group poyry plc  omx helsinki  poy  said on wednesday  1 october  that it has been awarded a contract by tanqia dibba fzc as owner-engineer for the wastewater system of dibba , emirate of fujairah , uae .",2
performance in the second half of 2009 exceeded expectations .,2
"cash flow from operations totalled eur 2.71 mn , compared to a negative eur 0.83 mn in the corresponding period in 2008 .",2
"eur928 ,000 in q1 2010 6 may 2010 - finnish textile and clothing design company marimekko oyj  hel  mmo1v  said today its net profit rose to eur928 ,000 in the first quarter of 2010 from eur13 ,000 in the corresponding period a year earlier .",2
the fixed acquisition price amounts to nok 70  approximately eur 8.7  million and additional price nok 15  eur 1.8  million at maximum .,1
"since the registration of the shares subscribed in a directed share issue , the new number of panostaja shares and voting rights is 41,733,110 .",1
swedbank s shares have been hardest hit of the swedish banks by the ongoing international financial crisis .,0
no financial details were revealed .,1
"also , a six-year historic analysis is provided for this market .",1
"tecnomen s solution can be used for prepaid and post-paid billing , for charging and rating of voice and video calls , data traffic and any kind of content services in both mobile and fixed networks .",1
"the aim of the ceo s qa sessions is to give further clarity on information , which has been made public already earlier .",1
"elisa said mobile subscriptions grew 7 percent during 2007 , mainly because of customers adopting so-called third generation mobile technology .",2
"finnish textiles and clothing group marimekko oyj posted a net profit of 7.99 mln euro $ 10.4 mln for 2006 , compared to 8.4 mln euro $ 10.9 mln for 2005 .",0
"the executive said that countries such as brazil , chile , argentina and mexico will lead the adoption in the business ethernet services segment , while brazil and mexico will be the early adopters of carrier ethernet for mobile backhaul .",1
"the group posted net sales of 35.3 mln euro $ 46.5 mln and an operating profit of 760,000 euro $ 1.0 mln in 2005 .",1
"the announcement pushed freenet shares down 6.3 % , or eur0 .71 , in frankfurt trade to eur10 .65 as investors gave up hope united internet ag and drillisch would pursue their own takeover and breakup of freenet .",0
"due to the rapid decrease in net sales , personnel reductions have been carried out on a wider scale than initially expected .",0
"with capman as a partner , we will be able to further develop our business and continue to focus on providing quality restaurant services for our customers ,  says christopher wynne , ceo of papa john s russia .",2
for the new shares subscribed with stock options all shareholder rights commence from the date on which they are entered into the trade register .,1
we know there are some of our own people out there .,1
"ebitda for the year 2009 improved to eur484m , as compared with eur472m in 2008 .",2
"finnish it consultancy satama interactive oyj said on november 13 , 2006 that jarmo lonnfors took up the position of ceo .",1
"panostaja owns a 68.77 pct of share capital and the voting rights of suomen helasto shares following an exchange of shares which was carried out on may 30 , 2007 .",1
dragonfly love is another video shot from start to finish using the nokia n8 .,1
exel wants to serve its industrial customers with individual products .,1
11 august 2010 - finnish measuring equipment maker vaisala oyj hel  vaias said today that its net loss widened to eur4 .8 m in the first half of 2010 from eur2 .3 m in the corresponding period a year earlier .,0
"the earnings per share for the quarter came in at 0.25 eur , up from the 0.20 eur of the same quarter a year earlier .",2
the customer is local company etera mutual pension insurance co and the principal tenant of the unit will be media company alma media corp hel  aln1v .,1
the stock rose for a third day on tuesday bringing its three-day rise to gbx10 .50 or 1.8 % .,2
"both operating profit and sales for the three-month period increased , respectively from eur0 .3 m and eur13 .1 m , as compared to the corresponding period in 2005 .",2
pretax profit rose to eur 0.6 mn from eur 0.4 mn in the corresponding period in 2005 .,2
"in this way , the industry s starting point has been the consumers  needs .",1
i am extremely delighted with this project and the continuation of cooperation with viking line .,2
the aforementioned shareholders have informed that they will propose to the annual general meeting that the number of members of the board of directors shall be five and that besides the present members of the board of directors also mr lassi noponen shall be elected to the board of directors .,1
the cranes would be installed onboard two freighters ordered by singaporean ship owner masterbulk .,1
finnish department store chain stockmann oyj abp net profit rose to 39.8 mln euro  $ 56.8 mln  for the first nine months of 2007 from 37.4 mln euro  $ 53.4 mln  for the same period of 2006 .,2
"pretax profit totaled eur 9.0 mn , down from eur 36.3 mn in 2007 .",0
"sukhraj dulai , of the 2900 block of boni sue court , a cul-de-sac on the city s north side , started the vehicle and went inside his house about 8 a.m. tuesday , leaving the garage door open .",1
"in the third quarter , net sales increased by 12 % year-on-year to eur159 .5 m , or by 6 % at comparable currency rates growth .",2
stichting pensioenfonds abp  4 118 122 shares representing 5.19 % of the share capital and voting rights .,1
"in the building and home improvement trade , sales decreased by 22.5 % to eur 201.4 mn .",0
"a total of 16.5 mn passenger ship journeys took place in the northern baltic sea in 2007 , slightly down from 16.5 mn in 2006 .",0
"markets had been expecting a poor performance , and the company s stock was up 6 percent at x20ac 23.89 us$ 33.84 in early afternoon trading in helsinki .",2
production is scheduled to start by the end of april 2007 .,1
"the stock is trading above both its maps and the 50-day map of sek72 .983 is higher than the 200-day map of sek70 .283 , a bullish indicator .",2
the pretax profit of the group s life insurance business increased to eur 36 million from eur 27 million .,2
residents access to the block is planned to be from aleksandri street .,1
helsinki afx - outokumpu said its technology unit has won a 28 mln eur contract from bosnia-herzegovina s aluminij dd mostar to upgrade an anode plant .,2
"tekla will organize an information meeting for analysts and media at wtc helsinki marski meeting room , aleksanterinkatu 17 , the same day at 1230 - 130 p.m. light lunch will be served .",1
"in july-september 2008 , yit s net sales increased to eur 970.8 mn , compared to eur 906.8 mn in the corresponding period in 2007 .",2
"in the fourth quarter of 2008 , net sales increased by 2 % to eur 1,050.7 mn from eur 1,027.0 mn in the fourth quarter of 2007 .",2
"from 2003 on , the emphasis of kyro s strategy has been on glaston s growth .",1
the value of the multi-year agreement is over eur 2mn a year .,1
"tieto s service is also used to send , process and receive materials related to absentee voting .",1
"the lithuanian beer market made up 14.41 million liters in january , a rise of 0.8 percent from the year-earlier figure , the lithuanian brewers  association reporting citing the results from its members .",2
cash flow from operations for the most recent quarter also reached a eight year low .,0
"honkarakenne mainly exports large luxury log houses to russia to be used as one-family houses or holiday homes  70 % of sales go to the moscow region , about 20 % to the st petersburg region , and the remainder to other locations .",1
operating profit fell to eur 23.26 mn from eur 32.86 mn .,0
"the fixed-term contract of mr. jarmo ukonaho , the current general manager of incap s indian operations , will finish by the end of the year .",1
"in the baltic states the company reports net sales of eur 11.9 mn , down from eur 14.2 mn , and an operative ebit of eur -2.2 mn , down from eur -1.7 mn .",0
quality chargers under chargz brand are sold in selected retail stores and other sales locations world-wide .,1
helsinki afx - kci konecranes said it has won an order for four hot metal ladle cranes from indian steel producer bhushan steel and strips ltd. .,2
the growth of net sales has continued favourably in the middle east and africaand in asia pacific .,2
"the annual report will be sent automatically to shareholders holding at least 2,000 sampo plc shares .",1
elcoteq se is europe s largest contract electronics maker and has set up a unit in bangalore in association with avista advisory of mumbai .,1
"of the company s net sales , 38 % was acquired in finland , 21 % in other european countries , 40 % in asia , and 1 % in the us .",1
the adjustments concern staff in both the specialty papers and the fiber composites segments .,1
net profit was 35.5 mln compared with 29.8 mln .,2
"ragutis , controlled by the finnish brewery olvi , achieved a 5.7 percent rise in beer sales to 22.6 million liters and held a 10.75 percent market share .",2
niklas skogster has been employed by the abb group in various positions concerning the development of operations .,1
"jarmo honkamaa , head of the oil refining business at neste oil , says the situation looks promising from their viewpoint .",2
"danske bank a-s danske dc jumped 3.7 percent to 133.4 kroner , rebounding from yesterday s 3.5 percent slide .",2
"poyry s contract includes engineering management , civil and detail engineering services , and time scheduling and procurement services .",1
kone is listed on the nordic exchange in helsinki .,1
the combined value of the planned investments is about eur 30mn .,1
"the ebrd is using its own funds to provide a 21.6 million a loan while the b portion of 10 million euros has been syndicated to two finnish commercial banks , nordea bank finland plc and pohjola bank plc. .",1
"at the moment , there are approximately 20 vianor sales offices in russia .",1
the transaction value is cad 15 million approximately eur 10 million .,1
"equipment will be manufactured in vaahto s workshop in hollola , finland and is scheduled for shipments during the first quarter of 2009 .",1
operating profit rose to eur 5mn from eur 2.8 mn in the fourth quarter of 2008 .,2
no other ev3 devices were involved in this action .,1
the business development initiatives in north america are headed by lynn shanahan .,1
"adp news  - jan 22 , 2009 - finnish mobile phones maker nokia oyj  omx  nok1v  said today its operating profit decreased to eur 5 billion  usd 6.5 bn  for 2008 from eur 8 billion for 2007 .",0
"it operates under three distinct brands  united supermarkets , market street and united supermercado .",1
"most of the raw materials come from europe and the us and are paid in euros or us dollars , while sales take place in rubles .",1
"viking line s cargo revenue increased by 5.4 % to eur 21.46 mn , and cargo volume increased by 2.4 % to 70,116 cargo units .",2
investments are not disclosed .,1
"29 september , 2010 finnish waste management and recycling company lassila  tikanoja expands its operations in russia by introducing its recently completed recycling plant in the city of dubna near moscow .",2
"the business area has operations in finland , sweden , denmark , estonia , latvia and lithuania .",1
"aldata solution , a global company engaged in supplier to consumer business process optimization , has announced the details of its dollars for dinosaurs program .",1
"profit for the period was eur 5.9 mn , up from eur 1.3 mn .",2
finnair said that the cancellation of flights would cause daily losses of x20ac 2.5 million us$ 3 million .,0
"capacity of the facility made by finland s vaahto group is 86,000 tons of light coated paper .",1
"comparable operating profit totaled eur 4.7 mn , down from eur 5.1 mn in the corresponding period in 2005 , representing 7.4 % of net sales .",0
"furthermore , sales of new passenger cars and light commercial vehicles in the country declined by 5.4 % year-on-year last month .",0
1830 dinner the conference program can also be viewed as a live audio webcast through the internet pages at www.citycon.com .,1
"at the same time profit of the company increased by 10 % in h1 and reached ls 79,000 .",2
"retail chain suomen l+ñhikauppa was given the index 5.8 , airline sas 5.8 , teliasonera s broadband 6.1 , german retail chain lidl 6.1 , tele finland s mobile subscriptions 6.1 , tallink shipping line 6.3 , and power company helsinki energy 6.3 .",1
"they are responsible for their own operations , customer relationships , and the development of these .",1
"the payment date is march 25 , 2010 .",1
"in 2007 , the group s net sales stood at eur 42 million and it had about 1,445 employees .",1
"currently the terminator lures are produced in a subcontract facility in mexico but the manufacturing will be transferred to rapala s factory in shenzhen , china .",1
the value of the contract is eur 25mn .,1
"may 29 , 2010  companiesandmarkets.com delivered by newstex  -- this report provides key data and information on the meat , fish and poultry market in finland .",1
related links  flexiblebaseloadoperation thewartsila32generating set gasconversions this is the shorter of two versions of this press release .,1
"sales are expected to increase in the end of the year 2006 , however .",2
the business area s net sales were slightly over 2m in 2006 .,1
the company did not distribute a dividend in 2005 .,1
the fine print is here .,1
"the implementation of these programs has had , and will have , negative impacts on 2006 and 2007 earnings ,  mr meiklejohn said .",0
the writing and publication of lemmink+ñinen - s history is a continuation of earlier collaboration between antti tuuri and the company .,1
net investment income,1
"the financial impact is estimated to be an annual improvement of eur2 .0 m in the division s results , as of fiscal year 2008 .",2
investment management and investment advisory services are the company s sole line of business .,1
a huge issue for us is the button placement .,1
the financial details of the acquisition were not disclosed .,1
the company is presently examining whether the project would be financially feasible .,1
the soapstone deposits in the medvezhyegorsk area are expected to increase tulikivi s current reserves considerably .,2
our vaalipalvelu-service was especially developed for use by communities and organizations .,1
union and company officials did not return calls yesterday .,1
"protalix closed at $ 10.71 on friday on the american stock exchange , giving a market cap of $ 827 million .",1
- upm-kymmene upgraded to  in-line  from  underperform  by goldman sachs .,2
raisio is the site of the main production plants as well as company headquarters .,1
by separating side businesses we will be able to faster expand and develop tapro retail network .,2
mobile communication and wireless broadband provider nokia inc nyse  nok today set new financial targets and forecasts for nokia and the mobile device industry and also for nokia siemens networks and the mobile and fixed infrastructure and related services market .,1
the invention carries international patent publication no. .,1
subject-matter of the invention furthermore is the use of the cyclone for separating partly molten particles .,1
"both operating profit and net sales for the 12-month period increased , respectively from eur20 .8 m and eur177 .7 m , as compared to the financial year 2004 .",2
the exercise originated in finland in the early 1930s as a training method for cross-country skiers .,1
"at 1411 cet , arcelormittal had lost 7.26 % to eur 17.38 on euronext paris , coming at the lead of the blue-chip fallers .",0
"incap contract manufacturing will carry out the manufacturing for these agreements at its factory in tumkur , near bangalore .",1
"adpnews - dec 23 , 2009 - norwegian financial services group sparebank 1 gruppen as osl  sbgrp said its board of directors appointed today jarle haug managing director of its claims collection subsidiary sparebank 1 gruppen finans",1
finnish bank of +àland s consolidated net operating profit increased from eur 4.8 mn in the first quarter of 2005 to eur 6.4 mn in the first quarter of 2006 .,2
"operators only need to learn how to use one device for multiple levels of applications , including voice-directed operations .",1
nordea sees a return to positive growth for the baltic countries in 2011 .,2
"profit for the period totaled eur 39.4 mn , up from eur 33.9 mn in the corresponding period in 2006 .",2
finnish software developer done solutions oyj said its net profit increased to 3.5 mln euro  $ 4.6 mln  in 2006 from 2.3 mln euro  $ 3.0 mln  in 2005 .,2
"sales came in at 241 mln eur , compared with 211.4 mln , and also beating consensus forecasts of 235 mln eur .",2
the robust growth was the result of the inclusion of clothing chain lindex in the group in december 2007 .,2
"after the restructuring , upm s average paper machine capacity in europe will be 320,000 tons  350,000 short tons  in coated magazine paper and 420,000 tons  460,000 short tons  in coated fine paper .",1
"veidekke , headquartered in oslo , norway , is a scandinavian construction and property development group with some 6,350 employees in norway , sweden and denmark , with an annual turnover of nok16 .4 bn .",1
the increase range will vary up to 10 % .,1
"revenue in july to september grew 14 percent to  euro  467 million from a year earlier , the company said thursday .",2
operating profit in the fourth quarter fell to eur33m from eur39m a year earlier .,0
"pretax profit rose to eur 1,019 mn from eur 1,007 in the corresponding period in 2005 .",2
"poyry plccompany announcement 10 december 2010 at 4.10 p.m. pursuant to poyry plc s stock option program 2004 , 63 792 new shares of the company have been subscribed since 27 october 2010 with stock options 2004b .",1
"operating profit was eur 139.7 mn , up 23 % from eur 113.8 mn .",2
timo penttila has been appointed new manager responsible for the asset management of nordea s institutional customers in finland .,1
efore s results for the last quarter showed an even faster improvement as the company managed to better source its components .,2
"in the second quarter of 2010 , the group s net profit rose to eur 3.1 million from eur 2.5 million in april-june 2009 .",2
juha haapakoski will continue as editor-in-chief with budget responsibility also with the new publisher .,1
the acquisition price was not disclosed .,1
net profit fell by almost half to +é 5.5 million from +é 9.4 million at the end of 2007 .,0
"supported nokia phones include  n96 , n95-8gb , n95 , n93-n931 , n92 , n85 , n82 , n81 , n80 , n79 , n78 , n77 , n76 , n75 , n73 , n72 , n71 , e90 , e71 , e70 , e66 , e65 , e62 , e61-e61i , e60 , e51 , e50 , touch xpress 5800 , 6220 classic , 6210 navigator , 6120 classic , 6110 navigator , 5700 , 5500 , 5320xm .",1
"in q2 of 2009 , profit before taxes amounted to eur 13.6 mn , down from eur 26.8 mn in q2 of 2008 .",0
"it now owns 80,565 shares in amer sports corporation , equaling 0.11 % of the company s share capital and voting rights .",1
"the manufacture of cpps will be undertaken at the existing export oriented unit eou at wartsila s factory at khopoli , near mumbai .",1
"according to latest information , benefon will launch its twig device on 20 september 2006 .",1
the credit covers approximately 70 % of the ship s price .,1
"the chilled meat products category led the meat , fish and poultry market in finland , accounting for a share of 31.4 % .",1
"the inaugural speech will be given by hannu kyrolainen , finland s ambassador to the czech republic .",1
"alexandria , va. , may 16 -- kenneth bower of vista , calif. , has developed an ornamental design for a handset , the u.s. patent  trademark office announced .",1
relations with the city have been further damaged by comments from mr ashley criticising city investors and analysts as  cry babies  .,0
"theodosopoulos said tellabs could be of value to nokia siemens or nortel given its  leading supply status  with verizon , along with high-growth products .",2
a spokesperson told wwd to expect a 50-50 mix of clothing and home decor .,1
"additionally , information on business segments , competitors and future outlook are provided .",1
export declined by 6 percent to 16.4 million liters .,0
"a replay will be available until 27 october 2006 in the following numbers  us callers  +1 617-á801-á6888 , non-us callers  +44 20 7365 8427 , access code  2659 5401 .",1
net sales revenue per passenger is expected to increase .,2
"operating result for the 12-month period decreased from the profit of eur0 .4 m while turnover decreased from eur5 .6 m , as compared to 2004 .",0
"currently , 95 % of trainers house s revenues are attributed to the finnish market .",1
"exel composites in brief exel composites is a technology company which designs , manufactures and markets composite profiles and tubes for industrial applications .",1
"among the scandinavian companies present in st. petersburg , is also named the swedish concern ncc , which implements projects in the field of asphalt production , road and housing construction  project swedish krona  .",1
"the period s sales dropped to eur30 .6 m from eur38 .3 m , according to the interim report , released today .",0
"coca-cola was the market leader of manufacturers with a market share of 36.9 % , down 2.2 % from the corresponding period in 2004-2005 .",0
"according to the company , in addition to normal seasonal fluctuation the market situation has weakened during autumn 2008 .",0
"it is being developed by symbian , the software licensing consortium led by nokia .",1
amanda capital has investments in 22 private equity funds and in over 200 unquoted companies mainly in europe .,1
"after a long , unprofitable period the food division posted a profitable result , which speaks of a healthier cost structure and a new approach in business operations ,  rihko said .",2
operating profit for 2009 lower than outlook published earlier .,0
"the total donation amount is eur 1,115,000 .",1
"h+ñkan dahlstr+âm , head of mobility services at teliasonera , has forecast that mobile data volume on the teliasonera network in sweden will rise eight-fold to 200,000 tb by 2014 .",2
the company now estimates its net sales in 2010 to increase considerably from 2009 and its operating result to be clearly positive .,2
"the remainder of its revenues will come from technology agreements with other firms , interdigital said .",1
"- inge larsen cfo, 29,045 shares , representing 0.50 % of the share capital .",1
"4 february 2011 - finnish broadband data communication systems provider teleste oyj hel  tlt1v saw its net profit jump to eur2 .1 m for the last quarter of 2010 from eur995 ,000 for the same period of 2009 .",2
"the company will publish its financial statement for 2008 on february 25 , 2009 .",1
"helsinki  thomson financial  - kone said it has won four orders in saudi arabia , united arab emirates and qatar worth 40 mln eur .",2
"the figure includes the change in the fair value of the property portfolio , eur 26.2 million .",1
olvi expects sales and market share to increase in the first quarter of 2010 .,2
"the building will house , for example , respecta oy s jyvaskyla premises , as well as other companies to be announced later , says samuel koivisto , director of technopolis operations in jyvaskyla .",1
"operating profits in the half were 0.8 m , down from 0.9 m as glisten invested in the brand and the management team .",0
the serial bond is part of the plan to refinance the short-term credit facility .,1
"capman said the deal s effect on its cash flow for 2009 totals eur3 .4 m , but the transaction would not affect its financial results for 2009 as it was executed at fair value .",1
"the hosting mobile terminal guides information flow between itself , the participating terminals , and optionally , with network servers that may assist the hosting mobile terminal .",1
aspo s group structure and business operations are continually developed without any predefined schedules .,1
"s group s loyal customer magazine yhteishyv+ñ came second with 1,629,000 readers and sanoma corporation s daily newspaper helsingin sanomat was third with 1,097,000 readers .",1
"kemira , headquartered in helsinki , finland , is an international chemicals group comprising the business areas kemira pulp  paper , kemira water , kemira specialty and kemira coatings .",1
"the repo rate will gradually reach 2 % at the end of 2010 , according to nordea s economic outlook .",1
"earnings per share eps amounted to eur0 .03 , up from the loss of eur0 .08 .",2
"at the end of the review period , nordic aluminium s order book stood at eur 8.77 mn compared to eur 7.04 in 2005 .",2
the sales of the tiimari segment fell by 4.0 % year-on-year to eur3 .3 m in june 2010 .,0
"as much biomass will be used as can be sourced locally , with the rest of the plant s fuel needs met by peat .",1
"with this , the company will exit the contract manufacturing service segment .",1
the building will house product development and test laboratories .,1
finnish communication electronics components supplier scanfil oyj tuesday said sales in the first half of 2006 will be 15 % lower than during the same period a year ago .,0
"dealers said the share was largely hit by investor disappointment about a refining margin of just 9.48 usd per barrel for the quarter and the performance of its shipping unit , which saw ebit drop to 5 mln eur from 20 mln eur a year amid a fall in volumes and tanker rates .",0
registration is required .,1
operating profit was eur 1.6 mn in 2005 compared to eur 5.9 mn in 2004 .,0
"trading code  eli1v number of shares  99,483 price-share  gratuitous after the transfer , elisa holds a total of 10,435,023 own shares .",1
"we re delighted with the move  says morna cowie , co-owner , above ,  it s double the size of our current shop and has a lovely feel to it .",2
"finnish metal products company componenta oyj  hel  cth1v  said today its net loss narrowed to eur 500,000  usd 680,000  in the last quarter of 2010 from eur 5.3 million for the same period a year earlier .",2
delivery is due in the second half of 2011 .,1
"the mall will be financed on a parity basis by pearl plaza llc , the joint venture company established by the chinese investor shanghai industrial investment holdings co ltd , and srv group .",1
"both operating profit and turnover for the six-month period increased , respectively from eur0 .1 m and eur29 .0 m , as compared to the corresponding period a year ago .",2
the previous offer was 3.4 % of voting rights and 12.3 % of capital .,1
"the authorisation is in force until the end of the next annual general meeting and repeals the authorisation to acquire own shares given by the general meeting held on april 4 , 2007 .",1
"it is necessary to strengthen the company s operations , however .",1
return on equity stood at 18.3 % compared to 15.4 % in the third quarter of 2005 .,2
tekla group s net sales for 2006 were approximately 50 million euros and operating result 13.6 million euros .,1
"founded in 2000 , bioview automates laboratory tests , especially diagnostic tests for cancer .",1
the products have a low salt and fat content .,1
the orders also include a few high-power drives for the control of seismic compressors .,1
no service pricing details were disclosed .,1
20 october 2010 - finnish metal products company componenta oyj hel  cth1v said yesterday that its net loss narrowed to eur7m for the first nine months of 2010 from eur23 .3 m for the same period of 2009 .,2
pertti ervi is independent from the company and its major shareholders .,1
"for the last quarter of 2010 , componenta s net sales doubled to eur131m from eur76m for the same period a year earlier , while it moved to a zero pre-tax profit from a pre-tax loss of eur7m .",2
"operating profit decreased to nearly eur 1.7 mn , however .",0
"the contractor of the shopping center , china state construction engineering corporation , has previously built e.g. airports , hotels and factories for large international customers in different parts of the world .",1
it will also strengthen ruukki s offshore business .,2
"as part of the agreement , aspocomp will also give meadville a 10 pct slice of a subsidiary operating in oulu , finland .",1
operating profit increased by 145.1 % to eur 8.3 mn from eur 3.4 mn .,2
"the last quarter was the best quarter of 2009 in net sales , and the operating margin rose to 12.2 % .",2
the line 4 will run fully underground and will comprise 10 stations which will be executed in two implementation stages .,1
vnh generates annual net sales of about 5 mln eur and employs 21 people .,1
"tiimari s registered share capital is 16,474,755 shares as per today .",1
"cash flow after investments amounted to eur45m , down from eur46m .",0
"nokia siemens networks provides mobile and fixed network infrastructure , communications and networks service platforms , as well as professional services , to operators and service providers .",1
"nokia multimedia s net sales totaled eur 5.7 bn , up 45 % from the corresponding period in 2005 .",2
"cargotec s sales totalled eur 3.4 billion in 2008 and it employs approximately 11,000 people .",1
"established in 1987 , the srv group is a private finnish construction concern with operations in finland , the baltic countries and russia .",1
finnish metal industry solutions supplier outotec oyj net profit rose to 50.4 mln euro  $ 72.5 mln  for the first nine months of 2007 from 20.1 mln euro  $ 28.9 mln  for the same period of 2006 .,2
sales increased due to growing market rates and increased operations .,2
"production levels have been agreed with producers a long time ago , so a fall in consumption will lead to losses .",0
"the orders are for 26 machine-room-less kone monospace elevators , which would be installed during 2006 .",1
last year sysopen digia invested in ibm product know-how in the building of portal and trading place systems and successfully implemented customer solutions supported by it .,2
tele2 affarsvarlden gave a  buy  recommendation on mobile operator tele2 ab and a share price target of 142 crowns  $ 23.54 - 15.19 euro  .,2
"los angeles-based pacific office properties trust acquires , owns , and operates office properties in the western u.s. , focusing initially on the markets of honolulu , san diego , los angeles , and phoenix .",1
kauko-telko s centralized administration will be dissolved and appropriate parts of it will be transferred to operating activities and group administration by the end of the year .,1
"the closing of the transaction is scheduled to take place on january 10 , 2008 .",1
alfa group will have 43.9 % of voting stock in the new company and telenor 35.4 % with a free float of 20.7 % .,1
"the contract covers the manufacturing , surface-treatment and installation of the steel structures .",1
"the e-commerce site and flagship will be managed by marimekko north america retail llc , a subsidiary established in the u.s. last year .",1
the new name of the sanoma division will be sanoma news .,1
"the six breweries recorded a 5.2 percent growth in domestic beer sales last year to 270.21 million liters , from 256.88 million liters sold in 2005 .",2
sales by seppala diminished by 6 per cent .,0
"other north-rhine westphalia - is to issue a benchmark , 5 year fixed rate deal in euros .",1
"kesko s car import and retailing business , vv-auto , saw sales grow by 17.1 pct .",2
"profit for the period totalled eur 1.1 mn , down from eur 1.6 mn in the third quarter of 2008 .",0
"under the transaction agreement , metsaliitto will purchase 24.7 % of metsa-botnia s shares from upm and 3 % from m-real .",1
"20 october 2010 - finnish environmental management company lassila  tikanoja oyj hel  lat1v , or lt , said monday it expects its operating profit , excluding non-recurring items , for the whole 2010 to be slightly lower than in 2009 .",0
"finnish printed circuit boards  pcbs  maker aspocomp group oyj said on december 4 , 2006 it named henry gilchrist senior vice president of the group s asian operations , as of january 8 , 2007 .",1
the extraordinary general meeting is expected to take place no later than 18 february 2011 .,1
it also turned in earnings per share  eps  of eur 0.44 versus loss per share of eur 2.26 .,2
the full-function pc weighs 1.25 kilograms and measures slightly more than two centimeters thin .,1
ionphase s second major owner is venture capital firm aura capital .,1
"sullivan said some of the boards  really involve a lot of work , and people should get paid for their time .",1
"the major part of the deliveries include different ac and cxe amplifier solutions and products by belgian dinh telecom , a broadband solutions company acquired by teleste in the spring of 2007 .",1
"prior to the transaction , whose financial terms have not been disclosed , alma media owned 40 % of kotikokki net .",1
"the facility will have a lettable area of some 19,000 sq m. the plot for the plant , located in the ratasmaki business park , will be purchased from the city of forssa .",1
"the acquisition does not have to be from the frozen foods or fish sector , as long as it has synergies with l+ñnnen tehtaat s other businesses .",1
rautaruukki said construction group yit has awarded it a 2.5 mln eur contract to supply the steel structures for a new bridge spanning the kemijoki river in northern finland .,2
"earnings per share for january-june 2010 were eur0 .30 , an increase of 20 % year-on-year eur0 .25 .",2
"a maximum of 666,104 new shares can further be subscribed for by exercising b options under the 2004 stock option plan .",1
financing of the project will come mainly from china .,1
"a total of 15,000 new citycon shares with a nominal value of eur 1.35 per share were subscribed between 17 and 23 march 2006 exercising the a-b-c options based on the company s stock option plan 1999 .",1
the company does not disclose the sum it applied for .,1
nokia messaging 1.1 enables customers to receive e-mails from up to 10 e-mail accounts on their mobile phone supporting all pop or imap e-mail services .,1
the estimated annual value of the frame agreement is about eur 50mn .,1
"our customers come from the following countries  uk , usa , spain , france , italy , germany , china , hong kong , sweden , norway , netherlands , austria , belgium , switzerland , czech republic , finland , canada , russia , ukraine , denmark , ireland , south korea and liechtenstein .",1
"small firms are suffering at the moment because they are likely to have money trouble ,  he added .",0
an eu law on the issue may be introduced around 2010 .,1
"under the rental agreement , stockmann was committed to invest in the building of a bridge over the gogol street or build an underground tunnel for crossing the street by 2004 .",1
"the product range includes marinated olives , cold cuts , and pates , for example .",1
"please inform ir johanna koskinen of your participation no later than 20 april at 10 a.m. a telephone conference for financial analysts and investors , conducted in english , will begin at 300 p.m. finnish time  eet  .",1
operating profit excluding non-recurring items increased by 27 % to eur 81.9 mn from eur 64.4 mn in the corresponding period in 2008 .,2
"the company s net profit amounted to ee 55.5 mn , which was 36 % more than in 2004 .",2
"the copying , republication or redistribution of afx news content , inculding by framing or similar means , is expressly prohibited without the prior written consent of afx news .",1
"the store is located in poznan in a shopping center named pestka , the company added .",1
"its board of directors will propose a dividend of eur0 .12 per share for 2010 , up from the eur0 .08 per share paid in 2009 .",2
"the eu commission said earlier it had fined thyssenkrupp , united technologies corp s otis , schindler ag and kone oyj a total of 992.3 mln eur for alleged cartel activity in the lift market going back twelve years .",0
"adp news  - feb 12 , 2009 - finnish it solutions provider affecto oyj  hel  afe1v  said today its net profit rose to eur 8.5 million  usd 11m  in 2008 from eur 7 million in 2007 .",2
finnish media company talentum oyj s net profit decreased to 2.5 mln euro  $ 4.0 mln  for the first quarter of 2008 from 3.0 mln euro  $ 4.7 mln  for the same period of 2007 .,0
her work at netapp included strategically repositioning the brand in the category and a major global relaunch .,1
national sponsors for the big read include national endowment for the arts in cooperation with the institute of museum and library services and arts midwest .,1
finnish construction group lemmink+ñinen has been awarded two road building contracts by the lithuanian transport administration .,2
the order is included in metso s fourth quarter 2007 order backlog .,1
"following the move , stora enso holding in newpage will remain unchanged .",1
most of the dividend will go to the grimaldi family .,1
"with the u.s. federal government putting a stake in the ground , vendors - and their customers - are focused on meeting the deadline .",1
assa abloy kaupthing bank gave a  neutral  recommendation and a share price target of 174 crowns $ 24.7 - 19 euro on swedish lock maker assa abloy ab .,1
net sales increased to eur193 .3 m from eur179 .9 m and pretax profit rose by 34.2 % to eur43 .1 m.  eur1  usd1 .4,2
scanfil plc is a global contract manufacturer and systems supplier for communication and industrial electronics .,1
"outotec s scope of delivery includes design , basic engineering and supply of proprietary equipment for a sinter plant with a grate area of 496 square meters .",1
net sales in 2007 are expected to be 10 % up on 2006 .,2
officials did not disclose the contract value .,1
nd  not disclosed .,1
it will provide heating in the form of hot water for the sawmill s needs .,1
kemira s partner in the project is st. petersburg water works .,1
operating profit rose to eur 4.7 mn from eur 3.6 mn .,2
all yit capital markets day materials will be available on the company s internet site at www.yitgroup.cominvestors at 1030 on september 26 .,1
"in finland s hobby hall s sales decreased by 10 % , and international sales fell by 19 % .",0
"in q1 of 2010 , bank of +àland s net interest income increased from eur 9.1 mn to eur 9.7 mn .",2
"neste oil will publish its third quarter 2008 results on friday , 24 october 2008 at approximately 9 am  eet  .",1
the company distributes hiab s products as well as other products .,1
"tulikivi manufactures heat-retaining , soapstone and ceramic fireplaces , as well as natural stone products and utility ceramics .",1
"in 2009 , comptel slipped to a net loss of eur2 .1 m from a profit of eur6 .6 m in the previous year .",0
"according to finnish petrol station chain st1 s managing director kim wiio , the company was forced to make purchases with rising prices in the first half of 2008 , and now consumer prices are going down almost daily due to competition .",0
two other sites will be included later on .,1
"in a recent interview with the financial times  ft  , sampo s board chairman bjorn wahlroos said if pc was certainly for sale and the price had been set at sek 85 billion , confirming earlier statements .",1
"hk ruokatalo produces many turkey products , such as cold cuts .",1
"unbelievably , the company that makes them - fiskars corporation - was formed in 1649 when a dutch merchant named peter thorwoste was given a charter to establish a blast furnace and forging operation in the small finnish village of fiskars .",1
nordea group s operating profit increased in 2010 by 18 percent year-on-year to 3.64 billion euros and total revenue by 3 percent to 9.33 billion euros .,2
the contract will take effect in 2009 for a five or ten year period .,1
the agreement must be approved by the russian competition authorities before it enters into force .,1
net sales surged by 30 % to eur 36 million .,2
com and possibly also through photo-msn .,1
pretax profit decreased by 37 % to eur 193.1 mn from eur 305.6 mn .,0
as a part of the agreement 10 employees from the john deere forestry documentation functions will transfer to dokumentori oy .,1
"after the transaction , tikkurila has no powder coatings-related operations ,  the company said .",1
passenger-related revenue rose by 5.1 % to eur 460.8 mn from eur 438.5 mn in 2009 .,2
"previously , eb delivered a custom solution for lg electronics and now is making it commercially available for other mobile terminal vendors as well as to wireless operators .",2
the continued operations mean the structure after the restructuring of the aspocomp group including aspocomp oulu and the headquarter operations .,1
"operating profit was eur -0.1 mn , down from eur 1.3 mn .",0
the trend in the sports and leisure markets was favorable in the first months of the year .,2
"according to the notification , the holdings of ameriprice inc. and its group companies are now in total 808,973 shares , which represent 3.582 % of tekla - s shares and voting rights .",1
- profit before taxes was eur 105.9 82.7 million .,1
"bids or offers include at least 1,000 shares and the value of the shares must correspond to at least eur4 ,000 .",1
consolidated operating profit from continuing operations decreased by 62.3 % to eur 51.2 mn from eur 135.7 mn in 2007 .,0
cision says the sale will return its u.k. operation to profitability .,2
"finnish high technology provider vaahto group reports net sales of eur 41.8 mn in the accounting period september 2007 - february 2008 , an increase of 11.2 % from a year earlier .",2
construction is scheduled to start in april-june 2007 and to be completed in early 2008 .,1
another noticeable thing is that the search for tata and airtel brands was mostly related to  broadband connections  .,1
combining this deep domain expertise with our application service management asm and outsourcing service offerings has now proved to be a winning combination .,2
pharmaceutical market in italy global research  data services published recently a market analysis about the pharmaceutical markets in italy .,1
"8,600 m , and at the time of investment it is fully leased to several tenants .",1
"salcomp oyj , the finnish maker of mobile phone chargers , monday posted a eur1 .49 million loss in the second quarter compared with a 1.70 million profit in the same period the previous year .",0
it s not .,1
"metsaliitto will sell 1.1 million b shares of neomarkka , accounting for about 18.3 pct of neomarkka s equity and about 12.7 pct of the voting rights .",1
net sales dropped by 6 % year-on-year to eur 11.9 million .,0
"one price category is for calls on the preferred operator s network , and another for calls on other operators  networks .",1
"in the czech republic , the profiling unit at ostrava will be closed and the machinery will be relocated to ruukki s bigger plants in hungary , poland and romania by the end of the first quarter of 2009 .",1
"after the sale , savcor group ltd will comprise savcor art , a corporate function and an investment in cencorp corporation .",1
"the subject of the project is provide to the company like  software programming and consultancy services , computer-related services , data services , computer support and consultancy services , internet services etc. .",1
"cohen  steers , inc.  5 534 530 shares representing 4.985 % of the share capital and voting rights .",1
finnish business software group affectogenimap oyj said its net profit halved to 1.2 mln euro  $ 1.5 mln  in the first nine months of 2006 from 2.2 mln euro  $ 2.8 mln  in the same period of 2005 .,0
it also turned to earnings per share  eps  of eur 0.08 versus loss per share of eur 0.04 .,2
"finnish suominen corporation that specialises in wet wipes , nonwovens , and flexible packaging reports net sales of eur 44.1 mn in the second quarter of 2010 , up from eur 43.3 mn in the second quarter of 2009 .",2
no financial or pricing details were disclosed .,1
the maximum number of new shares to be offered is 22 million .,1
merrill lynch analyst campbell morgan upgraded his recommendation on paperlinx from  neutral  to  buy  in may .,2
"no compensation for its news , opinions or distributions .",1
"eps from continuing operations came in at 0.30 eur , up from 0.17 .",2
"excluding non-recurring items , pre-tax profit surged 45 % to eur80m .",2
operating profit rose to eur 4.7 mn from eur 4.6 mn .,2
the company will release its 2010 results on 11 february 2011 .,1
raute is listed on the nordic exchange in helsinki .,1
"he answers questions on how many visitors conversations gets , how big the team is and what the problems are when setting up social media channels .",1
"the business had gross written premiums of eur152 .4 m  91.5 m  in 2000 , a net combined ratio of 133 % and 175 staff in total with offices in the uk , germany and benelux .",1
"the gross area of eight houses will be 12,167 m2 .",1
"koff s market share of the volume of the market was 23.4 % , karhu s 21.4 % .",1
"the guidance has been set at 90 basis points over mid-swaps , the report said .",1
"according to hk ruokatalo , almost all the meat used by the company comes from finland .",1
the operating profit for grain trading increased to eur 2.0 mn from eur 1.4 mn in 2005 .,2
kemira shares closed at  x20ac  16.66  $ 22us .71  .,1
"the company s profit before taxes fell to eur 21.1 mn in the third quarter of 2008 , compared to eur 35.8 mn in the corresponding period in 2007 .",0
"re-use back into pet bottles has also steadily increased and the rate of use in strapping tape has picked up again after a dip in 2005 , petcore said previously .",2
"this implementation is very important to the operator , since it is about to launch its fixed-to-mobile convergence service in brazil see brazil  8 may 2006  .",1
sales of security and system packaging increased slightly .,2
"the shares shall be repurchased through public trading , for which reason the shares are repurchased otherwise than in proportion to the holdings of the shareholders .",1
arena partners oy is a development company for electronic business .,1
"adp news  - sep 30 , 2008 - finnish security and privacy software solutions developer stonesoft oyj said today that it won a usd 1.9 million  eur 1.3 m  order to deliver its stonegate network security products to an unnamed russian te",2
circulation revenue has increased by 5 % in finland and 4 % in sweden in 2008 .,2
"the inventors are mukkavilli krishna kiran , sabharwal ashutosh and aazhang behnaam .",1
the bank s leasing arm nordea liising ended the year with a profit of 4.4 million euros .,1
hk ruokatalo s target is to know the consumers .,1
nokia and capcom announced that resident evil degeneration will be released on n-gage later this year .,1
"f-secure , a developer of security solutions as a service through internet service providers and mobile operators , announced results from its annual online wellbeing survey .",1
"adp news  - oct 31 , 2008 - finnish food company raisio oyj  omx  raivv  said today that its net profit jumped to eur 16.4 million  usd 20.9 m  for the first nine months of 2008 from eur 1.1 million for the same period of 2",2
"the record date for dividend distribution is march 14 , 2008 .",1
the markets expect heineken to sell hartwall as a whole or in parts .,1
the solution will be installed in the usa to support the north american operations of the customer .,1
"after the split , the number of k shares will be 9 540 000 and the number of a shares 26 885 540 .",1
