date,ticker,headline,source
2025-02-24,AAPL,Apple shares rise as analyst upgrade,Bloomberg
2025-02-24,AAPL,Apple shares fall as earnings beat,WSJ
2025-02-24,TSLA,Tesla Autopilot progress raises questions,Financial Times
2025-02-24,TSLA,Elon Musk announces Tesla expansion,WSJ
2025-02-24,AMZN,AWS slows amid cloud demand,CNBC
2025-02-24,AMZN,Amazon dip logistics expansion,WSJ
2025-02-25,AAPL,iPad drives Apple growth,Financial Times
2025-02-25,AAPL,Apple shares climb as product launch,Financial Times
2025-02-25,TSLA,Tesla Autopilot scrutiny raises questions,Bloomberg
2025-02-25,TSLA,Tesla climb after product launch,WSJ
2025-02-25,AMZN,AWS slows amid cloud demand,WSJ
2025-02-25,AMZN,Amazon drop delivery expansion,Reuters
2025-02-26,AAPL,Services drives Apple growth,WSJ
2025-02-26,AAPL,Analysts downgrade Apple vision pro,WSJ
2025-02-26,TSLA,EV market slowdown hits for Tesla,WSJ
2025-02-26,TSLA,Tesla Autopilot progress raises questions,Reuters
2025-02-26,AMZN,Prime membership supports revenue,Financial Times
2025-02-26,AMZN,Prime membership hurts revenue,WSJ
2025-02-27,AAPL,Apple shares rise as earnings beat,Bloomberg
2025-02-27,AAPL,iPhone 17 Pro supports sales,WSJ
2025-02-27,TSLA,Tesla surge after product launch,Bloomberg
2025-02-27,TSLA,Elon Musk announces Tesla expansion,Bloomberg
2025-02-27,AMZN,Amazon invests in AI,WSJ
2025-02-27,AMZN,Prime membership boosts revenue,Bloomberg
2025-02-28,AAPL,iPad drives Apple growth,WSJ
2025-02-28,AAPL,Apple shares fall as supply chain issues,CNBC
2025-02-28,TSLA,EV market slowdown hits for Tesla,WSJ
2025-02-28,TSLA,Tesla surge after supply chain issues,Bloomberg
2025-02-28,AMZN,Amazon e-commerce leads competition,Bloomberg
2025-02-28,AMZN,AWS accelerates amid cloud demand,Bloomberg
2025-03-01,AAPL,iPhone new chip supports sales,WSJ
2025-03-01,AAPL,Apple shares drop as supply chain issues,WSJ
2025-03-01,TSLA,Tesla Autopilot progress raises questions,WSJ
2025-03-01,TSLA,Tesla milestone in battery tech,Bloomberg
2025-03-01,AMZN,AWS slows amid cloud demand,Reuters
2025-03-01,AMZN,Amazon e-commerce leads competition,Financial Times
2025-03-02,AAPL,Apple faces competition pressure in China market,Financial Times
2025-03-02,AAPL,Apple shares dip as analyst upgrade,Reuters
2025-03-02,TSLA,Elon Musk announces Tesla robotaxi,Bloomberg
2025-03-02,TSLA,Tesla drop after supply chain issues,Reuters
2025-03-02,AMZN,Amazon fall delivery expansion,Bloomberg
2025-03-02,AMZN,Prime membership supports revenue,CNBC
2025-03-03,AAPL,Apple faces competition pressure in services,Reuters
2025-03-03,AAPL,iPad drives Apple growth,Reuters
2025-03-03,TSLA,Tesla Autopilot scrutiny raises questions,Reuters
2025-03-03,TSLA,Tesla milestone in battery tech,Bloomberg
2025-03-03,AMZN,AWS accelerates amid cloud demand,Bloomberg
2025-03-03,AMZN,Prime membership supports revenue,Reuters
2025-03-04,AAPL,iPhone 16 launch hurts sales,Reuters
2025-03-04,AAPL,iPad drives Apple growth,Financial Times
2025-03-04,TSLA,Elon Musk announces Tesla expansion,Reuters
2025-03-04,TSLA,Tesla breakthrough in battery tech,Financial Times
2025-03-04,AMZN,Amazon invests in AI,CNBC
2025-03-04,AMZN,Prime membership hurts revenue,WSJ
2025-03-05,AAPL,iPhone 16 launch boosts sales,Reuters
2025-03-05,AAPL,Apple shares climb as earnings beat,WSJ
2025-03-05,TSLA,Elon Musk announces Tesla expansion,CNBC
2025-03-05,TSLA,Tesla dip after earnings beat,Bloomberg
2025-03-05,AMZN,Amazon invests in healthcare,Reuters
2025-03-05,AMZN,Amazon e-commerce leads competition,Reuters
2025-03-06,AAPL,iPad drives Apple growth,Financial Times
2025-03-06,AAPL,Apple faces competition pressure in supply chain,WSJ
2025-03-06,TSLA,Elon Musk announces Tesla expansion,Reuters
2025-03-06,TSLA,EV market slowdown hits for Tesla,Reuters
2025-03-06,AMZN,Amazon e-commerce faces competition,Bloomberg
2025-03-06,AMZN,Amazon e-commerce leads competition,Bloomberg
2025-03-07,AAPL,iPhone 17 Pro hurts sales,Bloomberg
2025-03-07,AAPL,iPhone new chip supports sales,Financial Times
2025-03-07,TSLA,Tesla Autopilot scrutiny raises questions,CNBC
2025-03-07,TSLA,EV market slowdown hits for Tesla,Reuters
2025-03-07,AMZN,Prime membership boosts revenue,Reuters
2025-03-07,AMZN,Amazon e-commerce leads competition,Financial Times
2025-03-08,AAPL,Apple shares rise as supply chain issues,WSJ
2025-03-08,AAPL,iPad drives Apple growth,Bloomberg
2025-03-08,TSLA,Tesla Autopilot progress raises questions,WSJ
2025-03-08,TSLA,Elon Musk announces Tesla robotaxi,Financial Times
2025-03-08,AMZN,AWS slows amid cloud demand,Financial Times
2025-03-08,AMZN,Amazon e-commerce leads competition,Reuters
2025-03-09,AAPL,Analysts downgrade Apple earnings,WSJ
2025-03-09,AAPL,Apple shares dip as product launch,CNBC
2025-03-09,TSLA,Tesla breakthrough in battery tech,WSJ
2025-03-09,TSLA,Tesla breakthrough in battery tech,WSJ
2025-03-09,AMZN,Amazon e-commerce faces competition,WSJ
2025-03-09,AMZN,Prime membership supports revenue,Bloomberg
2025-03-10,AAPL,Apple faces regulatory scrutiny in services,WSJ
2025-03-10,AAPL,iPhone 16 launch supports sales,WSJ
2025-03-10,TSLA,Tesla breakthrough in battery tech,Reuters
2025-03-10,TSLA,Tesla milestone in battery tech,Financial Times
2025-03-10,AMZN,Amazon invests in AI,Bloomberg
2025-03-10,AMZN,AWS slows amid cloud demand,WSJ
2025-03-11,AAPL,Mac drives Apple growth,Financial Times
2025-03-11,AAPL,Apple shares dip as supply chain issues,Financial Times
2025-03-11,TSLA,Tesla milestone in battery tech,Reuters
2025-03-11,TSLA,EV market slowdown hits for Tesla,WSJ
2025-03-11,AMZN,AWS slows amid cloud demand,CNBC
2025-03-11,AMZN,Amazon e-commerce faces competition,WSJ
2025-03-12,AAPL,iPhone new chip supports sales,WSJ
2025-03-12,AAPL,iPad drives Apple growth,Financial Times
2025-03-12,TSLA,Tesla drop after product launch,Reuters
2025-03-12,TSLA,Tesla Autopilot scrutiny raises questions,CNBC
2025-03-12,AMZN,Prime membership supports revenue,Bloomberg
2025-03-12,AMZN,Amazon dip Prime expansion,WSJ
2025-03-13,AAPL,iPhone 16 launch supports sales,WSJ
2025-03-13,AAPL,Analysts raise targets for Apple earnings,WSJ
2025-03-13,TSLA,Elon Musk announces Tesla expansion,WSJ
2025-03-13,TSLA,Tesla Autopilot progress raises questions,Financial Times
2025-03-13,AMZN,Amazon climb Prime expansion,Reuters
2025-03-13,AMZN,AWS accelerates amid cloud demand,Bloomberg
2025-03-14,AAPL,Apple faces competition pressure in supply chain,CNBC
2025-03-14,AAPL,Mac drives Apple growth,CNBC
2025-03-14,TSLA,Tesla breakthrough in battery tech,Financial Times
2025-03-14,TSLA,Tesla fall after supply chain issues,CNBC
2025-03-14,AMZN,Amazon invests in AI,Bloomberg
2025-03-14,AMZN,Amazon rise Prime expansion,Financial Times
2025-03-15,AAPL,Apple faces regulatory scrutiny in China market,Financial Times
2025-03-15,AAPL,Mac drives Apple growth,Bloomberg
2025-03-15,TSLA,EV market growth favors for Tesla,CNBC
2025-03-15,TSLA,Tesla Autopilot progress raises questions,CNBC
2025-03-15,AMZN,Amazon e-commerce leads competition,Financial Times
2025-03-15,AMZN,Prime membership hurts revenue,CNBC
2025-03-16,AAPL,iPhone new chip supports sales,CNBC
2025-03-16,AAPL,iPad drives Apple growth,Bloomberg
2025-03-16,TSLA,Tesla Autopilot progress raises questions,CNBC
2025-03-16,TSLA,EV market growth favors for Tesla,Financial Times
2025-03-16,AMZN,Prime membership boosts revenue,Financial Times
2025-03-16,AMZN,Amazon invests in AI,Financial Times
2025-03-17,AAPL,Apple faces competition pressure in services,Reuters
2025-03-17,AAPL,Services drives Apple growth,WSJ
2025-03-17,TSLA,Tesla fall after supply chain issues,Bloomberg
2025-03-17,TSLA,Tesla Autopilot scrutiny raises questions,CNBC
2025-03-17,AMZN,Prime membership supports revenue,Financial Times
2025-03-17,AMZN,Amazon rise delivery expansion,WSJ
2025-03-18,AAPL,Analysts raise targets for Apple vision pro,Bloomberg
2025-03-18,AAPL,Analysts downgrade Apple stock,WSJ
2025-03-18,TSLA,EV market slowdown hits for Tesla,Reuters
2025-03-18,TSLA,Elon Musk announces Tesla expansion,CNBC
2025-03-18,AMZN,Amazon invests in logistics,WSJ
2025-03-18,AMZN,Amazon climb delivery expansion,WSJ
2025-03-19,AAPL,iPad drives Apple growth,WSJ
2025-03-19,AAPL,Analysts raise targets for Apple vision pro,CNBC
2025-03-19,TSLA,Tesla drop after supply chain issues,CNBC
2025-03-19,TSLA,EV market growth favors for Tesla,Financial Times
2025-03-19,AMZN,Amazon invests in healthcare,Bloomberg
2025-03-19,AMZN,Amazon e-commerce faces competition,CNBC
2025-03-20,AAPL,iPhone new chip supports sales,Bloomberg
2025-03-20,AAPL,Analysts raise targets for Apple earnings,WSJ
2025-03-20,TSLA,EV market slowdown hits for Tesla,Financial Times
2025-03-20,TSLA,Tesla breakthrough in battery tech,CNBC
2025-03-20,AMZN,Amazon surge logistics expansion,CNBC
2025-03-20,AMZN,AWS slows amid cloud demand,WSJ
2025-03-21,AAPL,Analysts raise targets for Apple vision pro,WSJ
2025-03-21,AAPL,Apple faces competition pressure in supply chain,WSJ
2025-03-21,TSLA,EV market slowdown hits for Tesla,Bloomberg
2025-03-21,TSLA,EV market growth favors for Tesla,WSJ
2025-03-21,AMZN,AWS accelerates amid cloud demand,Bloomberg
2025-03-21,AMZN,Amazon fall logistics expansion,Financial Times
2025-03-22,AAPL,iPhone 17 Pro boosts sales,Bloomberg
2025-03-22,AAPL,Apple shares fall as analyst upgrade,Reuters
2025-03-22,TSLA,Tesla climb after product launch,WSJ
2025-03-22,TSLA,Tesla milestone in battery tech,Financial Times
2025-03-22,AMZN,Amazon invests in logistics,CNBC
2025-03-22,AMZN,Amazon invests in AI,Reuters
2025-03-23,AAPL,iPhone 17 Pro boosts sales,Bloomberg
2025-03-23,AAPL,Mac drives Apple growth,Reuters
2025-03-23,TSLA,Tesla surge after product launch,WSJ
2025-03-23,TSLA,Elon Musk announces Tesla expansion,Financial Times
2025-03-23,AMZN,Amazon fall delivery expansion,Financial Times
2025-03-23,AMZN,Amazon e-commerce leads competition,Bloomberg
2025-03-24,AAPL,iPhone new chip boosts sales,WSJ
2025-03-24,AAPL,Apple shares surge as analyst upgrade,Financial Times
2025-03-24,TSLA,Tesla Autopilot scrutiny raises questions,WSJ
2025-03-24,TSLA,Tesla Autopilot progress raises questions,Financial Times
2025-03-24,AMZN,Amazon surge delivery expansion,Bloomberg
2025-03-24,AMZN,Prime membership supports revenue,Bloomberg
2025-03-25,AAPL,Apple faces regulatory scrutiny in supply chain,Reuters
2025-03-25,AAPL,Apple faces regulatory scrutiny in supply chain,Bloomberg
2025-03-25,TSLA,Tesla milestone in battery tech,WSJ
2025-03-25,TSLA,EV market growth favors for Tesla,Reuters
2025-03-25,AMZN,AWS slows amid cloud demand,CNBC
2025-03-25,AMZN,Prime membership hurts revenue,Financial Times
2025-03-26,AAPL,iPhone 17 Pro hurts sales,Bloomberg
2025-03-26,AAPL,Apple shares fall as product launch,CNBC
2025-03-26,TSLA,EV market growth favors for Tesla,Financial Times
2025-03-26,TSLA,Tesla milestone in battery tech,Financial Times
2025-03-26,AMZN,Amazon drop Prime expansion,Reuters
2025-03-26,AMZN,AWS slows amid cloud demand,Bloomberg
2025-03-27,AAPL,Mac drives Apple growth,Bloomberg
2025-03-27,AAPL,Apple faces regulatory scrutiny in China market,Bloomberg
2025-03-27,TSLA,EV market growth favors for Tesla,Bloomberg
2025-03-27,TSLA,Tesla surge after earnings beat,Bloomberg
2025-03-27,AMZN,Amazon invests in AI,Bloomberg
2025-03-27,AMZN,Prime membership hurts revenue,Bloomberg
2025-03-28,AAPL,Analysts raise targets for Apple earnings,WSJ
2025-03-28,AAPL,Mac drives Apple growth,Reuters
2025-03-28,TSLA,Tesla milestone in battery tech,WSJ
2025-03-28,TSLA,EV market slowdown hits for Tesla,Reuters
2025-03-28,AMZN,Prime membership supports revenue,WSJ
2025-03-28,AMZN,Amazon e-commerce leads competition,CNBC
2025-03-29,AAPL,Mac drives Apple growth,Bloomberg
2025-03-29,AAPL,iPhone 17 Pro supports sales,WSJ
2025-03-29,TSLA,Tesla breakthrough in battery tech,Bloomberg
2025-03-29,TSLA,EV market slowdown hits for Tesla,WSJ
2025-03-29,AMZN,AWS accelerates amid cloud demand,Bloomberg
2025-03-29,AMZN,Amazon fall Prime expansion,Bloomberg
2025-03-30,AAPL,iPhone new chip boosts sales,CNBC
2025-03-30,AAPL,Apple shares climb as earnings beat,CNBC
2025-03-30,TSLA,Tesla milestone in battery tech,CNBC
2025-03-30,TSLA,Elon Musk announces Tesla expansion,Bloomberg
2025-03-30,AMZN,Amazon dip logistics expansion,WSJ
2025-03-30,AMZN,Amazon invests in AI,WSJ
2025-03-31,AAPL,Analysts downgrade Apple stock,Reuters
2025-03-31,AAPL,Apple shares drop as earnings beat,Reuters
2025-03-31,TSLA,EV market slowdown hits for Tesla,CNBC
2025-03-31,TSLA,Elon Musk announces Tesla robotaxi,Financial Times
2025-03-31,AMZN,AWS accelerates amid cloud demand,Financial Times
2025-03-31,AMZN,AWS slows amid cloud demand,WSJ
2025-04-01,AAPL,Services drives Apple growth,Reuters
2025-04-01,AAPL,Apple shares drop as product launch,Financial Times
2025-04-01,TSLA,Elon Musk announces Tesla robotaxi,CNBC
2025-04-01,TSLA,Tesla rise after product launch,Financial Times
2025-04-01,AMZN,Amazon dip logistics expansion,Bloomberg
2025-04-01,AMZN,Prime membership hurts revenue,WSJ
2025-04-02,AAPL,Apple faces regulatory scrutiny in supply chain,Reuters
2025-04-02,AAPL,iPhone 17 Pro boosts sales,WSJ
2025-04-02,TSLA,EV market slowdown hits for Tesla,WSJ
2025-04-02,TSLA,Tesla rise after analyst upgrade,Bloomberg
2025-04-02,AMZN,Amazon e-commerce leads competition,Financial Times
2025-04-02,AMZN,Amazon e-commerce leads competition,Reuters
2025-04-03,AAPL,iPhone 16 launch hurts sales,CNBC
2025-04-03,AAPL,Analysts downgrade Apple vision pro,WSJ
2025-04-03,TSLA,Tesla Autopilot scrutiny raises questions,Bloomberg
2025-04-03,TSLA,Tesla dip after product launch,CNBC
2025-04-03,AMZN,Amazon invests in healthcare,Financial Times
2025-04-03,AMZN,Amazon invests in healthcare,Bloomberg
2025-04-04,AAPL,Apple faces competition pressure in supply chain,CNBC
2025-04-04,AAPL,Apple faces competition pressure in China market,WSJ
2025-04-04,TSLA,Tesla dip after supply chain issues,Reuters
2025-04-04,TSLA,Tesla breakthrough in battery tech,CNBC
2025-04-04,AMZN,Amazon rise delivery expansion,CNBC
2025-04-04,AMZN,AWS slows amid cloud demand,WSJ
2025-04-05,AAPL,Apple faces regulatory scrutiny in supply chain,Financial Times
2025-04-05,AAPL,iPhone new chip hurts sales,WSJ
2025-04-05,TSLA,Tesla milestone in battery tech,Financial Times
2025-04-05,TSLA,Tesla breakthrough in battery tech,WSJ
2025-04-05,AMZN,Amazon surge Prime expansion,Financial Times
2025-04-05,AMZN,AWS accelerates amid cloud demand,Financial Times
2025-04-06,AAPL,Services drives Apple growth,CNBC
2025-04-06,AAPL,Analysts raise targets for Apple stock,Bloomberg
2025-04-06,TSLA,Tesla breakthrough in battery tech,Bloomberg
2025-04-06,TSLA,Tesla breakthrough in battery tech,Reuters
2025-04-06,AMZN,Prime membership supports revenue,CNBC
2025-04-06,AMZN,Amazon e-commerce faces competition,WSJ
2025-04-07,AAPL,Apple faces regulatory scrutiny in China market,Bloomberg
2025-04-07,AAPL,Apple faces regulatory scrutiny in supply chain,Financial Times
2025-04-07,TSLA,Tesla breakthrough in battery tech,Reuters
2025-04-07,TSLA,EV market slowdown hits for Tesla,CNBC
2025-04-07,AMZN,Amazon e-commerce faces competition,Reuters
2025-04-07,AMZN,Amazon e-commerce faces competition,CNBC
2025-04-08,AAPL,iPhone new chip supports sales,Financial Times
2025-04-08,AAPL,Analysts downgrade Apple earnings,WSJ
2025-04-08,TSLA,Tesla breakthrough in battery tech,Financial Times
2025-04-08,TSLA,Tesla Autopilot scrutiny raises questions,CNBC
2025-04-08,AMZN,Amazon e-commerce leads competition,CNBC
2025-04-08,AMZN,Amazon e-commerce faces competition,CNBC
2025-04-09,AAPL,iPhone 17 Pro hurts sales,CNBC
2025-04-09,AAPL,Analysts downgrade Apple earnings,Reuters
2025-04-09,TSLA,Tesla Autopilot progress raises questions,Reuters
2025-04-09,TSLA,Tesla climb after analyst upgrade,WSJ
2025-04-09,AMZN,Amazon e-commerce faces competition,CNBC
2025-04-09,AMZN,Amazon invests in logistics,WSJ
2025-04-10,AAPL,Analysts raise targets for Apple vision pro,Bloomberg
2025-04-10,AAPL,Analysts downgrade Apple vision pro,CNBC
2025-04-10,TSLA,Tesla breakthrough in battery tech,WSJ
2025-04-10,TSLA,Elon Musk announces Tesla robotaxi,WSJ
2025-04-10,AMZN,Amazon dip Prime expansion,Reuters
2025-04-10,AMZN,Amazon invests in AI,Bloomberg
2025-04-11,AAPL,Analysts raise targets for Apple vision pro,Financial Times
2025-04-11,AAPL,Apple shares surge as supply chain issues,WSJ
2025-04-11,TSLA,Elon Musk announces Tesla robotaxi,WSJ
2025-04-11,TSLA,Tesla climb after analyst upgrade,Financial Times
2025-04-11,AMZN,Amazon climb delivery expansion,Financial Times
2025-04-11,AMZN,AWS slows amid cloud demand,Financial Times
2025-04-12,AAPL,Apple shares surge as supply chain issues,Financial Times
2025-04-12,AAPL,Apple faces regulatory scrutiny in China market,Reuters
2025-04-12,TSLA,EV market growth favors for Tesla,Financial Times
2025-04-12,TSLA,Tesla Autopilot scrutiny raises questions,Bloomberg
2025-04-12,AMZN,Amazon invests in logistics,Reuters
2025-04-12,AMZN,Prime membership boosts revenue,Bloomberg
2025-04-13,AAPL,Services drives Apple growth,Reuters
2025-04-13,AAPL,Apple faces competition pressure in supply chain,Reuters
2025-04-13,TSLA,Elon Musk announces Tesla expansion,WSJ
2025-04-13,TSLA,Elon Musk announces Tesla robotaxi,WSJ
2025-04-13,AMZN,Amazon e-commerce leads competition,Bloomberg
2025-04-13,AMZN,AWS accelerates amid cloud demand,Bloomberg
2025-04-14,AAPL,Apple faces regulatory scrutiny in services,Bloomberg
2025-04-14,AAPL,iPad drives Apple growth,WSJ
2025-04-14,TSLA,Tesla rise after analyst upgrade,Financial Times
2025-04-14,TSLA,EV market growth favors for Tesla,Bloomberg
2025-04-14,AMZN,Amazon rise logistics expansion,Reuters
2025-04-14,AMZN,AWS accelerates amid cloud demand,Financial Times
2025-04-15,AAPL,Apple shares climb as analyst upgrade,Reuters
2025-04-15,AAPL,Analysts raise targets for Apple earnings,Financial Times
2025-04-15,TSLA,Tesla dip after earnings beat,WSJ
2025-04-15,TSLA,Tesla Autopilot scrutiny raises questions,Reuters
2025-04-15,AMZN,Prime membership hurts revenue,WSJ
2025-04-15,AMZN,Amazon dip delivery expansion,CNBC
2025-04-16,AAPL,Analysts raise targets for Apple stock,CNBC
2025-04-16,AAPL,Apple shares drop as product launch,Bloomberg
2025-04-16,TSLA,Tesla Autopilot scrutiny raises questions,Reuters
2025-04-16,TSLA,Tesla rise after supply chain issues,Financial Times
2025-04-16,AMZN,Prime membership hurts revenue,Reuters
2025-04-16,AMZN,Prime membership supports revenue,Reuters
2025-04-17,AAPL,iPhone 17 Pro hurts sales,CNBC
2025-04-17,AAPL,Apple shares dip as supply chain issues,WSJ
2025-04-17,TSLA,Tesla fall after supply chain issues,Reuters
2025-04-17,TSLA,EV market slowdown hits for Tesla,WSJ
2025-04-17,AMZN,Prime membership hurts revenue,Financial Times
2025-04-17,AMZN,Amazon rise Prime expansion,Reuters
2025-04-18,AAPL,Analysts raise targets for Apple earnings,Financial Times
2025-04-18,AAPL,iPad drives Apple growth,Financial Times
2025-04-18,TSLA,Elon Musk announces Tesla robotaxi,Financial Times
2025-04-18,TSLA,Tesla Autopilot scrutiny raises questions,Reuters
2025-04-18,AMZN,Amazon e-commerce leads competition,Reuters
2025-04-18,AMZN,Prime membership supports revenue,Bloomberg
2025-04-19,AAPL,iPhone 17 Pro boosts sales,WSJ
2025-04-19,AAPL,Services drives Apple growth,WSJ
2025-04-19,TSLA,Tesla rise after earnings beat,Reuters
2025-04-19,TSLA,EV market slowdown hits for Tesla,CNBC
2025-04-19,AMZN,Amazon rise delivery expansion,Reuters
2025-04-19,AMZN,Amazon invests in logistics,Bloomberg
2025-04-20,AAPL,iPhone 16 launch boosts sales,Reuters
2025-04-20,AAPL,iPad drives Apple growth,WSJ
2025-04-20,TSLA,EV market slowdown hits for Tesla,CNBC
2025-04-20,TSLA,Elon Musk announces Tesla robotaxi,CNBC
2025-04-20,AMZN,Amazon e-commerce leads competition,WSJ
2025-04-20,AMZN,Amazon e-commerce faces competition,WSJ
2025-04-21,AAPL,Apple faces regulatory scrutiny in services,WSJ
2025-04-21,AAPL,Apple faces regulatory scrutiny in China market,WSJ
2025-04-21,TSLA,Tesla Autopilot progress raises questions,Reuters
2025-04-21,TSLA,Tesla Autopilot scrutiny raises questions,Reuters
2025-04-21,AMZN,Amazon drop logistics expansion,Bloomberg
2025-04-21,AMZN,AWS accelerates amid cloud demand,Reuters
2025-04-22,AAPL,iPad drives Apple growth,CNBC
2025-04-22,AAPL,Apple shares drop as product launch,Reuters
2025-04-22,TSLA,Tesla Autopilot progress raises questions,CNBC
2025-04-22,TSLA,Tesla Autopilot scrutiny raises questions,Bloomberg
2025-04-22,AMZN,Amazon drop delivery expansion,Bloomberg
2025-04-22,AMZN,Amazon e-commerce faces competition,Bloomberg
2025-04-23,AAPL,iPhone new chip hurts sales,Reuters
2025-04-23,AAPL,iPhone 17 Pro hurts sales,Bloomberg
2025-04-23,TSLA,Elon Musk announces Tesla robotaxi,WSJ
2025-04-23,TSLA,Tesla rise after product launch,Financial Times
2025-04-23,AMZN,Amazon invests in logistics,Bloomberg
2025-04-23,AMZN,Prime membership hurts revenue,Financial Times
2025-04-24,AAPL,Apple faces competition pressure in services,WSJ
2025-04-24,AAPL,Services drives Apple growth,Financial Times
2025-04-24,TSLA,EV market growth favors for Tesla,Bloomberg
2025-04-24,TSLA,Tesla drop after supply chain issues,WSJ
2025-04-24,AMZN,Amazon invests in healthcare,Financial Times
2025-04-24,AMZN,Amazon invests in AI,Reuters
2025-04-25,AAPL,Apple shares surge as product launch,CNBC
2025-04-25,AAPL,Apple faces regulatory scrutiny in China market,CNBC
2025-04-25,TSLA,Elon Musk announces Tesla expansion,CNBC
2025-04-25,TSLA,EV market slowdown hits for Tesla,Financial Times
2025-04-25,AMZN,AWS accelerates amid cloud demand,Reuters
2025-04-25,AMZN,Amazon invests in logistics,Reuters
2025-04-26,AAPL,Analysts downgrade Apple earnings,Financial Times
2025-04-26,AAPL,Mac drives Apple growth,Bloomberg
2025-04-26,TSLA,EV market slowdown hits for Tesla,CNBC
2025-04-26,TSLA,Tesla Autopilot scrutiny raises questions,Financial Times
2025-04-26,AMZN,Amazon drop logistics expansion,CNBC
2025-04-26,AMZN,Prime membership boosts revenue,Bloomberg
2025-04-27,AAPL,Apple faces competition pressure in services,CNBC
2025-04-27,AAPL,Apple shares rise as product launch,Bloomberg
2025-04-27,TSLA,Elon Musk announces Tesla expansion,CNBC
2025-04-27,TSLA,Tesla fall after analyst upgrade,Bloomberg
2025-04-27,AMZN,Amazon e-commerce leads competition,Financial Times
2025-04-27,AMZN,Amazon climb delivery expansion,Reuters
2025-04-28,AAPL,iPhone 16 launch boosts sales,WSJ
2025-04-28,AAPL,Mac drives Apple growth,Reuters
2025-04-28,TSLA,Tesla Autopilot scrutiny raises questions,WSJ
2025-04-28,TSLA,EV market slowdown hits for Tesla,CNBC
2025-04-28,AMZN,Amazon invests in AI,Bloomberg
2025-04-28,AMZN,Amazon drop logistics expansion,Financial Times
2025-04-29,AAPL,Apple faces regulatory scrutiny in services,WSJ
2025-04-29,AAPL,iPad drives Apple growth,CNBC
2025-04-29,TSLA,EV market growth favors for Tesla,Reuters
2025-04-29,TSLA,Elon Musk announces Tesla expansion,CNBC
2025-04-29,AMZN,Amazon invests in healthcare,Bloomberg
2025-04-29,AMZN,AWS slows amid cloud demand,WSJ
2025-04-30,AAPL,Analysts raise targets for Apple vision pro,Financial Times
2025-04-30,AAPL,Mac drives Apple growth,WSJ
2025-04-30,TSLA,Tesla milestone in battery tech,Reuters
2025-04-30,TSLA,Tesla dip after product launch,Reuters
2025-04-30,AMZN,Amazon invests in logistics,Reuters
2025-04-30,AMZN,Amazon drop Prime expansion,Financial Times
2025-05-01,AAPL,Apple faces competition pressure in services,WSJ
2025-05-01,AAPL,Apple faces regulatory scrutiny in China market,Financial Times
2025-05-01,TSLA,Elon Musk announces Tesla expansion,Reuters
2025-05-01,TSLA,EV market growth favors for Tesla,Reuters
2025-05-01,AMZN,Amazon fall Prime expansion,Financial Times
2025-05-01,AMZN,Prime membership supports revenue,Reuters
2025-05-02,AAPL,Apple faces regulatory scrutiny in services,CNBC
2025-05-02,AAPL,Analysts downgrade Apple stock,Bloomberg
2025-05-02,TSLA,Elon Musk announces Tesla robotaxi,Reuters
2025-05-02,TSLA,Elon Musk announces Tesla expansion,Reuters
2025-05-02,AMZN,Amazon invests in logistics,Reuters
2025-05-02,AMZN,Prime membership supports revenue,Financial Times
2025-05-03,AAPL,Apple shares fall as supply chain issues,Reuters
2025-05-03,AAPL,Mac drives Apple growth,Financial Times
2025-05-03,TSLA,Elon Musk announces Tesla robotaxi,CNBC
2025-05-03,TSLA,EV market slowdown hits for Tesla,CNBC
2025-05-03,AMZN,Prime membership hurts revenue,CNBC
2025-05-03,AMZN,Prime membership boosts revenue,CNBC
2025-05-04,AAPL,Apple faces competition pressure in services,WSJ
2025-05-04,AAPL,Analysts downgrade Apple earnings,CNBC
2025-05-04,TSLA,Tesla milestone in battery tech,WSJ
2025-05-04,TSLA,Elon Musk announces Tesla robotaxi,Reuters
2025-05-04,AMZN,AWS slows amid cloud demand,Bloomberg
2025-05-04,AMZN,Amazon rise delivery expansion,Bloomberg
2025-05-05,AAPL,Apple shares surge as product launch,Financial Times
2025-05-05,AAPL,Apple shares fall as supply chain issues,Financial Times
2025-05-05,TSLA,Tesla milestone in battery tech,Reuters
2025-05-05,TSLA,Tesla milestone in battery tech,CNBC
2025-05-05,AMZN,Amazon e-commerce leads competition,Bloomberg
2025-05-05,AMZN,AWS slows amid cloud demand,Financial Times
2025-05-06,AAPL,Analysts downgrade Apple vision pro,CNBC
2025-05-06,AAPL,Apple shares dip as earnings beat,Reuters
2025-05-06,TSLA,Tesla milestone in battery tech,Bloomberg
2025-05-06,TSLA,Tesla dip after supply chain issues,CNBC
2025-05-06,AMZN,Amazon e-commerce faces competition,WSJ
2025-05-06,AMZN,AWS slows amid cloud demand,Bloomberg
2025-05-07,AAPL,Apple faces regulatory scrutiny in China market,Financial Times
2025-05-07,AAPL,Apple shares drop as earnings beat,Financial Times
2025-05-07,TSLA,Tesla milestone in battery tech,Financial Times
2025-05-07,TSLA,Tesla dip after product launch,WSJ
2025-05-07,AMZN,Amazon invests in healthcare,WSJ
2025-05-07,AMZN,Amazon e-commerce faces competition,CNBC
2025-05-08,AAPL,Mac drives Apple growth,Financial Times
2025-05-08,AAPL,Apple shares fall as earnings beat,Financial Times
2025-05-08,TSLA,Tesla breakthrough in battery tech,CNBC
2025-05-08,TSLA,Tesla Autopilot scrutiny raises questions,WSJ
2025-05-08,AMZN,Amazon invests in AI,CNBC
2025-05-08,AMZN,Prime membership hurts revenue,WSJ
2025-05-09,AAPL,Apple shares rise as product launch,Financial Times
2025-05-09,AAPL,Apple shares rise as supply chain issues,CNBC
2025-05-09,TSLA,Elon Musk announces Tesla robotaxi,CNBC
2025-05-09,TSLA,Tesla Autopilot scrutiny raises questions,Bloomberg
2025-05-09,AMZN,Amazon invests in AI,Financial Times
2025-05-09,AMZN,Amazon e-commerce faces competition,WSJ
2025-05-10,AAPL,Analysts downgrade Apple stock,CNBC
2025-05-10,AAPL,Apple faces regulatory scrutiny in China market,Bloomberg
2025-05-10,TSLA,Tesla Autopilot scrutiny raises questions,Reuters
2025-05-10,TSLA,Tesla drop after product launch,Bloomberg
2025-05-10,AMZN,AWS accelerates amid cloud demand,Bloomberg
2025-05-10,AMZN,Amazon invests in AI,CNBC
2025-05-11,AAPL,Mac drives Apple growth,Bloomberg
2025-05-11,AAPL,Apple faces competition pressure in China market,Bloomberg
2025-05-11,TSLA,Elon Musk announces Tesla robotaxi,WSJ
2025-05-11,TSLA,Tesla Autopilot scrutiny raises questions,Financial Times
2025-05-11,AMZN,Amazon fall Prime expansion,Reuters
2025-05-11,AMZN,Amazon rise Prime expansion,CNBC
2025-05-12,AAPL,Apple faces competition pressure in supply chain,Financial Times
2025-05-12,AAPL,Analysts raise targets for Apple stock,CNBC
2025-05-12,TSLA,Tesla milestone in battery tech,Reuters
2025-05-12,TSLA,Tesla Autopilot scrutiny raises questions,WSJ
2025-05-12,AMZN,Amazon e-commerce faces competition,CNBC
2025-05-12,AMZN,Prime membership boosts revenue,WSJ
2025-05-13,AAPL,Apple shares drop as supply chain issues,Reuters
2025-05-13,AAPL,Apple faces competition pressure in supply chain,Financial Times
2025-05-13,TSLA,Tesla milestone in battery tech,Reuters
2025-05-13,TSLA,EV market slowdown hits for Tesla,WSJ
2025-05-13,AMZN,Amazon e-commerce leads competition,Reuters
2025-05-13,AMZN,Prime membership supports revenue,CNBC
2025-05-14,AAPL,iPhone new chip supports sales,Reuters
2025-05-14,AAPL,Apple faces regulatory scrutiny in China market,Financial Times
2025-05-14,TSLA,EV market slowdown hits for Tesla,Financial Times
2025-05-14,TSLA,Tesla breakthrough in battery tech,WSJ
2025-05-14,AMZN,AWS accelerates amid cloud demand,WSJ
2025-05-14,AMZN,Prime membership boosts revenue,CNBC
2025-05-15,AAPL,Analysts raise targets for Apple stock,Reuters
2025-05-15,AAPL,Apple shares drop as analyst upgrade,WSJ
2025-05-15,TSLA,Tesla milestone in battery tech,Financial Times
2025-05-15,TSLA,Elon Musk announces Tesla robotaxi,Reuters
2025-05-15,AMZN,Prime membership hurts revenue,Bloomberg
2025-05-15,AMZN,Amazon e-commerce leads competition,Reuters
2025-05-16,AAPL,Analysts downgrade Apple earnings,WSJ
2025-05-16,AAPL,Apple faces regulatory scrutiny in services,Financial Times
2025-05-16,TSLA,Tesla milestone in battery tech,Reuters
2025-05-16,TSLA,Tesla Autopilot scrutiny raises questions,WSJ
2025-05-16,AMZN,AWS accelerates amid cloud demand,WSJ
2025-05-16,AMZN,Amazon e-commerce leads competition,WSJ
2025-05-17,AAPL,Services drives Apple growth,Reuters
2025-05-17,AAPL,iPhone new chip supports sales,Reuters
2025-05-17,TSLA,Elon Musk announces Tesla expansion,CNBC
2025-05-17,TSLA,Tesla milestone in battery tech,Financial Times
2025-05-17,AMZN,AWS accelerates amid cloud demand,Bloomberg
2025-05-17,AMZN,Amazon climb logistics expansion,CNBC
2025-05-18,AAPL,Analysts raise targets for Apple earnings,WSJ
2025-05-18,AAPL,iPad drives Apple growth,Financial Times
2025-05-18,TSLA,Elon Musk announces Tesla expansion,WSJ
2025-05-18,TSLA,Tesla Autopilot scrutiny raises questions,Reuters
2025-05-18,AMZN,Amazon e-commerce leads competition,CNBC
2025-05-18,AMZN,Amazon invests in logistics,Bloomberg
2025-05-19,AAPL,Apple faces competition pressure in services,WSJ
2025-05-19,AAPL,Apple shares fall as analyst upgrade,Bloomberg
2025-05-19,TSLA,Tesla milestone in battery tech,Reuters
2025-05-19,TSLA,Tesla breakthrough in battery tech,Bloomberg
2025-05-19,AMZN,AWS slows amid cloud demand,CNBC
2025-05-19,AMZN,Amazon e-commerce leads competition,CNBC
2025-05-20,AAPL,Apple faces regulatory scrutiny in supply chain,Financial Times
2025-05-20,AAPL,Apple faces competition pressure in services,Bloomberg
2025-05-20,TSLA,EV market growth favors for Tesla,WSJ
2025-05-20,TSLA,Elon Musk announces Tesla expansion,CNBC
2025-05-20,AMZN,Amazon e-commerce faces competition,Reuters
2025-05-20,AMZN,Prime membership boosts revenue,Reuters
2025-05-21,AAPL,Apple faces competition pressure in services,Financial Times
2025-05-21,AAPL,Apple faces competition pressure in China market,WSJ
2025-05-21,TSLA,EV market growth favors for Tesla,Reuters
2025-05-21,TSLA,Elon Musk announces Tesla expansion,Reuters
2025-05-21,AMZN,Amazon invests in logistics,WSJ
2025-05-21,AMZN,Prime membership hurts revenue,Reuters
2025-05-22,AAPL,iPad drives Apple growth,CNBC
2025-05-22,AAPL,Apple faces regulatory scrutiny in supply chain,Financial Times
2025-05-22,TSLA,Elon Musk announces Tesla expansion,Bloomberg
2025-05-22,TSLA,Tesla fall after product launch,Financial Times
2025-05-22,AMZN,AWS slows amid cloud demand,Financial Times
2025-05-22,AMZN,AWS slows amid cloud demand,Bloomberg
2025-05-23,AAPL,Apple faces competition pressure in supply chain,WSJ
2025-05-23,AAPL,Services drives Apple growth,Financial Times
2025-05-23,TSLA,Tesla fall after supply chain issues,Reuters
2025-05-23,TSLA,Tesla breakthrough in battery tech,Reuters
2025-05-23,AMZN,AWS accelerates amid cloud demand,Financial Times
2025-05-23,AMZN,Amazon e-commerce faces competition,Reuters
2025-05-24,AAPL,iPhone 16 launch boosts sales,CNBC
2025-05-24,AAPL,Apple faces regulatory scrutiny in supply chain,Financial Times
2025-05-24,TSLA,Tesla breakthrough in battery tech,Bloomberg
2025-05-24,TSLA,Tesla breakthrough in battery tech,Bloomberg
2025-05-24,AMZN,Amazon invests in healthcare,Bloomberg
2025-05-24,AMZN,Amazon invests in healthcare,WSJ
2025-05-25,AAPL,Analysts raise targets for Apple vision pro,Financial Times
2025-05-25,AAPL,Apple shares surge as product launch,CNBC
2025-05-25,TSLA,Tesla dip after earnings beat,CNBC
2025-05-25,TSLA,Tesla breakthrough in battery tech,Financial Times
2025-05-25,AMZN,Amazon invests in AI,Bloomberg
2025-05-25,AMZN,AWS slows amid cloud demand,Bloomberg
2025-05-26,AAPL,Analysts downgrade Apple vision pro,WSJ
2025-05-26,AAPL,Apple faces regulatory scrutiny in supply chain,CNBC
2025-05-26,TSLA,Tesla Autopilot scrutiny raises questions,Financial Times
2025-05-26,TSLA,Tesla drop after product launch,CNBC
2025-05-26,AMZN,Prime membership boosts revenue,Financial Times
2025-05-26,AMZN,Amazon invests in healthcare,WSJ
2025-05-27,AAPL,Apple faces regulatory scrutiny in supply chain,Reuters
2025-05-27,AAPL,Apple shares climb as analyst upgrade,WSJ
2025-05-27,TSLA,Tesla Autopilot scrutiny raises questions,CNBC
2025-05-27,TSLA,Elon Musk announces Tesla expansion,Financial Times
2025-05-27,AMZN,Amazon invests in AI,Bloomberg
2025-05-27,AMZN,Amazon invests in AI,Financial Times
2025-05-28,AAPL,iPhone 17 Pro boosts sales,CNBC
2025-05-28,AAPL,iPhone 17 Pro hurts sales,Reuters
2025-05-28,TSLA,Elon Musk announces Tesla expansion,CNBC
2025-05-28,TSLA,Tesla rise after supply chain issues,Reuters
2025-05-28,AMZN,Prime membership supports revenue,Financial Times
2025-05-28,AMZN,Amazon e-commerce leads competition,CNBC
2025-05-29,AAPL,iPhone 16 launch supports sales,Financial Times
2025-05-29,AAPL,Apple faces regulatory scrutiny in China market,Reuters
2025-05-29,TSLA,Tesla Autopilot progress raises questions,CNBC
2025-05-29,TSLA,Tesla breakthrough in battery tech,CNBC
2025-05-29,AMZN,Prime membership hurts revenue,Reuters
2025-05-29,AMZN,AWS slows amid cloud demand,WSJ
2025-05-30,AAPL,iPhone 17 Pro supports sales,WSJ
2025-05-30,AAPL,Mac drives Apple growth,CNBC
2025-05-30,TSLA,EV market slowdown hits for Tesla,Reuters
2025-05-30,TSLA,Elon Musk announces Tesla robotaxi,Bloomberg
2025-05-30,AMZN,Prime membership boosts revenue,WSJ
2025-05-30,AMZN,Prime membership hurts revenue,WSJ
2025-05-31,AAPL,Analysts raise targets for Apple stock,CNBC
2025-05-31,AAPL,Apple shares rise as product launch,Bloomberg
2025-05-31,TSLA,Tesla fall after analyst upgrade,CNBC
2025-05-31,TSLA,Elon Musk announces Tesla expansion,Financial Times
2025-05-31,AMZN,Amazon invests in healthcare,CNBC
2025-05-31,AMZN,Amazon invests in healthcare,Financial Times
2025-06-01,AAPL,Analysts downgrade Apple vision pro,CNBC
2025-06-01,AAPL,Analysts downgrade Apple vision pro,Reuters
2025-06-01,TSLA,Tesla Autopilot scrutiny raises questions,CNBC
2025-06-01,TSLA,Tesla rise after product launch,Reuters
2025-06-01,AMZN,Amazon e-commerce faces competition,Reuters
2025-06-01,AMZN,AWS slows amid cloud demand,Reuters
2025-06-02,AAPL,Analysts raise targets for Apple stock,Bloomberg
2025-06-02,AAPL,Apple faces competition pressure in services,Financial Times
2025-06-02,TSLA,Tesla Autopilot scrutiny raises questions,Reuters
2025-06-02,TSLA,EV market slowdown hits for Tesla,Bloomberg
2025-06-02,AMZN,Amazon invests in healthcare,Financial Times
2025-06-02,AMZN,AWS slows amid cloud demand,Financial Times
2025-06-03,AAPL,Apple shares rise as earnings beat,WSJ
2025-06-03,AAPL,Apple shares rise as earnings beat,Bloomberg
2025-06-03,TSLA,EV market growth favors for Tesla,Reuters
2025-06-03,TSLA,Tesla drop after earnings beat,CNBC
2025-06-03,AMZN,AWS slows amid cloud demand,Bloomberg
2025-06-03,AMZN,Prime membership supports revenue,Bloomberg
2025-06-04,AAPL,Apple faces regulatory scrutiny in supply chain,Reuters
2025-06-04,AAPL,Apple shares rise as analyst upgrade,Bloomberg
2025-06-04,TSLA,Tesla breakthrough in battery tech,CNBC
2025-06-04,TSLA,Tesla milestone in battery tech,CNBC
2025-06-04,AMZN,Amazon drop logistics expansion,WSJ
2025-06-04,AMZN,Amazon e-commerce leads competition,Financial Times
2025-06-05,AAPL,Mac drives Apple growth,CNBC
2025-06-05,AAPL,Analysts downgrade Apple stock,Bloomberg
2025-06-05,TSLA,EV market slowdown hits for Tesla,CNBC
2025-06-05,TSLA,EV market slowdown hits for Tesla,CNBC
2025-06-05,AMZN,AWS slows amid cloud demand,CNBC
2025-06-05,AMZN,Amazon e-commerce leads competition,CNBC
2025-06-06,AAPL,Mac drives Apple growth,Reuters
2025-06-06,AAPL,Analysts raise targets for Apple stock,Reuters
2025-06-06,TSLA,Tesla breakthrough in battery tech,CNBC
2025-06-06,TSLA,Tesla milestone in battery tech,Reuters
2025-06-06,AMZN,AWS accelerates amid cloud demand,Bloomberg
2025-06-06,AMZN,Prime membership supports revenue,Financial Times
2025-06-07,AAPL,Apple shares surge as supply chain issues,Bloomberg
2025-06-07,AAPL,Apple shares drop as analyst upgrade,Financial Times
2025-06-07,TSLA,EV market slowdown hits for Tesla,Reuters
2025-06-07,TSLA,Tesla Autopilot progress raises questions,WSJ
2025-06-07,AMZN,Amazon surge delivery expansion,WSJ
2025-06-07,AMZN,Prime membership boosts revenue,Reuters
2025-06-08,AAPL,iPhone 16 launch hurts sales,Financial Times
2025-06-08,AAPL,Apple shares fall as supply chain issues,Bloomberg
2025-06-08,TSLA,Tesla dip after earnings beat,Reuters
2025-06-08,TSLA,Tesla milestone in battery tech,Financial Times
2025-06-08,AMZN,Amazon e-commerce faces competition,Financial Times
2025-06-08,AMZN,Amazon e-commerce faces competition,Financial Times
2025-06-09,AAPL,Apple shares climb as product launch,Bloomberg
2025-06-09,AAPL,Apple shares dip as earnings beat,Reuters
2025-06-09,TSLA,Tesla breakthrough in battery tech,Reuters
2025-06-09,TSLA,EV market slowdown hits for Tesla,Bloomberg
2025-06-09,AMZN,Prime membership boosts revenue,Financial Times
2025-06-09,AMZN,Amazon invests in AI,CNBC
2025-06-10,AAPL,iPhone new chip boosts sales,WSJ
2025-06-10,AAPL,Apple faces regulatory scrutiny in supply chain,Financial Times
2025-06-10,TSLA,EV market slowdown hits for Tesla,WSJ
2025-06-10,TSLA,EV market slowdown hits for Tesla,Financial Times
2025-06-10,AMZN,Amazon fall Prime expansion,Bloomberg
2025-06-10,AMZN,AWS slows amid cloud demand,CNBC
2025-06-11,AAPL,Apple shares drop as analyst upgrade,Financial Times
2025-06-11,AAPL,iPhone 16 launch boosts sales,CNBC
2025-06-11,TSLA,Tesla breakthrough in battery tech,WSJ
2025-06-11,TSLA,Elon Musk announces Tesla robotaxi,WSJ
2025-06-11,AMZN,Amazon e-commerce leads competition,Reuters
2025-06-11,AMZN,Prime membership supports revenue,CNBC
2025-06-12,AAPL,Apple faces competition pressure in China market,CNBC
2025-06-12,AAPL,Services drives Apple growth,Reuters
2025-06-12,TSLA,Tesla milestone in battery tech,WSJ
2025-06-12,TSLA,EV market growth favors for Tesla,WSJ
2025-06-12,AMZN,Amazon e-commerce faces competition,CNBC
2025-06-12,AMZN,Amazon e-commerce faces competition,Reuters
2025-06-13,AAPL,Apple faces competition pressure in services,Financial Times
2025-06-13,AAPL,Apple shares drop as analyst upgrade,Reuters
2025-06-13,TSLA,Tesla breakthrough in battery tech,CNBC
2025-06-13,TSLA,Elon Musk announces Tesla robotaxi,Reuters
2025-06-13,AMZN,Prime membership supports revenue,Financial Times
2025-06-13,AMZN,Prime membership hurts revenue,Bloomberg
2025-06-14,AAPL,Apple shares rise as product launch,Reuters
2025-06-14,AAPL,Analysts raise targets for Apple stock,WSJ
2025-06-14,TSLA,EV market growth favors for Tesla,CNBC
2025-06-14,TSLA,Tesla climb after earnings beat,Reuters
2025-06-14,AMZN,Amazon dip logistics expansion,Financial Times
2025-06-14,AMZN,AWS accelerates amid cloud demand,Reuters
2025-06-15,AAPL,Apple faces competition pressure in China market,WSJ
2025-06-15,AAPL,Apple shares surge as analyst upgrade,Financial Times
2025-06-15,TSLA,Tesla milestone in battery tech,Financial Times
2025-06-15,TSLA,Tesla Autopilot progress raises questions,WSJ
2025-06-15,AMZN,Amazon e-commerce leads competition,Financial Times
2025-06-15,AMZN,Amazon e-commerce faces competition,Reuters
2025-06-16,AAPL,Apple shares rise as product launch,WSJ
2025-06-16,AAPL,Analysts downgrade Apple stock,Bloomberg
2025-06-16,TSLA,Tesla Autopilot scrutiny raises questions,Bloomberg
2025-06-16,TSLA,Tesla surge after product launch,CNBC
2025-06-16,AMZN,Amazon e-commerce faces competition,WSJ
2025-06-16,AMZN,Amazon drop delivery expansion,Bloomberg
2025-06-17,AAPL,iPhone new chip supports sales,WSJ
2025-06-17,AAPL,Apple faces regulatory scrutiny in China market,Financial Times
2025-06-17,TSLA,Tesla Autopilot scrutiny raises questions,Bloomberg
2025-06-17,TSLA,Tesla breakthrough in battery tech,Reuters
2025-06-17,AMZN,AWS accelerates amid cloud demand,Reuters
2025-06-17,AMZN,Prime membership supports revenue,Reuters
2025-06-18,AAPL,Apple shares climb as earnings beat,Financial Times
2025-06-18,AAPL,Apple shares fall as product launch,Bloomberg
2025-06-18,TSLA,Tesla milestone in battery tech,WSJ
2025-06-18,TSLA,Tesla Autopilot progress raises questions,Reuters
2025-06-18,AMZN,AWS slows amid cloud demand,CNBC
2025-06-18,AMZN,Amazon e-commerce leads competition,CNBC
2025-06-19,AAPL,iPhone new chip hurts sales,Bloomberg
2025-06-19,AAPL,iPhone new chip supports sales,Reuters
2025-06-19,TSLA,Tesla surge after product launch,Reuters
2025-06-19,TSLA,EV market slowdown hits for Tesla,Reuters
2025-06-19,AMZN,Amazon dip delivery expansion,Financial Times
2025-06-19,AMZN,Amazon invests in healthcare,Bloomberg
2025-06-20,AAPL,iPhone new chip hurts sales,Reuters
2025-06-20,AAPL,Apple shares fall as product launch,CNBC
2025-06-20,TSLA,EV market growth favors for Tesla,Bloomberg
2025-06-20,TSLA,EV market growth favors for Tesla,Bloomberg
2025-06-20,AMZN,Amazon e-commerce faces competition,Financial Times
2025-06-20,AMZN,Amazon e-commerce faces competition,Bloomberg
2025-06-21,AAPL,iPhone 16 launch boosts sales,WSJ
2025-06-21,AAPL,Analysts raise targets for Apple vision pro,Bloomberg
2025-06-21,TSLA,Elon Musk announces Tesla expansion,Financial Times
2025-06-21,TSLA,Tesla fall after earnings beat,WSJ
2025-06-21,AMZN,Amazon invests in AI,Financial Times
2025-06-21,AMZN,Amazon e-commerce faces competition,Reuters
2025-06-22,AAPL,Apple faces competition pressure in services,Bloomberg
2025-06-22,AAPL,Analysts downgrade Apple stock,WSJ
2025-06-22,TSLA,Tesla dip after earnings beat,Financial Times
2025-06-22,TSLA,Elon Musk announces Tesla expansion,CNBC
2025-06-22,AMZN,Amazon rise delivery expansion,CNBC
2025-06-22,AMZN,Prime membership hurts revenue,Bloomberg
2025-06-23,AAPL,Analysts downgrade Apple stock,Bloomberg
2025-06-23,AAPL,iPad drives Apple growth,Bloomberg
2025-06-23,TSLA,Tesla Autopilot progress raises questions,Financial Times
2025-06-23,TSLA,Tesla Autopilot progress raises questions,Bloomberg
2025-06-23,AMZN,AWS accelerates amid cloud demand,Financial Times
2025-06-23,AMZN,Amazon surge Prime expansion,Bloomberg
2025-06-24,AAPL,Analysts raise targets for Apple vision pro,Reuters
2025-06-24,AAPL,Analysts downgrade Apple vision pro,WSJ
2025-06-24,TSLA,EV market slowdown hits for Tesla,WSJ
2025-06-24,TSLA,EV market slowdown hits for Tesla,Reuters
2025-06-24,AMZN,Amazon rise delivery expansion,CNBC
2025-06-24,AMZN,Prime membership boosts revenue,Bloomberg
2025-06-25,AAPL,Analysts downgrade Apple stock,Bloomberg
2025-06-25,AAPL,Analysts raise targets for Apple vision pro,Financial Times
2025-06-25,TSLA,Tesla Autopilot scrutiny raises questions,WSJ
2025-06-25,TSLA,Tesla Autopilot scrutiny raises questions,Financial Times
2025-06-25,AMZN,Amazon invests in AI,CNBC
2025-06-25,AMZN,Amazon e-commerce faces competition,CNBC
2025-06-26,AAPL,Apple shares fall as analyst upgrade,CNBC
2025-06-26,AAPL,Analysts downgrade Apple stock,Reuters
2025-06-26,TSLA,Tesla Autopilot scrutiny raises questions,CNBC
2025-06-26,TSLA,EV market growth favors for Tesla,Bloomberg
2025-06-26,AMZN,Amazon invests in healthcare,CNBC
2025-06-26,AMZN,Amazon drop logistics expansion,CNBC
2025-06-27,AAPL,Apple faces competition pressure in China market,Bloomberg
2025-06-27,AAPL,Apple shares dip as analyst upgrade,CNBC
2025-06-27,TSLA,Tesla fall after analyst upgrade,Financial Times
2025-06-27,TSLA,Tesla milestone in battery tech,WSJ
2025-06-27,AMZN,Amazon e-commerce faces competition,Reuters
2025-06-27,AMZN,AWS slows amid cloud demand,Financial Times
2025-06-28,AAPL,Services drives Apple growth,Reuters
2025-06-28,AAPL,Apple shares dip as supply chain issues,Bloomberg
2025-06-28,TSLA,EV market growth favors for Tesla,Reuters
2025-06-28,TSLA,Tesla breakthrough in battery tech,Bloomberg
2025-06-28,AMZN,Amazon e-commerce leads competition,WSJ
2025-06-28,AMZN,Prime membership boosts revenue,Bloomberg
2025-06-29,AAPL,Analysts raise targets for Apple earnings,CNBC
2025-06-29,AAPL,Analysts downgrade Apple earnings,CNBC
2025-06-29,TSLA,Tesla drop after earnings beat,Financial Times
2025-06-29,TSLA,Tesla Autopilot scrutiny raises questions,Bloomberg
2025-06-29,AMZN,Amazon e-commerce faces competition,Bloomberg
2025-06-29,AMZN,Amazon dip delivery expansion,WSJ
2025-06-30,AAPL,Analysts downgrade Apple vision pro,Bloomberg
2025-06-30,AAPL,Analysts downgrade Apple stock,Reuters
2025-06-30,TSLA,Elon Musk announces Tesla expansion,Financial Times
2025-06-30,TSLA,Tesla fall after supply chain issues,Bloomberg
2025-06-30,AMZN,Amazon invests in AI,WSJ
2025-06-30,AMZN,Amazon e-commerce leads competition,Reuters
2025-07-01,AAPL,Analysts raise targets for Apple vision pro,Financial Times
2025-07-01,AAPL,iPad drives Apple growth,Financial Times
2025-07-01,TSLA,Elon Musk announces Tesla robotaxi,CNBC
2025-07-01,TSLA,Tesla breakthrough in battery tech,Bloomberg
2025-07-01,AMZN,Amazon drop logistics expansion,WSJ
2025-07-01,AMZN,Amazon drop delivery expansion,CNBC
2025-07-02,AAPL,iPhone 16 launch supports sales,Reuters
2025-07-02,AAPL,Apple shares climb as earnings beat,Financial Times
2025-07-02,TSLA,Elon Musk announces Tesla robotaxi,WSJ
2025-07-02,TSLA,Tesla Autopilot progress raises questions,Bloomberg
2025-07-02,AMZN,AWS accelerates amid cloud demand,Reuters
2025-07-02,AMZN,Amazon drop logistics expansion,Reuters
2025-07-03,AAPL,Apple shares drop as earnings beat,Financial Times
2025-07-03,AAPL,Analysts downgrade Apple vision pro,WSJ
2025-07-03,TSLA,Tesla breakthrough in battery tech,Financial Times
2025-07-03,TSLA,Tesla milestone in battery tech,CNBC
2025-07-03,AMZN,Amazon e-commerce faces competition,CNBC
2025-07-03,AMZN,Prime membership supports revenue,CNBC
2025-07-04,AAPL,iPhone 16 launch boosts sales,Bloomberg
2025-07-04,AAPL,Apple faces regulatory scrutiny in services,WSJ
2025-07-04,TSLA,Tesla breakthrough in battery tech,WSJ
2025-07-04,TSLA,Elon Musk announces Tesla expansion,Financial Times
2025-07-04,AMZN,Amazon e-commerce leads competition,Reuters
2025-07-04,AMZN,Amazon e-commerce leads competition,CNBC
2025-07-05,AAPL,Apple faces competition pressure in supply chain,Financial Times
2025-07-05,AAPL,iPhone 17 Pro hurts sales,WSJ
2025-07-05,TSLA,Tesla drop after product launch,CNBC
2025-07-05,TSLA,Tesla drop after supply chain issues,WSJ
2025-07-05,AMZN,Amazon rise delivery expansion,WSJ
2025-07-05,AMZN,Amazon e-commerce leads competition,WSJ
2025-07-06,AAPL,iPhone new chip supports sales,CNBC
2025-07-06,AAPL,Apple shares drop as earnings beat,Reuters
2025-07-06,TSLA,Elon Musk announces Tesla robotaxi,Reuters
2025-07-06,TSLA,EV market slowdown hits for Tesla,Reuters
2025-07-06,AMZN,Amazon e-commerce faces competition,CNBC
2025-07-06,AMZN,Amazon e-commerce leads competition,Financial Times
2025-07-07,AAPL,Apple faces regulatory scrutiny in services,Financial Times
2025-07-07,AAPL,iPad drives Apple growth,Financial Times
2025-07-07,TSLA,Tesla milestone in battery tech,CNBC
2025-07-07,TSLA,Tesla milestone in battery tech,WSJ
2025-07-07,AMZN,Prime membership supports revenue,Financial Times
2025-07-07,AMZN,Amazon e-commerce leads competition,Reuters
2025-07-08,AAPL,Mac drives Apple growth,Bloomberg
2025-07-08,AAPL,iPad drives Apple growth,Bloomberg
2025-07-08,TSLA,Tesla Autopilot scrutiny raises questions,Reuters
2025-07-08,TSLA,Tesla breakthrough in battery tech,Reuters
2025-07-08,AMZN,Amazon invests in healthcare,CNBC
2025-07-08,AMZN,Amazon e-commerce faces competition,Reuters
2025-07-09,AAPL,Apple faces regulatory scrutiny in China market,Reuters
2025-07-09,AAPL,Apple faces competition pressure in supply chain,Bloomberg
2025-07-09,TSLA,Tesla Autopilot scrutiny raises questions,Reuters
2025-07-09,TSLA,Tesla fall after product launch,CNBC
2025-07-09,AMZN,Amazon rise logistics expansion,CNBC
2025-07-09,AMZN,Prime membership hurts revenue,WSJ
2025-07-10,AAPL,iPhone new chip boosts sales,Financial Times
2025-07-10,AAPL,Analysts raise targets for Apple stock,CNBC
2025-07-10,TSLA,Tesla Autopilot scrutiny raises questions,Bloomberg
2025-07-10,TSLA,Tesla Autopilot progress raises questions,Reuters
2025-07-10,AMZN,Amazon fall logistics expansion,Bloomberg
2025-07-10,AMZN,Amazon fall logistics expansion,Financial Times
2025-07-11,AAPL,Analysts raise targets for Apple vision pro,Financial Times
2025-07-11,AAPL,Analysts raise targets for Apple vision pro,Bloomberg
2025-07-11,TSLA,Elon Musk announces Tesla expansion,Financial Times
2025-07-11,TSLA,EV market slowdown hits for Tesla,CNBC
2025-07-11,AMZN,Amazon e-commerce leads competition,Reuters
2025-07-11,AMZN,AWS accelerates amid cloud demand,Reuters
2025-07-12,AAPL,iPhone 17 Pro supports sales,WSJ
2025-07-12,AAPL,Apple shares climb as earnings beat,Bloomberg
2025-07-12,TSLA,Elon Musk announces Tesla expansion,Financial Times
2025-07-12,TSLA,Tesla Autopilot progress raises questions,CNBC
2025-07-12,AMZN,Amazon invests in healthcare,Bloomberg
2025-07-12,AMZN,AWS slows amid cloud demand,Bloomberg
2025-07-13,AAPL,iPad drives Apple growth,WSJ
2025-07-13,AAPL,Apple shares surge as analyst upgrade,Bloomberg
2025-07-13,TSLA,Tesla milestone in battery tech,Reuters
2025-07-13,TSLA,Elon Musk announces Tesla robotaxi,Reuters
2025-07-13,AMZN,Amazon e-commerce leads competition,Bloomberg
2025-07-13,AMZN,Prime membership hurts revenue,Bloomberg
2025-07-14,AAPL,Apple faces competition pressure in China market,WSJ
2025-07-14,AAPL,Apple shares surge as product launch,Bloomberg
2025-07-14,TSLA,Elon Musk announces Tesla expansion,Financial Times
2025-07-14,TSLA,Tesla Autopilot scrutiny raises questions,Reuters
2025-07-14,AMZN,AWS slows amid cloud demand,WSJ
2025-07-14,AMZN,Amazon e-commerce leads competition,WSJ
2025-07-15,AAPL,Apple shares dip as product launch,Reuters
2025-07-15,AAPL,Apple faces regulatory scrutiny in China market,Financial Times
2025-07-15,TSLA,Tesla surge after analyst upgrade,Financial Times
2025-07-15,TSLA,Tesla climb after supply chain issues,CNBC
2025-07-15,AMZN,AWS slows amid cloud demand,Bloomberg
2025-07-15,AMZN,Amazon drop logistics expansion,Financial Times
2025-07-16,AAPL,Apple shares fall as analyst upgrade,Financial Times
2025-07-16,AAPL,Analysts raise targets for Apple vision pro,Financial Times
2025-07-16,TSLA,Elon Musk announces Tesla expansion,Financial Times
2025-07-16,TSLA,Tesla breakthrough in battery tech,CNBC
2025-07-16,AMZN,Prime membership hurts revenue,WSJ
2025-07-16,AMZN,Prime membership boosts revenue,WSJ
2025-07-17,AAPL,iPhone new chip hurts sales,Bloomberg
2025-07-17,AAPL,iPad drives Apple growth,Reuters
2025-07-17,TSLA,Tesla Autopilot progress raises questions,Reuters
2025-07-17,TSLA,Tesla surge after analyst upgrade,CNBC
2025-07-17,AMZN,Amazon invests in healthcare,WSJ
2025-07-17,AMZN,AWS accelerates amid cloud demand,Financial Times
2025-07-18,AAPL,iPad drives Apple growth,Reuters
2025-07-18,AAPL,Analysts raise targets for Apple earnings,Reuters
2025-07-18,TSLA,Elon Musk announces Tesla expansion,Financial Times
2025-07-18,TSLA,Elon Musk announces Tesla robotaxi,Financial Times
2025-07-18,AMZN,Amazon drop Prime expansion,Reuters
2025-07-18,AMZN,AWS accelerates amid cloud demand,Reuters
2025-07-19,AAPL,Analysts raise targets for Apple stock,Reuters
2025-07-19,AAPL,iPhone new chip hurts sales,Bloomberg
2025-07-19,TSLA,Tesla breakthrough in battery tech,Bloomberg
2025-07-19,TSLA,Tesla surge after analyst upgrade,WSJ
2025-07-19,AMZN,Prime membership supports revenue,Reuters
2025-07-19,AMZN,Prime membership hurts revenue,Financial Times
2025-07-20,AAPL,Apple shares surge as earnings beat,Bloomberg
2025-07-20,AAPL,Apple shares climb as analyst upgrade,CNBC
2025-07-20,TSLA,EV market growth favors for Tesla,Reuters
2025-07-20,TSLA,Tesla rise after analyst upgrade,Reuters
2025-07-20,AMZN,Amazon e-commerce leads competition,Reuters
2025-07-20,AMZN,Amazon invests in AI,WSJ
2025-07-21,AAPL,iPhone 17 Pro hurts sales,Bloomberg
2025-07-21,AAPL,iPhone 17 Pro hurts sales,Financial Times
2025-07-21,TSLA,Tesla climb after earnings beat,CNBC
2025-07-21,TSLA,Tesla dip after analyst upgrade,Bloomberg
2025-07-21,AMZN,Amazon dip delivery expansion,Reuters
2025-07-21,AMZN,Prime membership hurts revenue,Financial Times
2025-07-22,AAPL,Apple shares rise as supply chain issues,Bloomberg
2025-07-22,AAPL,iPhone 17 Pro hurts sales,Reuters
2025-07-22,TSLA,Elon Musk announces Tesla expansion,Reuters
2025-07-22,TSLA,Tesla breakthrough in battery tech,Financial Times
2025-07-22,AMZN,Amazon drop delivery expansion,Bloomberg
2025-07-22,AMZN,Amazon fall Prime expansion,Bloomberg
2025-07-23,AAPL,Analysts downgrade Apple stock,Financial Times
2025-07-23,AAPL,iPad drives Apple growth,Bloomberg
2025-07-23,TSLA,EV market growth favors for Tesla,Financial Times
2025-07-23,TSLA,Elon Musk announces Tesla robotaxi,WSJ
2025-07-23,AMZN,Prime membership boosts revenue,CNBC
2025-07-23,AMZN,Amazon e-commerce faces competition,Bloomberg
2025-07-24,AAPL,Analysts downgrade Apple vision pro,Bloomberg
2025-07-24,AAPL,Apple shares dip as product launch,WSJ
2025-07-24,TSLA,Tesla climb after supply chain issues,Reuters
2025-07-24,TSLA,Elon Musk announces Tesla expansion,Reuters
2025-07-24,AMZN,Amazon invests in healthcare,Financial Times
2025-07-24,AMZN,Prime membership supports revenue,Financial Times
2025-07-25,AAPL,Analysts raise targets for Apple earnings,Financial Times
2025-07-25,AAPL,Apple shares dip as supply chain issues,WSJ
2025-07-25,TSLA,Tesla Autopilot scrutiny raises questions,CNBC
2025-07-25,TSLA,Elon Musk announces Tesla expansion,WSJ
2025-07-25,AMZN,Prime membership boosts revenue,WSJ
2025-07-25,AMZN,Amazon climb Prime expansion,Bloomberg
2025-07-26,AAPL,Apple faces competition pressure in China market,CNBC
2025-07-26,AAPL,Services drives Apple growth,Financial Times
2025-07-26,TSLA,Tesla breakthrough in battery tech,CNBC
2025-07-26,TSLA,Tesla milestone in battery tech,Financial Times
2025-07-26,AMZN,AWS slows amid cloud demand,CNBC
2025-07-26,AMZN,Amazon dip logistics expansion,Reuters
2025-07-27,AAPL,iPhone 17 Pro supports sales,Financial Times
2025-07-27,AAPL,Apple faces competition pressure in services,WSJ
2025-07-27,TSLA,EV market slowdown hits for Tesla,Bloomberg
2025-07-27,TSLA,Tesla dip after supply chain issues,Financial Times
2025-07-27,AMZN,AWS slows amid cloud demand,Reuters
2025-07-27,AMZN,AWS slows amid cloud demand,Financial Times
2025-07-28,AAPL,Apple shares surge as earnings beat,Bloomberg
2025-07-28,AAPL,Apple shares climb as earnings beat,CNBC
2025-07-28,TSLA,Elon Musk announces Tesla expansion,CNBC
2025-07-28,TSLA,Tesla dip after earnings beat,Reuters
2025-07-28,AMZN,Amazon invests in logistics,Reuters
2025-07-28,AMZN,Prime membership boosts revenue,CNBC
2025-07-29,AAPL,Analysts downgrade Apple earnings,Bloomberg
2025-07-29,AAPL,Services drives Apple growth,WSJ
2025-07-29,TSLA,Tesla fall after supply chain issues,Bloomberg
2025-07-29,TSLA,Tesla climb after product launch,Reuters
2025-07-29,AMZN,AWS accelerates amid cloud demand,CNBC
2025-07-29,AMZN,Amazon invests in AI,WSJ
2025-07-30,AAPL,Mac drives Apple growth,Reuters
2025-07-30,AAPL,Analysts downgrade Apple vision pro,Bloomberg
2025-07-30,TSLA,Tesla Autopilot progress raises questions,Bloomberg
2025-07-30,TSLA,Tesla rise after earnings beat,WSJ
2025-07-30,AMZN,Prime membership hurts revenue,Reuters
2025-07-30,AMZN,Amazon climb delivery expansion,Financial Times
2025-07-31,AAPL,Apple shares drop as supply chain issues,Reuters
2025-07-31,AAPL,Analysts raise targets for Apple earnings,WSJ
2025-07-31,TSLA,Tesla fall after product launch,WSJ
2025-07-31,TSLA,EV market growth favors for Tesla,Bloomberg
2025-07-31,AMZN,Amazon invests in logistics,WSJ
2025-07-31,AMZN,Amazon surge logistics expansion,Reuters
2025-08-01,AAPL,Apple shares dip as analyst upgrade,Bloomberg
2025-08-01,AAPL,Apple faces competition pressure in China market,CNBC
2025-08-01,TSLA,Tesla breakthrough in battery tech,Reuters
2025-08-01,TSLA,Elon Musk announces Tesla robotaxi,CNBC
2025-08-01,AMZN,Amazon invests in healthcare,Bloomberg
2025-08-01,AMZN,AWS accelerates amid cloud demand,Financial Times
2025-08-02,AAPL,Apple faces competition pressure in supply chain,Bloomberg
2025-08-02,AAPL,Apple shares drop as earnings beat,CNBC
2025-08-02,TSLA,Elon Musk announces Tesla expansion,WSJ
2025-08-02,TSLA,EV market growth favors for Tesla,CNBC
2025-08-02,AMZN,AWS slows amid cloud demand,WSJ
2025-08-02,AMZN,AWS accelerates amid cloud demand,Financial Times
2025-08-03,AAPL,Apple faces competition pressure in services,WSJ
2025-08-03,AAPL,Mac drives Apple growth,Financial Times
2025-08-03,TSLA,Tesla milestone in battery tech,WSJ
2025-08-03,TSLA,Tesla rise after analyst upgrade,CNBC
2025-08-03,AMZN,Amazon invests in healthcare,Reuters
2025-08-03,AMZN,Amazon e-commerce faces competition,Financial Times
2025-08-04,AAPL,Apple shares climb as supply chain issues,CNBC
2025-08-04,AAPL,Analysts downgrade Apple stock,WSJ
2025-08-04,TSLA,Tesla breakthrough in battery tech,WSJ
2025-08-04,TSLA,Elon Musk announces Tesla robotaxi,WSJ
2025-08-04,AMZN,Amazon fall delivery expansion,WSJ
2025-08-04,AMZN,Amazon e-commerce faces competition,Bloomberg
2025-08-05,AAPL,iPhone new chip supports sales,Bloomberg
2025-08-05,AAPL,Analysts raise targets for Apple vision pro,Bloomberg
2025-08-05,TSLA,EV market growth favors for Tesla,Financial Times
2025-08-05,TSLA,EV market growth favors for Tesla,Bloomberg
2025-08-05,AMZN,Amazon surge delivery expansion,CNBC
2025-08-05,AMZN,AWS slows amid cloud demand,Bloomberg
2025-08-06,AAPL,Analysts downgrade Apple earnings,CNBC
2025-08-06,AAPL,iPhone 17 Pro supports sales,Reuters
2025-08-06,TSLA,Tesla climb after analyst upgrade,Financial Times
2025-08-06,TSLA,Tesla Autopilot progress raises questions,Bloomberg
2025-08-06,AMZN,Amazon drop logistics expansion,WSJ
2025-08-06,AMZN,Amazon e-commerce leads competition,Financial Times
2025-08-07,AAPL,Apple faces regulatory scrutiny in services,CNBC
2025-08-07,AAPL,Apple faces competition pressure in supply chain,WSJ
2025-08-07,TSLA,Tesla Autopilot scrutiny raises questions,CNBC
2025-08-07,TSLA,EV market slowdown hits for Tesla,CNBC
2025-08-07,AMZN,Amazon e-commerce leads competition,CNBC
2025-08-07,AMZN,Amazon dip logistics expansion,Bloomberg
2025-08-08,AAPL,Apple shares dip as analyst upgrade,WSJ
2025-08-08,AAPL,Analysts raise targets for Apple earnings,CNBC
2025-08-08,TSLA,EV market slowdown hits for Tesla,Reuters
2025-08-08,TSLA,Elon Musk announces Tesla expansion,WSJ
2025-08-08,AMZN,AWS accelerates amid cloud demand,WSJ
2025-08-08,AMZN,AWS slows amid cloud demand,CNBC
2025-08-09,AAPL,Apple faces regulatory scrutiny in supply chain,WSJ
2025-08-09,AAPL,iPhone new chip boosts sales,CNBC
2025-08-09,TSLA,Elon Musk announces Tesla expansion,CNBC
2025-08-09,TSLA,Tesla dip after supply chain issues,Reuters
2025-08-09,AMZN,Amazon fall delivery expansion,CNBC
2025-08-09,AMZN,Amazon invests in healthcare,WSJ
2025-08-10,AAPL,Analysts downgrade Apple vision pro,WSJ
2025-08-10,AAPL,iPhone 17 Pro boosts sales,Financial Times
2025-08-10,TSLA,Tesla Autopilot scrutiny raises questions,CNBC
2025-08-10,TSLA,EV market growth favors for Tesla,Bloomberg
2025-08-10,AMZN,AWS accelerates amid cloud demand,Reuters
2025-08-10,AMZN,Prime membership hurts revenue,Reuters
2025-08-11,AAPL,Services drives Apple growth,Bloomberg
2025-08-11,AAPL,Apple shares drop as product launch,Financial Times
2025-08-11,TSLA,EV market slowdown hits for Tesla,Reuters
2025-08-11,TSLA,EV market slowdown hits for Tesla,Reuters
2025-08-11,AMZN,Amazon fall Prime expansion,CNBC
2025-08-11,AMZN,AWS accelerates amid cloud demand,Financial Times
2025-08-12,AAPL,Apple faces competition pressure in China market,Bloomberg
2025-08-12,AAPL,iPad drives Apple growth,Bloomberg
2025-08-12,TSLA,Elon Musk announces Tesla expansion,Financial Times
2025-08-12,TSLA,Tesla drop after earnings beat,WSJ
2025-08-12,AMZN,Amazon fall delivery expansion,Financial Times
2025-08-12,AMZN,Amazon surge logistics expansion,WSJ
2025-08-13,AAPL,Analysts raise targets for Apple vision pro,Reuters
2025-08-13,AAPL,iPhone new chip hurts sales,Bloomberg
2025-08-13,TSLA,Tesla Autopilot scrutiny raises questions,Reuters
2025-08-13,TSLA,Tesla rise after earnings beat,WSJ
2025-08-13,AMZN,Amazon e-commerce faces competition,Reuters
2025-08-13,AMZN,AWS accelerates amid cloud demand,Bloomberg
2025-08-14,AAPL,Apple faces regulatory scrutiny in services,Reuters
2025-08-14,AAPL,Analysts downgrade Apple earnings,Reuters
2025-08-14,TSLA,Tesla breakthrough in battery tech,CNBC
2025-08-14,TSLA,EV market slowdown hits for Tesla,WSJ
2025-08-14,AMZN,AWS accelerates amid cloud demand,Financial Times
2025-08-14,AMZN,Amazon invests in AI,Financial Times
2025-08-15,AAPL,Apple faces competition pressure in services,Financial Times
2025-08-15,AAPL,iPad drives Apple growth,Reuters
2025-08-15,TSLA,Elon Musk announces Tesla robotaxi,Financial Times
2025-08-15,TSLA,Tesla Autopilot progress raises questions,WSJ
2025-08-15,AMZN,AWS accelerates amid cloud demand,Financial Times
2025-08-15,AMZN,Amazon e-commerce leads competition,Financial Times
2025-08-16,AAPL,iPad drives Apple growth,CNBC
2025-08-16,AAPL,Services drives Apple growth,CNBC
2025-08-16,TSLA,Elon Musk announces Tesla expansion,Financial Times
2025-08-16,TSLA,Tesla breakthrough in battery tech,WSJ
2025-08-16,AMZN,Amazon fall delivery expansion,WSJ
2025-08-16,AMZN,AWS accelerates amid cloud demand,CNBC
2025-08-17,AAPL,Analysts raise targets for Apple stock,Financial Times
2025-08-17,AAPL,Apple shares fall as earnings beat,Bloomberg
2025-08-17,TSLA,EV market growth favors for Tesla,Bloomberg
2025-08-17,TSLA,Tesla surge after supply chain issues,CNBC
2025-08-17,AMZN,Amazon invests in healthcare,Bloomberg
2025-08-17,AMZN,Amazon e-commerce leads competition,Financial Times
2025-08-18,AAPL,Apple shares climb as product launch,WSJ
2025-08-18,AAPL,iPhone 17 Pro supports sales,Financial Times
2025-08-18,TSLA,Tesla Autopilot progress raises questions,CNBC
2025-08-18,TSLA,Tesla surge after product launch,Reuters
2025-08-18,AMZN,Amazon dip Prime expansion,Bloomberg
2025-08-18,AMZN,Amazon climb delivery expansion,WSJ
2025-08-19,AAPL,Analysts raise targets for Apple stock,WSJ
2025-08-19,AAPL,Services drives Apple growth,WSJ
2025-08-19,TSLA,Tesla breakthrough in battery tech,WSJ
2025-08-19,TSLA,EV market growth favors for Tesla,Financial Times
2025-08-19,AMZN,Amazon invests in logistics,Reuters
2025-08-19,AMZN,Amazon invests in healthcare,WSJ
2025-08-20,AAPL,iPhone 16 launch supports sales,WSJ
2025-08-20,AAPL,Mac drives Apple growth,CNBC
2025-08-20,TSLA,Tesla Autopilot scrutiny raises questions,Bloomberg
2025-08-20,TSLA,Tesla fall after product launch,CNBC
2025-08-20,AMZN,Amazon rise delivery expansion,WSJ
2025-08-20,AMZN,Amazon invests in AI,Bloomberg
2025-08-21,AAPL,iPad drives Apple growth,WSJ
2025-08-21,AAPL,Apple shares rise as product launch,WSJ
2025-08-21,TSLA,Tesla drop after supply chain issues,Bloomberg
2025-08-21,TSLA,EV market growth favors for Tesla,Bloomberg
2025-08-21,AMZN,Prime membership boosts revenue,Reuters
2025-08-21,AMZN,Prime membership supports revenue,Reuters
2025-08-22,AAPL,Apple faces competition pressure in supply chain,Bloomberg
2025-08-22,AAPL,Apple faces competition pressure in China market,Bloomberg
2025-08-22,TSLA,Tesla dip after product launch,Financial Times
2025-08-22,TSLA,EV market growth favors for Tesla,CNBC
2025-08-22,AMZN,AWS accelerates amid cloud demand,Bloomberg
2025-08-22,AMZN,Amazon e-commerce leads competition,CNBC
2025-08-23,AAPL,Apple shares dip as earnings beat,Financial Times
2025-08-23,AAPL,Apple faces regulatory scrutiny in China market,Financial Times
2025-08-23,TSLA,Elon Musk announces Tesla robotaxi,Financial Times
2025-08-23,TSLA,Tesla milestone in battery tech,WSJ
2025-08-23,AMZN,Amazon climb delivery expansion,Bloomberg
2025-08-23,AMZN,Prime membership supports revenue,Reuters
2025-08-24,AAPL,Analysts downgrade Apple vision pro,WSJ
2025-08-24,AAPL,Analysts downgrade Apple stock,Reuters
2025-08-24,TSLA,Elon Musk announces Tesla expansion,Financial Times
2025-08-24,TSLA,EV market slowdown hits for Tesla,Financial Times
2025-08-24,AMZN,Amazon e-commerce leads competition,Reuters
2025-08-24,AMZN,Prime membership boosts revenue,Financial Times
2025-08-25,AAPL,iPhone 17 Pro supports sales,Bloomberg
2025-08-25,AAPL,iPhone 17 Pro hurts sales,Bloomberg
2025-08-25,TSLA,EV market growth favors for Tesla,CNBC
2025-08-25,TSLA,Tesla milestone in battery tech,CNBC
2025-08-25,AMZN,Amazon e-commerce leads competition,Reuters
2025-08-25,AMZN,Prime membership boosts revenue,Financial Times
2025-08-26,AAPL,iPhone new chip boosts sales,Bloomberg
2025-08-26,AAPL,Analysts downgrade Apple earnings,WSJ
2025-08-26,TSLA,Tesla climb after earnings beat,Financial Times
2025-08-26,TSLA,Tesla milestone in battery tech,CNBC
2025-08-26,AMZN,Amazon invests in healthcare,Reuters
2025-08-26,AMZN,Prime membership hurts revenue,Bloomberg
2025-08-27,AAPL,Analysts downgrade Apple vision pro,Financial Times
2025-08-27,AAPL,iPhone 17 Pro supports sales,Reuters
2025-08-27,TSLA,Tesla surge after supply chain issues,CNBC
2025-08-27,TSLA,EV market slowdown hits for Tesla,WSJ
2025-08-27,AMZN,Amazon e-commerce leads competition,Reuters
2025-08-27,AMZN,Amazon invests in AI,Reuters
2025-08-28,AAPL,iPhone 16 launch boosts sales,Financial Times
2025-08-28,AAPL,Services drives Apple growth,Bloomberg
2025-08-28,TSLA,Tesla fall after product launch,CNBC
2025-08-28,TSLA,Elon Musk announces Tesla expansion,Reuters
2025-08-28,AMZN,Prime membership supports revenue,Reuters
2025-08-28,AMZN,AWS accelerates amid cloud demand,Bloomberg
2025-08-29,AAPL,iPad drives Apple growth,Financial Times
2025-08-29,AAPL,Analysts downgrade Apple vision pro,Reuters
2025-08-29,TSLA,Tesla Autopilot progress raises questions,Bloomberg
2025-08-29,TSLA,EV market slowdown hits for Tesla,CNBC
2025-08-29,AMZN,Prime membership boosts revenue,Reuters
2025-08-29,AMZN,Amazon e-commerce leads competition,WSJ
2025-08-30,AAPL,Apple shares surge as product launch,CNBC
2025-08-30,AAPL,Analysts raise targets for Apple earnings,WSJ
2025-08-30,TSLA,Tesla breakthrough in battery tech,Bloomberg
2025-08-30,TSLA,EV market growth favors for Tesla,Bloomberg
2025-08-30,AMZN,Amazon e-commerce faces competition,Bloomberg
2025-08-30,AMZN,Amazon drop logistics expansion,Bloomberg
2025-08-31,AAPL,Apple shares fall as product launch,WSJ
2025-08-31,AAPL,Apple shares fall as analyst upgrade,Reuters
2025-08-31,TSLA,Tesla Autopilot scrutiny raises questions,WSJ
2025-08-31,TSLA,Tesla climb after analyst upgrade,Reuters
2025-08-31,AMZN,AWS slows amid cloud demand,Financial Times
2025-08-31,AMZN,Prime membership supports revenue,Bloomberg
2025-09-01,AAPL,Apple faces regulatory scrutiny in China market,Bloomberg
2025-09-01,AAPL,Apple shares dip as analyst upgrade,Bloomberg
2025-09-01,TSLA,EV market growth favors for Tesla,WSJ
2025-09-01,TSLA,Tesla Autopilot progress raises questions,Reuters
2025-09-01,AMZN,Amazon invests in logistics,Reuters
2025-09-01,AMZN,Amazon e-commerce leads competition,Bloomberg
2025-09-02,AAPL,Analysts downgrade Apple stock,Financial Times
2025-09-02,AAPL,iPhone 16 launch hurts sales,Bloomberg
2025-09-02,TSLA,Tesla milestone in battery tech,Bloomberg
2025-09-02,TSLA,Tesla Autopilot scrutiny raises questions,WSJ
2025-09-02,AMZN,Amazon e-commerce leads competition,WSJ
2025-09-02,AMZN,AWS slows amid cloud demand,CNBC
2025-09-03,AAPL,Apple faces regulatory scrutiny in China market,Financial Times
2025-09-03,AAPL,Apple shares climb as earnings beat,Reuters
2025-09-03,TSLA,Tesla milestone in battery tech,Financial Times
2025-09-03,TSLA,EV market slowdown hits for Tesla,Bloomberg
2025-09-03,AMZN,AWS accelerates amid cloud demand,Financial Times
2025-09-03,AMZN,Amazon invests in healthcare,Financial Times
2025-09-04,AAPL,Apple faces competition pressure in services,Financial Times
2025-09-04,AAPL,Apple shares drop as supply chain issues,Reuters
2025-09-04,TSLA,Tesla climb after product launch,Reuters
2025-09-04,TSLA,EV market growth favors for Tesla,CNBC
2025-09-04,AMZN,Amazon fall delivery expansion,CNBC
2025-09-04,AMZN,Amazon invests in AI,Bloomberg
2025-09-05,AAPL,iPhone 17 Pro boosts sales,WSJ
2025-09-05,AAPL,Apple shares drop as earnings beat,Financial Times
2025-09-05,TSLA,Tesla breakthrough in battery tech,Financial Times
2025-09-05,TSLA,Elon Musk announces Tesla expansion,Financial Times
2025-09-05,AMZN,Amazon e-commerce leads competition,Bloomberg
2025-09-05,AMZN,Amazon invests in AI,Reuters
2025-09-06,AAPL,iPhone 16 launch hurts sales,WSJ
2025-09-06,AAPL,Analysts downgrade Apple vision pro,Financial Times
2025-09-06,TSLA,EV market growth favors for Tesla,Bloomberg
2025-09-06,TSLA,Tesla breakthrough in battery tech,CNBC
2025-09-06,AMZN,Amazon drop logistics expansion,Financial Times
2025-09-06,AMZN,AWS accelerates amid cloud demand,WSJ
2025-09-07,AAPL,Apple faces competition pressure in China market,Bloomberg
2025-09-07,AAPL,Apple shares drop as earnings beat,Reuters
2025-09-07,TSLA,Tesla fall after supply chain issues,Bloomberg
2025-09-07,TSLA,EV market slowdown hits for Tesla,Bloomberg
2025-09-07,AMZN,Amazon e-commerce leads competition,WSJ
2025-09-07,AMZN,Amazon invests in AI,WSJ
2025-09-08,AAPL,iPhone 17 Pro supports sales,CNBC
2025-09-08,AAPL,Apple shares surge as product launch,CNBC
2025-09-08,TSLA,EV market growth favors for Tesla,CNBC
2025-09-08,TSLA,Tesla breakthrough in battery tech,Financial Times
2025-09-08,AMZN,Prime membership supports revenue,WSJ
2025-09-08,AMZN,Amazon invests in healthcare,CNBC
2025-09-09,AAPL,Analysts raise targets for Apple earnings,Bloomberg
2025-09-09,AAPL,Apple shares dip as earnings beat,WSJ
2025-09-09,TSLA,Tesla Autopilot progress raises questions,WSJ
2025-09-09,TSLA,EV market slowdown hits for Tesla,CNBC
2025-09-09,AMZN,Amazon surge logistics expansion,Bloomberg
2025-09-09,AMZN,Amazon invests in logistics,Financial Times
2025-09-10,AAPL,Mac drives Apple growth,Reuters
2025-09-10,AAPL,Apple faces regulatory scrutiny in China market,Reuters
2025-09-10,TSLA,EV market slowdown hits for Tesla,CNBC
2025-09-10,TSLA,Tesla milestone in battery tech,Financial Times
2025-09-10,AMZN,Amazon invests in healthcare,CNBC
2025-09-10,AMZN,Amazon invests in AI,CNBC
2025-09-11,AAPL,Analysts downgrade Apple stock,Reuters
2025-09-11,AAPL,Apple shares rise as earnings beat,CNBC
2025-09-11,TSLA,EV market slowdown hits for Tesla,WSJ
2025-09-11,TSLA,Tesla Autopilot scrutiny raises questions,Reuters
2025-09-11,AMZN,Prime membership supports revenue,Bloomberg
2025-09-11,AMZN,AWS slows amid cloud demand,WSJ
2025-09-12,AAPL,Analysts raise targets for Apple vision pro,WSJ
2025-09-12,AAPL,iPhone new chip supports sales,Bloomberg
2025-09-12,TSLA,EV market growth favors for Tesla,Financial Times
2025-09-12,TSLA,Elon Musk announces Tesla robotaxi,Financial Times
2025-09-12,AMZN,AWS slows amid cloud demand,WSJ
2025-09-12,AMZN,Prime membership supports revenue,WSJ
2025-09-13,AAPL,Apple faces regulatory scrutiny in China market,Financial Times
2025-09-13,AAPL,Apple faces regulatory scrutiny in services,Bloomberg
2025-09-13,TSLA,EV market slowdown hits for Tesla,Financial Times
2025-09-13,TSLA,Tesla drop after analyst upgrade,CNBC
2025-09-13,AMZN,AWS slows amid cloud demand,WSJ
2025-09-13,AMZN,Prime membership boosts revenue,Bloomberg
2025-09-14,AAPL,iPhone 16 launch boosts sales,CNBC
2025-09-14,AAPL,Services drives Apple growth,CNBC
2025-09-14,TSLA,Elon Musk announces Tesla robotaxi,Bloomberg
2025-09-14,TSLA,Tesla Autopilot progress raises questions,Bloomberg
2025-09-14,AMZN,Amazon invests in logistics,WSJ
2025-09-14,AMZN,AWS slows amid cloud demand,WSJ
2025-09-15,AAPL,iPhone 17 Pro boosts sales,Bloomberg
2025-09-15,AAPL,Analysts raise targets for Apple vision pro,CNBC
2025-09-15,TSLA,Tesla drop after earnings beat,Financial Times
2025-09-15,TSLA,Tesla breakthrough in battery tech,WSJ
2025-09-15,AMZN,Amazon e-commerce faces competition,Bloomberg
2025-09-15,AMZN,Amazon e-commerce faces competition,Financial Times
2025-09-16,AAPL,Services drives Apple growth,WSJ
2025-09-16,AAPL,Analysts downgrade Apple vision pro,Bloomberg
2025-09-16,TSLA,EV market growth favors for Tesla,WSJ
2025-09-16,TSLA,Tesla Autopilot progress raises questions,CNBC
2025-09-16,AMZN,AWS accelerates amid cloud demand,WSJ
2025-09-16,AMZN,Prime membership boosts revenue,Reuters
2025-09-17,AAPL,Mac drives Apple growth,Financial Times
2025-09-17,AAPL,iPhone 16 launch boosts sales,Financial Times
2025-09-17,TSLA,Tesla climb after earnings beat,CNBC
2025-09-17,TSLA,EV market slowdown hits for Tesla,CNBC
2025-09-17,AMZN,Amazon invests in logistics,CNBC
2025-09-17,AMZN,AWS accelerates amid cloud demand,Reuters
2025-09-18,AAPL,Apple shares surge as supply chain issues,CNBC
2025-09-18,AAPL,Apple faces regulatory scrutiny in supply chain,WSJ
2025-09-18,TSLA,EV market slowdown hits for Tesla,Reuters
2025-09-18,TSLA,EV market slowdown hits for Tesla,Bloomberg
2025-09-18,AMZN,Prime membership supports revenue,CNBC
2025-09-18,AMZN,Amazon climb delivery expansion,WSJ
2025-09-19,AAPL,iPhone 16 launch boosts sales,Bloomberg
2025-09-19,AAPL,Analysts downgrade Apple stock,WSJ
2025-09-19,TSLA,EV market growth favors for Tesla,Bloomberg
2025-09-19,TSLA,EV market slowdown hits for Tesla,Financial Times
2025-09-19,AMZN,AWS accelerates amid cloud demand,Bloomberg
2025-09-19,AMZN,AWS accelerates amid cloud demand,Financial Times
2025-09-20,AAPL,Apple shares dip as earnings beat,Financial Times
2025-09-20,AAPL,Analysts raise targets for Apple stock,WSJ
2025-09-20,TSLA,Tesla milestone in battery tech,WSJ
2025-09-20,TSLA,Tesla Autopilot progress raises questions,Reuters
2025-09-20,AMZN,Prime membership supports revenue,Bloomberg
2025-09-20,AMZN,Amazon e-commerce faces competition,CNBC
2025-09-21,AAPL,Apple faces competition pressure in services,Financial Times
2025-09-21,AAPL,Analysts downgrade Apple earnings,Bloomberg
2025-09-21,TSLA,EV market growth favors for Tesla,CNBC
2025-09-21,TSLA,Elon Musk announces Tesla expansion,Bloomberg
2025-09-21,AMZN,Prime membership supports revenue,Reuters
2025-09-21,AMZN,AWS slows amid cloud demand,WSJ
2025-09-22,AAPL,iPhone new chip hurts sales,Financial Times
2025-09-22,AAPL,Apple faces competition pressure in China market,Reuters
2025-09-22,TSLA,Tesla surge after analyst upgrade,WSJ
2025-09-22,TSLA,EV market growth favors for Tesla,Financial Times
2025-09-22,AMZN,Amazon invests in AI,Reuters
2025-09-22,AMZN,AWS slows amid cloud demand,CNBC
2025-09-23,AAPL,Apple shares dip as product launch,WSJ
2025-09-23,AAPL,Apple faces competition pressure in supply chain,Financial Times
2025-09-23,TSLA,Tesla milestone in battery tech,Reuters
2025-09-23,TSLA,EV market growth favors for Tesla,CNBC
2025-09-23,AMZN,Prime membership boosts revenue,CNBC
2025-09-23,AMZN,Amazon e-commerce faces competition,CNBC
2025-09-24,AAPL,Mac drives Apple growth,CNBC
2025-09-24,AAPL,iPhone 16 launch hurts sales,Bloomberg
2025-09-24,TSLA,Elon Musk announces Tesla robotaxi,Reuters
2025-09-24,TSLA,Tesla breakthrough in battery tech,WSJ
2025-09-24,AMZN,Prime membership boosts revenue,Financial Times
2025-09-24,AMZN,Prime membership boosts revenue,Financial Times
2025-09-25,AAPL,Analysts raise targets for Apple vision pro,Bloomberg
2025-09-25,AAPL,iPhone 17 Pro hurts sales,Financial Times
2025-09-25,TSLA,Tesla climb after earnings beat,CNBC
2025-09-25,TSLA,Tesla breakthrough in battery tech,Financial Times
2025-09-25,AMZN,Amazon fall Prime expansion,CNBC
2025-09-25,AMZN,Amazon dip delivery expansion,Bloomberg
2025-09-26,AAPL,Analysts downgrade Apple stock,Bloomberg
2025-09-26,AAPL,iPhone new chip supports sales,CNBC
2025-09-26,TSLA,Elon Musk announces Tesla robotaxi,WSJ
2025-09-26,TSLA,Tesla breakthrough in battery tech,WSJ
2025-09-26,AMZN,Prime membership supports revenue,Bloomberg
2025-09-26,AMZN,Amazon e-commerce leads competition,CNBC
2025-09-27,AAPL,Apple faces regulatory scrutiny in services,WSJ
2025-09-27,AAPL,Analysts downgrade Apple vision pro,WSJ
2025-09-27,TSLA,EV market growth favors for Tesla,WSJ
2025-09-27,TSLA,Tesla Autopilot progress raises questions,Bloomberg
2025-09-27,AMZN,Prime membership boosts revenue,Financial Times
2025-09-27,AMZN,Amazon fall logistics expansion,Reuters
2025-09-28,AAPL,Apple shares climb as analyst upgrade,Reuters
2025-09-28,AAPL,Apple shares drop as analyst upgrade,Financial Times
2025-09-28,TSLA,Elon Musk announces Tesla expansion,CNBC
2025-09-28,TSLA,Elon Musk announces Tesla expansion,WSJ
2025-09-28,AMZN,Amazon invests in AI,Reuters
2025-09-28,AMZN,AWS slows amid cloud demand,WSJ
2025-09-29,AAPL,Analysts raise targets for Apple vision pro,Reuters
2025-09-29,AAPL,Mac drives Apple growth,WSJ
2025-09-29,TSLA,Tesla Autopilot progress raises questions,Financial Times
2025-09-29,TSLA,Tesla Autopilot scrutiny raises questions,Financial Times
2025-09-29,AMZN,Amazon fall delivery expansion,WSJ
2025-09-29,AMZN,Amazon invests in healthcare,Bloomberg
2025-09-30,AAPL,Apple shares surge as analyst upgrade,Bloomberg
2025-09-30,AAPL,iPhone 17 Pro hurts sales,Financial Times
2025-09-30,TSLA,Tesla drop after analyst upgrade,Financial Times
2025-09-30,TSLA,EV market growth favors for Tesla,Financial Times
2025-09-30,AMZN,Amazon invests in AI,WSJ
2025-09-30,AMZN,Prime membership boosts revenue,Bloomberg
2025-10-01,AAPL,iPhone new chip supports sales,WSJ
2025-10-01,AAPL,iPhone 17 Pro supports sales,CNBC
2025-10-01,TSLA,EV market slowdown hits for Tesla,Bloomberg
2025-10-01,TSLA,EV market slowdown hits for Tesla,Bloomberg
2025-10-01,AMZN,Prime membership supports revenue,Reuters
2025-10-01,AMZN,Amazon e-commerce faces competition,CNBC
2025-10-02,AAPL,Apple shares climb as analyst upgrade,CNBC
2025-10-02,AAPL,Mac drives Apple growth,Reuters
2025-10-02,TSLA,Tesla Autopilot scrutiny raises questions,Reuters
2025-10-02,TSLA,Elon Musk announces Tesla robotaxi,WSJ
2025-10-02,AMZN,Prime membership boosts revenue,Reuters
2025-10-02,AMZN,Prime membership boosts revenue,WSJ
2025-10-03,AAPL,Analysts downgrade Apple vision pro,Reuters
2025-10-03,AAPL,iPad drives Apple growth,CNBC
2025-10-03,TSLA,EV market slowdown hits for Tesla,Bloomberg
2025-10-03,TSLA,Tesla surge after earnings beat,Reuters
2025-10-03,AMZN,Amazon e-commerce faces competition,CNBC
2025-10-03,AMZN,Amazon e-commerce leads competition,Financial Times
2025-10-04,AAPL,iPhone 17 Pro supports sales,Bloomberg
2025-10-04,AAPL,iPhone 17 Pro hurts sales,CNBC
2025-10-04,TSLA,Elon Musk announces Tesla expansion,Reuters
2025-10-04,TSLA,Tesla milestone in battery tech,Reuters
2025-10-04,AMZN,Amazon e-commerce faces competition,Bloomberg
2025-10-04,AMZN,Amazon e-commerce faces competition,Reuters
2025-10-05,AAPL,Apple faces regulatory scrutiny in China market,CNBC
2025-10-05,AAPL,Apple shares climb as supply chain issues,WSJ
2025-10-05,TSLA,Tesla fall after analyst upgrade,Reuters
2025-10-05,TSLA,Tesla climb after product launch,Reuters
2025-10-05,AMZN,Prime membership supports revenue,Bloomberg
2025-10-05,AMZN,Prime membership supports revenue,Reuters
2025-10-06,AAPL,Mac drives Apple growth,Financial Times
2025-10-06,AAPL,Apple shares drop as analyst upgrade,Bloomberg
2025-10-06,TSLA,Tesla Autopilot scrutiny raises questions,WSJ
2025-10-06,TSLA,Tesla Autopilot scrutiny raises questions,WSJ
2025-10-06,AMZN,Amazon dip Prime expansion,Bloomberg
2025-10-06,AMZN,Amazon invests in AI,Bloomberg
2025-10-07,AAPL,Apple faces competition pressure in China market,CNBC
2025-10-07,AAPL,Analysts downgrade Apple earnings,Financial Times
2025-10-07,TSLA,EV market slowdown hits for Tesla,CNBC
2025-10-07,TSLA,Tesla breakthrough in battery tech,Financial Times
2025-10-07,AMZN,Amazon climb logistics expansion,Reuters
2025-10-07,AMZN,Prime membership hurts revenue,CNBC
2025-10-08,AAPL,Services drives Apple growth,Bloomberg
2025-10-08,AAPL,Apple shares surge as product launch,Financial Times
2025-10-08,TSLA,Elon Musk announces Tesla robotaxi,WSJ
2025-10-08,TSLA,EV market growth favors for Tesla,Bloomberg
2025-10-08,AMZN,Prime membership hurts revenue,Financial Times
2025-10-08,AMZN,Amazon invests in healthcare,CNBC
2025-10-09,AAPL,Analysts downgrade Apple stock,WSJ
2025-10-09,AAPL,iPhone new chip hurts sales,WSJ
2025-10-09,TSLA,Tesla Autopilot scrutiny raises questions,Bloomberg
2025-10-09,TSLA,Tesla breakthrough in battery tech,CNBC
2025-10-09,AMZN,Amazon invests in logistics,Financial Times
2025-10-09,AMZN,Prime membership hurts revenue,Bloomberg
2025-10-10,AAPL,Analysts downgrade Apple stock,Financial Times
2025-10-10,AAPL,Analysts raise targets for Apple stock,WSJ
2025-10-10,TSLA,Tesla milestone in battery tech,Reuters
2025-10-10,TSLA,Tesla fall after earnings beat,Bloomberg
2025-10-10,AMZN,Amazon e-commerce faces competition,Financial Times
2025-10-10,AMZN,Prime membership boosts revenue,Reuters
2025-10-11,AAPL,Apple faces competition pressure in services,Reuters
2025-10-11,AAPL,iPhone 16 launch hurts sales,Reuters
2025-10-11,TSLA,Tesla milestone in battery tech,WSJ
2025-10-11,TSLA,Elon Musk announces Tesla robotaxi,Bloomberg
2025-10-11,AMZN,Amazon invests in AI,WSJ
2025-10-11,AMZN,Amazon e-commerce faces competition,CNBC
2025-10-12,AAPL,Apple faces competition pressure in supply chain,Reuters
2025-10-12,AAPL,iPhone 16 launch supports sales,WSJ
2025-10-12,TSLA,Tesla rise after analyst upgrade,Financial Times
2025-10-12,TSLA,Tesla Autopilot progress raises questions,CNBC
2025-10-12,AMZN,Amazon invests in logistics,Financial Times
2025-10-12,AMZN,Amazon e-commerce leads competition,CNBC
2025-10-13,AAPL,Mac drives Apple growth,Financial Times
2025-10-13,AAPL,Analysts raise targets for Apple stock,Bloomberg
2025-10-13,TSLA,EV market slowdown hits for Tesla,WSJ
2025-10-13,TSLA,Tesla dip after analyst upgrade,Reuters
2025-10-13,AMZN,Prime membership boosts revenue,Bloomberg
2025-10-13,AMZN,Amazon invests in logistics,Reuters
2025-10-14,AAPL,Apple faces competition pressure in services,Financial Times
2025-10-14,AAPL,Mac drives Apple growth,Bloomberg
2025-10-14,TSLA,Tesla fall after earnings beat,Bloomberg
2025-10-14,TSLA,Elon Musk announces Tesla expansion,Reuters
2025-10-14,AMZN,Amazon invests in healthcare,Bloomberg
2025-10-14,AMZN,AWS slows amid cloud demand,Reuters
2025-10-15,AAPL,Apple shares drop as supply chain issues,Reuters
2025-10-15,AAPL,Apple faces competition pressure in supply chain,Financial Times
2025-10-15,TSLA,Tesla milestone in battery tech,CNBC
2025-10-15,TSLA,EV market slowdown hits for Tesla,Reuters
2025-10-15,AMZN,Prime membership hurts revenue,CNBC
2025-10-15,AMZN,AWS slows amid cloud demand,Financial Times
2025-10-16,AAPL,Apple faces competition pressure in supply chain,WSJ
2025-10-16,AAPL,Apple faces regulatory scrutiny in China market,CNBC
2025-10-16,TSLA,Tesla breakthrough in battery tech,Bloomberg
2025-10-16,TSLA,EV market growth favors for Tesla,Reuters
2025-10-16,AMZN,Amazon invests in healthcare,Financial Times
2025-10-16,AMZN,Amazon fall Prime expansion,Bloomberg
2025-10-17,AAPL,Apple shares dip as product launch,CNBC
2025-10-17,AAPL,iPhone new chip supports sales,Bloomberg
2025-10-17,TSLA,Tesla rise after supply chain issues,Reuters
2025-10-17,TSLA,EV market growth favors for Tesla,CNBC
2025-10-17,AMZN,Amazon drop Prime expansion,WSJ
2025-10-17,AMZN,Prime membership boosts revenue,Bloomberg
2025-10-18,AAPL,Mac drives Apple growth,Financial Times
2025-10-18,AAPL,Apple faces competition pressure in supply chain,Financial Times
2025-10-18,TSLA,Tesla milestone in battery tech,Reuters
2025-10-18,TSLA,EV market growth favors for Tesla,CNBC
2025-10-18,AMZN,Amazon invests in healthcare,Financial Times
2025-10-18,AMZN,Prime membership supports revenue,Reuters
2025-10-19,AAPL,Services drives Apple growth,CNBC
2025-10-19,AAPL,Apple shares fall as supply chain issues,Bloomberg
2025-10-19,TSLA,Tesla breakthrough in battery tech,Financial Times
2025-10-19,TSLA,EV market growth favors for Tesla,Reuters
2025-10-19,AMZN,AWS slows amid cloud demand,WSJ
2025-10-19,AMZN,Amazon climb Prime expansion,Bloomberg
2025-10-20,AAPL,iPhone 16 launch supports sales,CNBC
2025-10-20,AAPL,Mac drives Apple growth,WSJ
2025-10-20,TSLA,Tesla Autopilot progress raises questions,Bloomberg
2025-10-20,TSLA,Elon Musk announces Tesla expansion,Bloomberg
2025-10-20,AMZN,Amazon e-commerce faces competition,Financial Times
2025-10-20,AMZN,Prime membership hurts revenue,Bloomberg
2025-10-21,AAPL,Apple faces competition pressure in China market,Bloomberg
2025-10-21,AAPL,Apple faces regulatory scrutiny in supply chain,Reuters
2025-10-21,TSLA,Tesla drop after analyst upgrade,Bloomberg
2025-10-21,TSLA,Tesla rise after analyst upgrade,CNBC
2025-10-21,AMZN,Amazon invests in logistics,WSJ
2025-10-21,AMZN,Amazon invests in healthcare,Financial Times
2025-10-22,AAPL,iPhone 16 launch boosts sales,Reuters
2025-10-22,AAPL,Apple shares climb as supply chain issues,Reuters
2025-10-22,TSLA,Tesla fall after analyst upgrade,Financial Times
2025-10-22,TSLA,Tesla Autopilot scrutiny raises questions,WSJ
2025-10-22,AMZN,Amazon fall delivery expansion,Bloomberg
2025-10-22,AMZN,Amazon invests in healthcare,Reuters
2025-10-23,AAPL,Analysts downgrade Apple stock,Reuters
2025-10-23,AAPL,iPhone 17 Pro boosts sales,Financial Times
2025-10-23,TSLA,Tesla climb after earnings beat,Reuters
2025-10-23,TSLA,Elon Musk announces Tesla robotaxi,WSJ
2025-10-23,AMZN,Amazon fall logistics expansion,WSJ
2025-10-23,AMZN,Amazon invests in logistics,WSJ
2025-10-24,AAPL,Services drives Apple growth,WSJ
2025-10-24,AAPL,Analysts downgrade Apple vision pro,Reuters
2025-10-24,TSLA,EV market growth favors for Tesla,WSJ
2025-10-24,TSLA,Tesla milestone in battery tech,Financial Times
2025-10-24,AMZN,Amazon climb Prime expansion,Financial Times
2025-10-24,AMZN,Amazon rise delivery expansion,WSJ
2025-10-25,AAPL,Analysts downgrade Apple earnings,CNBC
2025-10-25,AAPL,Analysts raise targets for Apple earnings,CNBC
2025-10-25,TSLA,Tesla breakthrough in battery tech,WSJ
2025-10-25,TSLA,Tesla Autopilot scrutiny raises questions,Bloomberg
2025-10-25,AMZN,Prime membership supports revenue,Reuters
2025-10-25,AMZN,AWS accelerates amid cloud demand,Reuters
2025-10-26,AAPL,Apple faces regulatory scrutiny in China market,Bloomberg
2025-10-26,AAPL,Apple shares fall as analyst upgrade,CNBC
2025-10-26,TSLA,Tesla Autopilot scrutiny raises questions,Bloomberg
2025-10-26,TSLA,Elon Musk announces Tesla robotaxi,Bloomberg
2025-10-26,AMZN,AWS slows amid cloud demand,Bloomberg
2025-10-26,AMZN,AWS accelerates amid cloud demand,WSJ
2025-10-27,AAPL,Services drives Apple growth,Financial Times
2025-10-27,AAPL,Apple shares rise as product launch,Financial Times
2025-10-27,TSLA,Tesla Autopilot scrutiny raises questions,Reuters
2025-10-27,TSLA,Elon Musk announces Tesla robotaxi,Bloomberg
2025-10-27,AMZN,Amazon invests in logistics,CNBC
2025-10-27,AMZN,AWS slows amid cloud demand,CNBC
2025-10-28,AAPL,iPhone 16 launch supports sales,Reuters
2025-10-28,AAPL,iPhone 16 launch supports sales,Bloomberg
2025-10-28,TSLA,EV market growth favors for Tesla,Financial Times
2025-10-28,TSLA,Elon Musk announces Tesla expansion,Bloomberg
2025-10-28,AMZN,Amazon rise delivery expansion,Financial Times
2025-10-28,AMZN,Amazon invests in healthcare,Reuters
2025-10-29,AAPL,Apple shares rise as product launch,Financial Times
2025-10-29,AAPL,iPhone 17 Pro supports sales,Bloomberg
2025-10-29,TSLA,Tesla Autopilot progress raises questions,Reuters
2025-10-29,TSLA,EV market slowdown hits for Tesla,WSJ
2025-10-29,AMZN,Amazon dip delivery expansion,WSJ
2025-10-29,AMZN,Amazon e-commerce faces competition,Financial Times
2025-10-30,AAPL,Analysts downgrade Apple earnings,Bloomberg
2025-10-30,AAPL,Apple shares climb as supply chain issues,WSJ
2025-10-30,TSLA,Tesla breakthrough in battery tech,CNBC
2025-10-30,TSLA,EV market growth favors for Tesla,CNBC
2025-10-30,AMZN,Amazon invests in healthcare,Reuters
2025-10-30,AMZN,Amazon e-commerce leads competition,WSJ
2025-10-31,AAPL,Apple faces regulatory scrutiny in China market,CNBC
2025-10-31,AAPL,iPhone new chip boosts sales,Financial Times
2025-10-31,TSLA,Tesla drop after analyst upgrade,Financial Times
2025-10-31,TSLA,Tesla breakthrough in battery tech,CNBC
2025-10-31,AMZN,Amazon e-commerce leads competition,WSJ
2025-10-31,AMZN,Prime membership boosts revenue,WSJ
2025-11-01,AAPL,iPhone 16 launch supports sales,Financial Times
2025-11-01,AAPL,iPhone 17 Pro supports sales,Bloomberg
2025-11-01,TSLA,Tesla climb after analyst upgrade,Financial Times
2025-11-01,TSLA,Tesla milestone in battery tech,Financial Times
2025-11-01,AMZN,Amazon e-commerce leads competition,CNBC
2025-11-01,AMZN,Prime membership hurts revenue,Reuters
2025-11-02,AAPL,iPhone 17 Pro boosts sales,Financial Times
2025-11-02,AAPL,Apple faces regulatory scrutiny in China market,WSJ
2025-11-02,TSLA,Elon Musk announces Tesla expansion,Bloomberg
2025-11-02,TSLA,Tesla drop after product launch,CNBC
2025-11-02,AMZN,Amazon e-commerce leads competition,WSJ
2025-11-02,AMZN,AWS accelerates amid cloud demand,WSJ
2025-11-03,AAPL,Apple shares dip as product launch,WSJ
2025-11-03,AAPL,Mac drives Apple growth,Financial Times
2025-11-03,TSLA,Tesla breakthrough in battery tech,CNBC
2025-11-03,TSLA,EV market growth favors for Tesla,Bloomberg
2025-11-03,AMZN,Amazon rise Prime expansion,CNBC
2025-11-03,AMZN,Amazon rise logistics expansion,Financial Times
2025-11-04,AAPL,Apple shares rise as earnings beat,Bloomberg
2025-11-04,AAPL,Apple faces regulatory scrutiny in supply chain,Financial Times
2025-11-04,TSLA,Tesla fall after analyst upgrade,CNBC
2025-11-04,TSLA,Elon Musk announces Tesla robotaxi,CNBC
2025-11-04,AMZN,Amazon invests in AI,Financial Times
2025-11-04,AMZN,Amazon drop Prime expansion,Financial Times
2025-11-05,AAPL,Mac drives Apple growth,Bloomberg
2025-11-05,AAPL,Analysts raise targets for Apple vision pro,Bloomberg
2025-11-05,TSLA,EV market growth favors for Tesla,WSJ
2025-11-05,TSLA,Elon Musk announces Tesla robotaxi,Financial Times
2025-11-05,AMZN,Amazon e-commerce leads competition,Bloomberg
2025-11-05,AMZN,Amazon rise Prime expansion,Reuters
2025-11-06,AAPL,Mac drives Apple growth,Financial Times
2025-11-06,AAPL,iPad drives Apple growth,WSJ
2025-11-06,TSLA,EV market slowdown hits for Tesla,Reuters
2025-11-06,TSLA,Tesla fall after product launch,WSJ
2025-11-06,AMZN,Prime membership supports revenue,WSJ
2025-11-06,AMZN,Amazon fall delivery expansion,Bloomberg
2025-11-07,AAPL,Mac drives Apple growth,Bloomberg
2025-11-07,AAPL,Analysts downgrade Apple vision pro,Financial Times
2025-11-07,TSLA,EV market growth favors for Tesla,CNBC
2025-11-07,TSLA,Tesla Autopilot scrutiny raises questions,CNBC
2025-11-07,AMZN,AWS accelerates amid cloud demand,CNBC
2025-11-07,AMZN,Amazon rise Prime expansion,Reuters
2025-11-08,AAPL,iPhone 17 Pro hurts sales,Reuters
2025-11-08,AAPL,Analysts downgrade Apple earnings,WSJ
2025-11-08,TSLA,EV market slowdown hits for Tesla,WSJ
2025-11-08,TSLA,EV market slowdown hits for Tesla,Financial Times
2025-11-08,AMZN,Prime membership boosts revenue,Financial Times
2025-11-08,AMZN,Amazon e-commerce leads competition,Bloomberg
2025-11-09,AAPL,Analysts raise targets for Apple earnings,WSJ
2025-11-09,AAPL,iPad drives Apple growth,Bloomberg
2025-11-09,TSLA,Tesla milestone in battery tech,Reuters
2025-11-09,TSLA,Tesla Autopilot scrutiny raises questions,Financial Times
2025-11-09,AMZN,Amazon invests in healthcare,Bloomberg
2025-11-09,AMZN,AWS slows amid cloud demand,Bloomberg
2025-11-10,AAPL,Apple faces regulatory scrutiny in services,WSJ
2025-11-10,AAPL,iPad drives Apple growth,Bloomberg
2025-11-10,TSLA,EV market growth favors for Tesla,WSJ
2025-11-10,TSLA,Elon Musk announces Tesla expansion,Reuters
2025-11-10,AMZN,Prime membership hurts revenue,WSJ
2025-11-10,AMZN,Prime membership boosts revenue,CNBC
2025-11-11,AAPL,Apple shares climb as supply chain issues,WSJ
2025-11-11,AAPL,Analysts raise targets for Apple stock,CNBC
2025-11-11,TSLA,EV market slowdown hits for Tesla,Reuters
2025-11-11,TSLA,Tesla breakthrough in battery tech,Bloomberg
2025-11-11,AMZN,Prime membership hurts revenue,Reuters
2025-11-11,AMZN,AWS accelerates amid cloud demand,WSJ
2025-11-12,AAPL,iPhone new chip boosts sales,Financial Times
2025-11-12,AAPL,iPad drives Apple growth,Bloomberg
2025-11-12,TSLA,EV market growth favors for Tesla,WSJ
2025-11-12,TSLA,Elon Musk announces Tesla robotaxi,Bloomberg
2025-11-12,AMZN,Prime membership supports revenue,CNBC
2025-11-12,AMZN,Amazon e-commerce leads competition,Reuters
2025-11-13,AAPL,iPhone 17 Pro supports sales,Financial Times
2025-11-13,AAPL,Apple shares surge as supply chain issues,Bloomberg
2025-11-13,TSLA,Tesla rise after analyst upgrade,Reuters
2025-11-13,TSLA,EV market slowdown hits for Tesla,Bloomberg
2025-11-13,AMZN,AWS accelerates amid cloud demand,Financial Times
2025-11-13,AMZN,AWS accelerates amid cloud demand,CNBC
2025-11-14,AAPL,Apple faces regulatory scrutiny in China market,Reuters
2025-11-14,AAPL,iPad drives Apple growth,CNBC
2025-11-14,TSLA,Tesla drop after supply chain issues,WSJ
2025-11-14,TSLA,Elon Musk announces Tesla robotaxi,Bloomberg
2025-11-14,AMZN,AWS slows amid cloud demand,CNBC
2025-11-14,AMZN,Amazon e-commerce leads competition,Reuters
2025-11-15,AAPL,Mac drives Apple growth,WSJ
2025-11-15,AAPL,Apple shares fall as analyst upgrade,WSJ
2025-11-15,TSLA,Tesla Autopilot scrutiny raises questions,CNBC
2025-11-15,TSLA,Tesla breakthrough in battery tech,CNBC
2025-11-15,AMZN,Amazon invests in healthcare,Reuters
2025-11-15,AMZN,Amazon fall logistics expansion,WSJ
2025-11-16,AAPL,iPhone 16 launch hurts sales,Reuters
2025-11-16,AAPL,Apple shares dip as earnings beat,Bloomberg
2025-11-16,TSLA,Tesla Autopilot scrutiny raises questions,Bloomberg
2025-11-16,TSLA,EV market growth favors for Tesla,CNBC
2025-11-16,AMZN,Amazon drop logistics expansion,Financial Times
2025-11-16,AMZN,Amazon drop logistics expansion,Reuters
2025-11-17,AAPL,Analysts raise targets for Apple stock,Financial Times
2025-11-17,AAPL,Services drives Apple growth,WSJ
2025-11-17,TSLA,Tesla Autopilot scrutiny raises questions,Bloomberg
2025-11-17,TSLA,Tesla milestone in battery tech,WSJ
2025-11-17,AMZN,Amazon dip Prime expansion,Bloomberg
2025-11-17,AMZN,Prime membership supports revenue,Financial Times
2025-11-18,AAPL,iPhone 16 launch hurts sales,Bloomberg
2025-11-18,AAPL,Apple faces regulatory scrutiny in services,WSJ
2025-11-18,TSLA,EV market slowdown hits for Tesla,CNBC
2025-11-18,TSLA,Tesla breakthrough in battery tech,WSJ
2025-11-18,AMZN,Amazon fall delivery expansion,CNBC
2025-11-18,AMZN,AWS slows amid cloud demand,CNBC
2025-11-19,AAPL,Apple shares drop as analyst upgrade,WSJ
2025-11-19,AAPL,iPhone new chip supports sales,Reuters
2025-11-19,TSLA,Tesla Autopilot scrutiny raises questions,Financial Times
2025-11-19,TSLA,Tesla Autopilot progress raises questions,Financial Times
2025-11-19,AMZN,Prime membership supports revenue,Reuters
2025-11-19,AMZN,Amazon surge Prime expansion,WSJ
2025-11-20,AAPL,Apple shares dip as product launch,CNBC
2025-11-20,AAPL,Apple faces regulatory scrutiny in China market,CNBC
2025-11-20,TSLA,EV market growth favors for Tesla,WSJ
2025-11-20,TSLA,Tesla milestone in battery tech,Bloomberg
2025-11-20,AMZN,AWS accelerates amid cloud demand,WSJ
2025-11-20,AMZN,AWS slows amid cloud demand,Reuters
2025-11-21,AAPL,Analysts raise targets for Apple stock,Bloomberg
2025-11-21,AAPL,iPhone new chip hurts sales,Reuters
2025-11-21,TSLA,EV market slowdown hits for Tesla,Reuters
2025-11-21,TSLA,EV market growth favors for Tesla,Bloomberg
2025-11-21,AMZN,Amazon invests in healthcare,Financial Times
2025-11-21,AMZN,Prime membership boosts revenue,Bloomberg
2025-11-22,AAPL,iPhone 16 launch hurts sales,CNBC
2025-11-22,AAPL,iPhone new chip hurts sales,CNBC
2025-11-22,TSLA,Tesla breakthrough in battery tech,Reuters
2025-11-22,TSLA,Tesla breakthrough in battery tech,WSJ
2025-11-22,AMZN,Amazon invests in AI,WSJ
2025-11-22,AMZN,AWS accelerates amid cloud demand,Financial Times
2025-11-23,AAPL,Analysts downgrade Apple stock,Bloomberg
2025-11-23,AAPL,Analysts downgrade Apple vision pro,Financial Times
2025-11-23,TSLA,Tesla Autopilot scrutiny raises questions,WSJ
2025-11-23,TSLA,Tesla breakthrough in battery tech,Financial Times
2025-11-23,AMZN,Prime membership supports revenue,WSJ
2025-11-23,AMZN,Amazon e-commerce faces competition,Bloomberg
2025-11-24,AAPL,Analysts raise targets for Apple vision pro,Reuters
2025-11-24,AAPL,Services drives Apple growth,CNBC
2025-11-24,TSLA,Tesla breakthrough in battery tech,CNBC
2025-11-24,TSLA,Tesla breakthrough in battery tech,Financial Times
2025-11-24,AMZN,Amazon climb delivery expansion,CNBC
2025-11-24,AMZN,Prime membership hurts revenue,Reuters
2025-11-25,AAPL,Apple shares surge as supply chain issues,Bloomberg
2025-11-25,AAPL,Mac drives Apple growth,Bloomberg
2025-11-25,TSLA,Tesla breakthrough in battery tech,Reuters
2025-11-25,TSLA,EV market slowdown hits for Tesla,Financial Times
2025-11-25,AMZN,Amazon climb Prime expansion,Reuters
2025-11-25,AMZN,Amazon e-commerce faces competition,Financial Times
2025-11-26,AAPL,Apple shares fall as analyst upgrade,Reuters
2025-11-26,AAPL,iPad drives Apple growth,Financial Times
2025-11-26,TSLA,Tesla milestone in battery tech,WSJ
2025-11-26,TSLA,Tesla Autopilot progress raises questions,Bloomberg
2025-11-26,AMZN,Prime membership hurts revenue,CNBC
2025-11-26,AMZN,Amazon invests in healthcare,WSJ
2025-11-27,AAPL,Services drives Apple growth,Reuters
2025-11-27,AAPL,Analysts downgrade Apple vision pro,WSJ
2025-11-27,TSLA,Tesla surge after earnings beat,CNBC
2025-11-27,TSLA,EV market slowdown hits for Tesla,Bloomberg
2025-11-27,AMZN,AWS accelerates amid cloud demand,Bloomberg
2025-11-27,AMZN,Prime membership boosts revenue,Bloomberg
2025-11-28,AAPL,iPad drives Apple growth,Reuters
2025-11-28,AAPL,Apple faces competition pressure in China market,Financial Times
2025-11-28,TSLA,EV market slowdown hits for Tesla,Financial Times
2025-11-28,TSLA,Tesla breakthrough in battery tech,Financial Times
2025-11-28,AMZN,Amazon invests in healthcare,Bloomberg
2025-11-28,AMZN,Prime membership hurts revenue,Bloomberg
2025-11-29,AAPL,Apple shares dip as analyst upgrade,Bloomberg
2025-11-29,AAPL,Apple faces regulatory scrutiny in services,Bloomberg
2025-11-29,TSLA,Elon Musk announces Tesla expansion,Reuters
2025-11-29,TSLA,Tesla drop after supply chain issues,WSJ
2025-11-29,AMZN,Amazon e-commerce leads competition,Reuters
2025-11-29,AMZN,Amazon e-commerce faces competition,CNBC
2025-11-30,AAPL,Apple shares fall as product launch,WSJ
2025-11-30,AAPL,Analysts raise targets for Apple earnings,CNBC
2025-11-30,TSLA,Tesla climb after product launch,Reuters
2025-11-30,TSLA,Elon Musk announces Tesla robotaxi,Financial Times
2025-11-30,AMZN,AWS slows amid cloud demand,Financial Times
2025-11-30,AMZN,Amazon fall delivery expansion,Financial Times
2025-12-01,AAPL,Analysts raise targets for Apple stock,CNBC
2025-12-01,AAPL,Services drives Apple growth,CNBC
2025-12-01,TSLA,Tesla Autopilot scrutiny raises questions,Reuters
2025-12-01,TSLA,EV market slowdown hits for Tesla,CNBC
2025-12-01,AMZN,Amazon e-commerce faces competition,Bloomberg
2025-12-01,AMZN,Amazon invests in healthcare,Financial Times
2025-12-02,AAPL,iPhone 17 Pro supports sales,Bloomberg
2025-12-02,AAPL,Services drives Apple growth,Reuters
2025-12-02,TSLA,Elon Musk announces Tesla robotaxi,Financial Times
2025-12-02,TSLA,EV market slowdown hits for Tesla,CNBC
2025-12-02,AMZN,AWS slows amid cloud demand,Financial Times
2025-12-02,AMZN,Amazon e-commerce leads competition,Reuters
2025-12-03,AAPL,iPhone new chip supports sales,Financial Times
2025-12-03,AAPL,Apple faces competition pressure in China market,Financial Times
2025-12-03,TSLA,Elon Musk announces Tesla expansion,Financial Times
2025-12-03,TSLA,Tesla Autopilot progress raises questions,Bloomberg
2025-12-03,AMZN,AWS accelerates amid cloud demand,CNBC
2025-12-03,AMZN,Amazon invests in healthcare,Financial Times
2025-12-04,AAPL,Apple shares surge as supply chain issues,Bloomberg
2025-12-04,AAPL,Apple faces competition pressure in services,WSJ
2025-12-04,TSLA,EV market growth favors for Tesla,Reuters
2025-12-04,TSLA,Elon Musk announces Tesla robotaxi,Financial Times
2025-12-04,AMZN,Amazon climb delivery expansion,CNBC
2025-12-04,AMZN,Amazon e-commerce leads competition,CNBC
2025-12-05,AAPL,iPhone new chip supports sales,Bloomberg
2025-12-05,AAPL,iPad drives Apple growth,CNBC
2025-12-05,TSLA,Elon Musk announces Tesla robotaxi,Reuters
2025-12-05,TSLA,Elon Musk announces Tesla robotaxi,Reuters
2025-12-05,AMZN,Prime membership hurts revenue,Reuters
2025-12-05,AMZN,Amazon e-commerce faces competition,Reuters
2025-12-06,AAPL,Apple shares rise as analyst upgrade,WSJ
2025-12-06,AAPL,Apple faces competition pressure in services,Bloomberg
2025-12-06,TSLA,EV market slowdown hits for Tesla,Reuters
2025-12-06,TSLA,Elon Musk announces Tesla expansion,WSJ
2025-12-06,AMZN,Amazon drop logistics expansion,Bloomberg
2025-12-06,AMZN,Amazon invests in healthcare,WSJ
2025-12-07,AAPL,Analysts downgrade Apple earnings,CNBC
2025-12-07,AAPL,Apple faces competition pressure in supply chain,Reuters
2025-12-07,TSLA,EV market growth favors for Tesla,Reuters
2025-12-07,TSLA,EV market slowdown hits for Tesla,WSJ
2025-12-07,AMZN,AWS slows amid cloud demand,CNBC
2025-12-07,AMZN,Prime membership supports revenue,CNBC
2025-12-08,AAPL,Apple faces regulatory scrutiny in services,Financial Times
2025-12-08,AAPL,iPad drives Apple growth,Bloomberg
2025-12-08,TSLA,Tesla rise after analyst upgrade,WSJ
2025-12-08,TSLA,EV market slowdown hits for Tesla,CNBC
2025-12-08,AMZN,Amazon invests in logistics,CNBC
2025-12-08,AMZN,Amazon surge delivery expansion,WSJ
2025-12-09,AAPL,Apple shares rise as analyst upgrade,Financial Times
2025-12-09,AAPL,iPhone 17 Pro boosts sales,Reuters
2025-12-09,TSLA,Tesla Autopilot progress raises questions,CNBC
2025-12-09,TSLA,Tesla breakthrough in battery tech,Bloomberg
2025-12-09,AMZN,Prime membership boosts revenue,Bloomberg
2025-12-09,AMZN,Prime membership supports revenue,WSJ
2025-12-10,AAPL,Analysts downgrade Apple vision pro,CNBC
2025-12-10,AAPL,iPhone 16 launch boosts sales,Bloomberg
2025-12-10,TSLA,EV market slowdown hits for Tesla,Financial Times
2025-12-10,TSLA,Tesla fall after supply chain issues,Reuters
2025-12-10,AMZN,Amazon e-commerce leads competition,Financial Times
2025-12-10,AMZN,Amazon invests in logistics,WSJ
2025-12-11,AAPL,Analysts downgrade Apple earnings,Reuters
2025-12-11,AAPL,iPhone 16 launch hurts sales,Reuters
2025-12-11,TSLA,Elon Musk announces Tesla robotaxi,Financial Times
2025-12-11,TSLA,EV market growth favors for Tesla,Financial Times
2025-12-11,AMZN,AWS accelerates amid cloud demand,Financial Times
2025-12-11,AMZN,Amazon invests in logistics,Financial Times
2025-12-12,AAPL,Apple faces competition pressure in China market,WSJ
2025-12-12,AAPL,Apple faces competition pressure in China market,Financial Times
2025-12-12,TSLA,Elon Musk announces Tesla robotaxi,CNBC
2025-12-12,TSLA,Tesla milestone in battery tech,CNBC
2025-12-12,AMZN,Amazon rise Prime expansion,WSJ
2025-12-12,AMZN,Prime membership hurts revenue,CNBC
2025-12-13,AAPL,Apple shares rise as earnings beat,Bloomberg
2025-12-13,AAPL,Services drives Apple growth,WSJ
2025-12-13,TSLA,EV market growth favors for Tesla,WSJ
2025-12-13,TSLA,Tesla rise after earnings beat,Financial Times
2025-12-13,AMZN,Amazon fall Prime expansion,Financial Times
2025-12-13,AMZN,Amazon e-commerce faces competition,Financial Times
2025-12-14,AAPL,Analysts downgrade Apple stock,CNBC
2025-12-14,AAPL,Mac drives Apple growth,CNBC
2025-12-14,TSLA,EV market growth favors for Tesla,Financial Times
2025-12-14,TSLA,Tesla breakthrough in battery tech,WSJ
2025-12-14,AMZN,Prime membership hurts revenue,Bloomberg
2025-12-14,AMZN,AWS slows amid cloud demand,Bloomberg
2025-12-15,AAPL,Analysts raise targets for Apple stock,WSJ
2025-12-15,AAPL,iPhone 17 Pro supports sales,Bloomberg
2025-12-15,TSLA,Tesla climb after earnings beat,Reuters
2025-12-15,TSLA,Elon Musk announces Tesla robotaxi,Financial Times
2025-12-15,AMZN,AWS slows amid cloud demand,Reuters
2025-12-15,AMZN,Amazon e-commerce leads competition,CNBC
2025-12-16,AAPL,Apple faces regulatory scrutiny in China market,CNBC
2025-12-16,AAPL,iPad drives Apple growth,CNBC
2025-12-16,TSLA,Tesla rise after product launch,Financial Times
2025-12-16,TSLA,Elon Musk announces Tesla robotaxi,Bloomberg
2025-12-16,AMZN,Amazon fall Prime expansion,WSJ
2025-12-16,AMZN,Prime membership boosts revenue,Reuters
2025-12-17,AAPL,iPhone 17 Pro boosts sales,Bloomberg
2025-12-17,AAPL,iPhone new chip boosts sales,Bloomberg
2025-12-17,TSLA,Tesla milestone in battery tech,Reuters
2025-12-17,TSLA,Tesla Autopilot scrutiny raises questions,Bloomberg
2025-12-17,AMZN,Amazon invests in healthcare,Financial Times
2025-12-17,AMZN,Amazon e-commerce faces competition,Bloomberg
2025-12-18,AAPL,Apple shares rise as analyst upgrade,WSJ
2025-12-18,AAPL,Apple faces regulatory scrutiny in services,Bloomberg
2025-12-18,TSLA,Tesla Autopilot progress raises questions,Reuters
2025-12-18,TSLA,Tesla climb after earnings beat,Reuters
2025-12-18,AMZN,Amazon dip delivery expansion,WSJ
2025-12-18,AMZN,Prime membership supports revenue,CNBC
2025-12-19,AAPL,Apple faces regulatory scrutiny in supply chain,WSJ
2025-12-19,AAPL,Analysts downgrade Apple stock,CNBC
2025-12-19,TSLA,Tesla Autopilot scrutiny raises questions,CNBC
2025-12-19,TSLA,Elon Musk announces Tesla robotaxi,Reuters
2025-12-19,AMZN,Prime membership hurts revenue,CNBC
2025-12-19,AMZN,Prime membership hurts revenue,Bloomberg
2025-12-20,AAPL,Analysts raise targets for Apple stock,Financial Times
2025-12-20,AAPL,Apple faces competition pressure in services,CNBC
2025-12-20,TSLA,Elon Musk announces Tesla robotaxi,Reuters
2025-12-20,TSLA,EV market slowdown hits for Tesla,Reuters
2025-12-20,AMZN,Amazon e-commerce leads competition,CNBC
2025-12-20,AMZN,AWS accelerates amid cloud demand,Reuters
2025-12-21,AAPL,Apple shares drop as earnings beat,Financial Times
2025-12-21,AAPL,Analysts raise targets for Apple stock,Reuters
2025-12-21,TSLA,Tesla breakthrough in battery tech,CNBC
2025-12-21,TSLA,Tesla Autopilot scrutiny raises questions,Reuters
2025-12-21,AMZN,Amazon invests in logistics,Bloomberg
2025-12-21,AMZN,Amazon invests in AI,CNBC
2025-12-22,AAPL,Apple faces competition pressure in China market,WSJ
2025-12-22,AAPL,iPhone new chip supports sales,Reuters
2025-12-22,TSLA,Elon Musk announces Tesla expansion,Financial Times
2025-12-22,TSLA,EV market growth favors for Tesla,Financial Times
2025-12-22,AMZN,Prime membership boosts revenue,WSJ
2025-12-22,AMZN,Amazon invests in AI,CNBC
2025-12-23,AAPL,iPhone 16 launch boosts sales,Financial Times
2025-12-23,AAPL,Apple shares rise as analyst upgrade,Reuters
2025-12-23,TSLA,Elon Musk announces Tesla robotaxi,Financial Times
2025-12-23,TSLA,Tesla breakthrough in battery tech,Financial Times
2025-12-23,AMZN,Amazon invests in healthcare,Reuters
2025-12-23,AMZN,Amazon invests in healthcare,WSJ
2025-12-24,AAPL,Apple shares rise as supply chain issues,Reuters
2025-12-24,AAPL,Analysts raise targets for Apple stock,Reuters
2025-12-24,TSLA,Tesla Autopilot progress raises questions,Reuters
2025-12-24,TSLA,Tesla Autopilot progress raises questions,Reuters
2025-12-24,AMZN,Amazon invests in logistics,Financial Times
2025-12-24,AMZN,Amazon drop Prime expansion,WSJ
2025-12-25,AAPL,Analysts downgrade Apple earnings,Financial Times
2025-12-25,AAPL,Apple faces regulatory scrutiny in China market,Bloomberg
2025-12-25,TSLA,Elon Musk announces Tesla expansion,Reuters
2025-12-25,TSLA,Elon Musk announces Tesla robotaxi,Bloomberg
2025-12-25,AMZN,Prime membership supports revenue,Reuters
2025-12-25,AMZN,AWS accelerates amid cloud demand,Financial Times
2025-12-26,AAPL,Analysts downgrade Apple stock,Bloomberg
2025-12-26,AAPL,iPhone new chip boosts sales,Reuters
2025-12-26,TSLA,Tesla Autopilot scrutiny raises questions,Reuters
2025-12-26,TSLA,Elon Musk announces Tesla expansion,Reuters
2025-12-26,AMZN,Amazon surge Prime expansion,Financial Times
2025-12-26,AMZN,Amazon e-commerce leads competition,Bloomberg
2025-12-27,AAPL,iPhone 16 launch boosts sales,Bloomberg
2025-12-27,AAPL,iPhone new chip supports sales,WSJ
2025-12-27,TSLA,Tesla Autopilot progress raises questions,Financial Times
2025-12-27,TSLA,Tesla rise after earnings beat,WSJ
2025-12-27,AMZN,Prime membership supports revenue,CNBC
2025-12-27,AMZN,Amazon e-commerce leads competition,CNBC
2025-12-28,AAPL,iPhone 17 Pro supports sales,WSJ
2025-12-28,AAPL,Mac drives Apple growth,Financial Times
2025-12-28,TSLA,EV market growth favors for Tesla,CNBC
2025-12-28,TSLA,Tesla breakthrough in battery tech,Reuters
2025-12-28,AMZN,Prime membership hurts revenue,CNBC
2025-12-28,AMZN,Prime membership boosts revenue,WSJ
2025-12-29,AAPL,Apple faces competition pressure in services,WSJ
2025-12-29,AAPL,Apple faces regulatory scrutiny in supply chain,Financial Times
2025-12-29,TSLA,EV market slowdown hits for Tesla,WSJ
2025-12-29,TSLA,Elon Musk announces Tesla expansion,Financial Times
2025-12-29,AMZN,Prime membership boosts revenue,CNBC
2025-12-29,AMZN,Prime membership hurts revenue,WSJ
2025-12-30,AAPL,Apple faces competition pressure in services,WSJ
2025-12-30,AAPL,Services drives Apple growth,Reuters
2025-12-30,TSLA,Elon Musk announces Tesla robotaxi,WSJ
2025-12-30,TSLA,Tesla Autopilot progress raises questions,Financial Times
2025-12-30,AMZN,Amazon dip logistics expansion,Financial Times
2025-12-30,AMZN,AWS slows amid cloud demand,Reuters
2025-12-31,AAPL,iPhone 16 launch hurts sales,WSJ
2025-12-31,AAPL,Analysts raise targets for Apple earnings,CNBC
2025-12-31,TSLA,Tesla surge after product launch,Financial Times
2025-12-31,TSLA,Elon Musk announces Tesla robotaxi,Reuters
2025-12-31,AMZN,Amazon invests in healthcare,WSJ
2025-12-31,AMZN,Amazon invests in healthcare,Financial Times
2026-01-01,AAPL,iPhone 17 Pro boosts sales,CNBC
2026-01-01,AAPL,iPad drives Apple growth,Financial Times
2026-01-01,TSLA,Tesla breakthrough in battery tech,Bloomberg
2026-01-01,TSLA,Elon Musk announces Tesla expansion,Financial Times
2026-01-01,AMZN,Amazon e-commerce faces competition,WSJ
2026-01-01,AMZN,Amazon invests in logistics,CNBC
2026-01-02,AAPL,Mac drives Apple growth,CNBC
2026-01-02,AAPL,Apple faces competition pressure in China market,Bloomberg
2026-01-02,TSLA,Elon Musk announces Tesla expansion,Bloomberg
2026-01-02,TSLA,EV market growth favors for Tesla,CNBC
2026-01-02,AMZN,AWS accelerates amid cloud demand,Reuters
2026-01-02,AMZN,AWS slows amid cloud demand,Financial Times
2026-01-03,AAPL,iPhone new chip hurts sales,WSJ
2026-01-03,AAPL,iPhone 17 Pro hurts sales,Bloomberg
2026-01-03,TSLA,Tesla milestone in battery tech,WSJ
2026-01-03,TSLA,Elon Musk announces Tesla expansion,Reuters
2026-01-03,AMZN,Amazon e-commerce faces competition,Reuters
2026-01-03,AMZN,AWS slows amid cloud demand,Bloomberg
2026-01-04,AAPL,Mac drives Apple growth,Bloomberg
2026-01-04,AAPL,Apple shares fall as supply chain issues,Bloomberg
2026-01-04,TSLA,EV market slowdown hits for Tesla,Bloomberg
2026-01-04,TSLA,Tesla Autopilot progress raises questions,Reuters
2026-01-04,AMZN,Prime membership boosts revenue,WSJ
2026-01-04,AMZN,AWS slows amid cloud demand,Reuters
2026-01-05,AAPL,Services drives Apple growth,Bloomberg
2026-01-05,AAPL,Services drives Apple growth,Financial Times
2026-01-05,TSLA,Tesla Autopilot scrutiny raises questions,Financial Times
2026-01-05,TSLA,Tesla climb after supply chain issues,CNBC
2026-01-05,AMZN,Amazon invests in healthcare,WSJ
2026-01-05,AMZN,Amazon fall logistics expansion,WSJ
2026-01-06,AAPL,Analysts raise targets for Apple earnings,Financial Times
2026-01-06,AAPL,Analysts raise targets for Apple vision pro,Reuters
2026-01-06,TSLA,Elon Musk announces Tesla robotaxi,Financial Times
2026-01-06,TSLA,EV market slowdown hits for Tesla,WSJ
2026-01-06,AMZN,Prime membership supports revenue,Bloomberg
2026-01-06,AMZN,Amazon invests in healthcare,WSJ
2026-01-07,AAPL,Apple faces competition pressure in services,CNBC
2026-01-07,AAPL,Apple faces competition pressure in supply chain,WSJ
2026-01-07,TSLA,Tesla breakthrough in battery tech,WSJ
2026-01-07,TSLA,Tesla Autopilot progress raises questions,Reuters
2026-01-07,AMZN,AWS slows amid cloud demand,WSJ
2026-01-07,AMZN,Prime membership boosts revenue,WSJ
2026-01-08,AAPL,Analysts downgrade Apple stock,CNBC
2026-01-08,AAPL,Apple shares climb as earnings beat,WSJ
2026-01-08,TSLA,Tesla breakthrough in battery tech,Financial Times
2026-01-08,TSLA,Tesla dip after product launch,CNBC
2026-01-08,AMZN,Amazon dip delivery expansion,Reuters
2026-01-08,AMZN,Prime membership hurts revenue,Financial Times
2026-01-09,AAPL,iPhone 17 Pro hurts sales,Reuters
2026-01-09,AAPL,iPhone 17 Pro hurts sales,Bloomberg
2026-01-09,TSLA,Elon Musk announces Tesla expansion,Bloomberg
2026-01-09,TSLA,Tesla drop after analyst upgrade,Reuters
2026-01-09,AMZN,Amazon rise Prime expansion,Bloomberg
2026-01-09,AMZN,Amazon e-commerce leads competition,Bloomberg
2026-01-10,AAPL,Apple faces regulatory scrutiny in supply chain,Reuters
2026-01-10,AAPL,iPhone new chip supports sales,CNBC
2026-01-10,TSLA,Tesla fall after analyst upgrade,Reuters
2026-01-10,TSLA,Elon Musk announces Tesla expansion,Financial Times
2026-01-10,AMZN,AWS slows amid cloud demand,Reuters
2026-01-10,AMZN,AWS accelerates amid cloud demand,Reuters
2026-01-11,AAPL,iPhone new chip hurts sales,Bloomberg
2026-01-11,AAPL,Apple faces regulatory scrutiny in services,Financial Times
2026-01-11,TSLA,Elon Musk announces Tesla robotaxi,Bloomberg
2026-01-11,TSLA,Tesla Autopilot progress raises questions,CNBC
2026-01-11,AMZN,Amazon fall logistics expansion,Reuters
2026-01-11,AMZN,AWS slows amid cloud demand,Bloomberg
2026-01-12,AAPL,Analysts downgrade Apple vision pro,Reuters
2026-01-12,AAPL,Analysts downgrade Apple earnings,Reuters
2026-01-12,TSLA,Elon Musk announces Tesla robotaxi,Reuters
2026-01-12,TSLA,Tesla Autopilot progress raises questions,Bloomberg
2026-01-12,AMZN,Prime membership boosts revenue,WSJ
2026-01-12,AMZN,Amazon drop delivery expansion,Financial Times
2026-01-13,AAPL,iPhone new chip boosts sales,WSJ
2026-01-13,AAPL,Apple shares climb as analyst upgrade,Reuters
2026-01-13,TSLA,EV market growth favors for Tesla,CNBC
2026-01-13,TSLA,EV market growth favors for Tesla,CNBC
2026-01-13,AMZN,Amazon dip delivery expansion,Bloomberg
2026-01-13,AMZN,Amazon drop delivery expansion,Financial Times
2026-01-14,AAPL,Analysts raise targets for Apple vision pro,CNBC
2026-01-14,AAPL,Mac drives Apple growth,WSJ
2026-01-14,TSLA,Tesla breakthrough in battery tech,Bloomberg
2026-01-14,TSLA,Tesla Autopilot progress raises questions,CNBC
2026-01-14,AMZN,Amazon e-commerce faces competition,Financial Times
2026-01-14,AMZN,AWS slows amid cloud demand,Reuters
2026-01-15,AAPL,iPhone new chip hurts sales,Reuters
2026-01-15,AAPL,iPad drives Apple growth,WSJ
2026-01-15,TSLA,Tesla Autopilot progress raises questions,WSJ
2026-01-15,TSLA,Tesla surge after product launch,WSJ
2026-01-15,AMZN,Amazon climb logistics expansion,WSJ
2026-01-15,AMZN,Amazon e-commerce faces competition,CNBC
2026-01-16,AAPL,iPhone new chip supports sales,CNBC
2026-01-16,AAPL,iPhone 17 Pro supports sales,Financial Times
2026-01-16,TSLA,Tesla Autopilot scrutiny raises questions,Bloomberg
2026-01-16,TSLA,Elon Musk announces Tesla robotaxi,Bloomberg
2026-01-16,AMZN,Amazon invests in AI,CNBC
2026-01-16,AMZN,Amazon invests in AI,WSJ
2026-01-17,AAPL,Analysts raise targets for Apple vision pro,WSJ
2026-01-17,AAPL,Apple faces regulatory scrutiny in supply chain,Bloomberg
2026-01-17,TSLA,Elon Musk announces Tesla robotaxi,Bloomberg
2026-01-17,TSLA,Tesla fall after supply chain issues,WSJ
2026-01-17,AMZN,Amazon e-commerce leads competition,Reuters
2026-01-17,AMZN,Prime membership supports revenue,CNBC
2026-01-18,AAPL,Analysts raise targets for Apple stock,Financial Times
2026-01-18,AAPL,Apple faces competition pressure in services,Reuters
2026-01-18,TSLA,Elon Musk announces Tesla expansion,Bloomberg
2026-01-18,TSLA,Tesla Autopilot progress raises questions,WSJ
2026-01-18,AMZN,Amazon e-commerce leads competition,Bloomberg
2026-01-18,AMZN,AWS accelerates amid cloud demand,Bloomberg
2026-01-19,AAPL,iPhone 16 launch supports sales,CNBC
2026-01-19,AAPL,iPad drives Apple growth,Bloomberg
2026-01-19,TSLA,EV market growth favors for Tesla,CNBC
2026-01-19,TSLA,Tesla milestone in battery tech,WSJ
2026-01-19,AMZN,Prime membership hurts revenue,Financial Times
2026-01-19,AMZN,Amazon e-commerce faces competition,Financial Times
2026-01-20,AAPL,Analysts raise targets for Apple stock,Bloomberg
2026-01-20,AAPL,Services drives Apple growth,CNBC
2026-01-20,TSLA,Tesla Autopilot scrutiny raises questions,Reuters
2026-01-20,TSLA,Tesla climb after earnings beat,Bloomberg
2026-01-20,AMZN,Prime membership boosts revenue,WSJ
2026-01-20,AMZN,AWS accelerates amid cloud demand,Financial Times
2026-01-21,AAPL,Apple faces regulatory scrutiny in services,Bloomberg
2026-01-21,AAPL,iPhone new chip hurts sales,Bloomberg
2026-01-21,TSLA,Elon Musk announces Tesla robotaxi,Financial Times
2026-01-21,TSLA,Tesla breakthrough in battery tech,Bloomberg
2026-01-21,AMZN,Amazon e-commerce leads competition,Reuters
2026-01-21,AMZN,Prime membership boosts revenue,WSJ
2026-01-22,AAPL,Analysts downgrade Apple vision pro,Reuters
2026-01-22,AAPL,Apple shares dip as earnings beat,Financial Times
2026-01-22,TSLA,Tesla Autopilot progress raises questions,Bloomberg
2026-01-22,TSLA,Tesla breakthrough in battery tech,Reuters
2026-01-22,AMZN,Amazon invests in logistics,CNBC
2026-01-22,AMZN,Amazon invests in AI,Reuters
2026-01-23,AAPL,Analysts raise targets for Apple earnings,Reuters
2026-01-23,AAPL,Apple faces competition pressure in services,Financial Times
2026-01-23,TSLA,EV market growth favors for Tesla,WSJ
2026-01-23,TSLA,EV market slowdown hits for Tesla,WSJ
2026-01-23,AMZN,Prime membership boosts revenue,CNBC
2026-01-23,AMZN,AWS slows amid cloud demand,Bloomberg
2026-01-24,AAPL,Apple shares climb as product launch,CNBC
2026-01-24,AAPL,Analysts downgrade Apple stock,Financial Times
2026-01-24,TSLA,Tesla rise after supply chain issues,Bloomberg
2026-01-24,TSLA,Elon Musk announces Tesla expansion,Financial Times
2026-01-24,AMZN,Amazon dip delivery expansion,CNBC
2026-01-24,AMZN,Prime membership supports revenue,Bloomberg
2026-01-25,AAPL,iPad drives Apple growth,WSJ
2026-01-25,AAPL,iPad drives Apple growth,Reuters
2026-01-25,TSLA,Elon Musk announces Tesla robotaxi,Financial Times
2026-01-25,TSLA,Tesla rise after analyst upgrade,CNBC
2026-01-25,AMZN,Prime membership boosts revenue,WSJ
2026-01-25,AMZN,Amazon surge delivery expansion,Reuters
2026-01-26,AAPL,Apple faces regulatory scrutiny in services,WSJ
2026-01-26,AAPL,Services drives Apple growth,WSJ
2026-01-26,TSLA,EV market slowdown hits for Tesla,WSJ
2026-01-26,TSLA,Tesla dip after product launch,CNBC
2026-01-26,AMZN,Amazon e-commerce leads competition,Reuters
2026-01-26,AMZN,AWS slows amid cloud demand,Financial Times
2026-01-27,AAPL,Apple shares fall as supply chain issues,Financial Times
2026-01-27,AAPL,Apple faces regulatory scrutiny in China market,Bloomberg
2026-01-27,TSLA,Tesla climb after analyst upgrade,Financial Times
2026-01-27,TSLA,Elon Musk announces Tesla expansion,CNBC
2026-01-27,AMZN,Amazon e-commerce faces competition,Financial Times
2026-01-27,AMZN,AWS accelerates amid cloud demand,Reuters
2026-01-28,AAPL,Apple shares climb as analyst upgrade,CNBC
2026-01-28,AAPL,Services drives Apple growth,WSJ
2026-01-28,TSLA,Tesla Autopilot progress raises questions,WSJ
2026-01-28,TSLA,Tesla rise after analyst upgrade,Reuters
2026-01-28,AMZN,Amazon invests in AI,Bloomberg
2026-01-28,AMZN,Prime membership supports revenue,CNBC
2026-01-29,AAPL,iPad drives Apple growth,Financial Times
2026-01-29,AAPL,Services drives Apple growth,Reuters
2026-01-29,TSLA,Tesla milestone in battery tech,WSJ
2026-01-29,TSLA,Tesla surge after earnings beat,Bloomberg
2026-01-29,AMZN,Amazon e-commerce leads competition,Bloomberg
2026-01-29,AMZN,AWS accelerates amid cloud demand,CNBC
2026-01-30,AAPL,iPad drives Apple growth,WSJ
2026-01-30,AAPL,Analysts downgrade Apple earnings,WSJ
2026-01-30,TSLA,Tesla milestone in battery tech,Reuters
2026-01-30,TSLA,Elon Musk announces Tesla robotaxi,CNBC
2026-01-30,AMZN,AWS accelerates amid cloud demand,WSJ
2026-01-30,AMZN,Amazon climb logistics expansion,Financial Times
2026-01-31,AAPL,Analysts raise targets for Apple vision pro,Bloomberg
2026-01-31,AAPL,Apple shares climb as earnings beat,CNBC
2026-01-31,TSLA,EV market slowdown hits for Tesla,CNBC
2026-01-31,TSLA,Elon Musk announces Tesla expansion,WSJ
2026-01-31,AMZN,Amazon surge delivery expansion,Reuters
2026-01-31,AMZN,Amazon dip delivery expansion,WSJ
2026-02-01,AAPL,Analysts raise targets for Apple earnings,WSJ
2026-02-01,AAPL,iPhone 16 launch supports sales,Financial Times
2026-02-01,TSLA,Tesla Autopilot scrutiny raises questions,Reuters
2026-02-01,TSLA,Elon Musk announces Tesla robotaxi,CNBC
2026-02-01,AMZN,Amazon invests in healthcare,CNBC
2026-02-01,AMZN,AWS slows amid cloud demand,Bloomberg
2026-02-02,AAPL,Apple faces competition pressure in China market,CNBC
2026-02-02,AAPL,Analysts downgrade Apple stock,WSJ
2026-02-02,TSLA,EV market slowdown hits for Tesla,Bloomberg
2026-02-02,TSLA,EV market slowdown hits for Tesla,CNBC
2026-02-02,AMZN,Amazon e-commerce leads competition,Reuters
2026-02-02,AMZN,Prime membership supports revenue,WSJ
2026-02-03,AAPL,Apple faces regulatory scrutiny in services,Bloomberg
2026-02-03,AAPL,Apple faces regulatory scrutiny in supply chain,Bloomberg
2026-02-03,TSLA,Tesla surge after product launch,Reuters
2026-02-03,TSLA,EV market growth favors for Tesla,CNBC
2026-02-03,AMZN,AWS accelerates amid cloud demand,Reuters
2026-02-03,AMZN,Amazon invests in logistics,WSJ
2026-02-04,AAPL,Apple faces competition pressure in services,Financial Times
2026-02-04,AAPL,Analysts downgrade Apple earnings,WSJ
2026-02-04,TSLA,Elon Musk announces Tesla robotaxi,Financial Times
2026-02-04,TSLA,Tesla milestone in battery tech,Reuters
2026-02-04,AMZN,Amazon e-commerce faces competition,Reuters
2026-02-04,AMZN,Amazon invests in AI,Financial Times
2026-02-05,AAPL,Apple faces competition pressure in supply chain,CNBC
2026-02-05,AAPL,iPhone 17 Pro hurts sales,CNBC
2026-02-05,TSLA,EV market slowdown hits for Tesla,CNBC
2026-02-05,TSLA,Tesla climb after earnings beat,CNBC
2026-02-05,AMZN,Amazon invests in AI,Financial Times
2026-02-05,AMZN,Amazon e-commerce faces competition,Financial Times
2026-02-06,AAPL,Apple faces regulatory scrutiny in supply chain,CNBC
2026-02-06,AAPL,Apple faces competition pressure in services,Reuters
2026-02-06,TSLA,EV market growth favors for Tesla,Financial Times
2026-02-06,TSLA,Tesla breakthrough in battery tech,Financial Times
2026-02-06,AMZN,AWS accelerates amid cloud demand,WSJ
2026-02-06,AMZN,Prime membership boosts revenue,Bloomberg
2026-02-07,AAPL,Services drives Apple growth,Reuters
2026-02-07,AAPL,Apple faces competition pressure in China market,Financial Times
2026-02-07,TSLA,Tesla breakthrough in battery tech,WSJ
2026-02-07,TSLA,EV market slowdown hits for Tesla,WSJ
2026-02-07,AMZN,Amazon rise Prime expansion,WSJ
2026-02-07,AMZN,Prime membership hurts revenue,WSJ
2026-02-08,AAPL,Analysts downgrade Apple earnings,CNBC
2026-02-08,AAPL,Apple faces regulatory scrutiny in China market,Reuters
2026-02-08,TSLA,Tesla climb after analyst upgrade,CNBC
2026-02-08,TSLA,Tesla breakthrough in battery tech,Financial Times
2026-02-08,AMZN,Amazon e-commerce leads competition,Reuters
2026-02-08,AMZN,Prime membership supports revenue,Reuters
2026-02-09,AAPL,iPad drives Apple growth,Financial Times
2026-02-09,AAPL,Mac drives Apple growth,CNBC
2026-02-09,TSLA,EV market growth favors for Tesla,Financial Times
2026-02-09,TSLA,Tesla milestone in battery tech,Financial Times
2026-02-09,AMZN,Amazon climb logistics expansion,Reuters
2026-02-09,AMZN,Amazon e-commerce leads competition,Financial Times
2026-02-10,AAPL,Analysts raise targets for Apple earnings,Bloomberg
2026-02-10,AAPL,Services drives Apple growth,Bloomberg
2026-02-10,TSLA,EV market slowdown hits for Tesla,CNBC
2026-02-10,TSLA,Elon Musk announces Tesla expansion,Reuters
2026-02-10,AMZN,Amazon invests in AI,Reuters
2026-02-10,AMZN,Amazon fall delivery expansion,Financial Times
2026-02-11,AAPL,iPhone new chip boosts sales,Bloomberg
2026-02-11,AAPL,Apple faces competition pressure in China market,Bloomberg
2026-02-11,TSLA,Tesla breakthrough in battery tech,WSJ
2026-02-11,TSLA,Tesla fall after earnings beat,Financial Times
2026-02-11,AMZN,Prime membership hurts revenue,Financial Times
2026-02-11,AMZN,Amazon climb delivery expansion,Financial Times
2026-02-12,AAPL,Services drives Apple growth,WSJ
2026-02-12,AAPL,Apple shares drop as product launch,Reuters
2026-02-12,TSLA,EV market slowdown hits for Tesla,CNBC
2026-02-12,TSLA,Tesla Autopilot progress raises questions,Bloomberg
2026-02-12,AMZN,Amazon e-commerce leads competition,Bloomberg
2026-02-12,AMZN,Prime membership hurts revenue,CNBC
2026-02-13,AAPL,Analysts raise targets for Apple vision pro,Financial Times
2026-02-13,AAPL,iPhone 17 Pro boosts sales,Financial Times
2026-02-13,TSLA,EV market growth favors for Tesla,Bloomberg
2026-02-13,TSLA,Elon Musk announces Tesla robotaxi,CNBC
2026-02-13,AMZN,Amazon dip delivery expansion,WSJ
2026-02-13,AMZN,Prime membership supports revenue,Financial Times
2026-02-14,AAPL,Apple faces competition pressure in China market,Reuters
2026-02-14,AAPL,Mac drives Apple growth,Bloomberg
2026-02-14,TSLA,Elon Musk announces Tesla robotaxi,CNBC
2026-02-14,TSLA,Tesla breakthrough in battery tech,CNBC
2026-02-14,AMZN,Prime membership hurts revenue,Financial Times
2026-02-14,AMZN,Prime membership boosts revenue,CNBC
2026-02-15,AAPL,Analysts raise targets for Apple earnings,Financial Times
2026-02-15,AAPL,Apple shares climb as supply chain issues,Financial Times
2026-02-15,TSLA,Tesla breakthrough in battery tech,Financial Times
2026-02-15,TSLA,EV market slowdown hits for Tesla,Reuters
2026-02-15,AMZN,Amazon drop logistics expansion,WSJ
2026-02-15,AMZN,Prime membership hurts revenue,Financial Times
2026-02-16,AAPL,iPad drives Apple growth,Bloomberg
2026-02-16,AAPL,Apple faces regulatory scrutiny in services,Bloomberg
2026-02-16,TSLA,Tesla fall after supply chain issues,Bloomberg
2026-02-16,TSLA,Elon Musk announces Tesla robotaxi,CNBC
2026-02-16,AMZN,AWS accelerates amid cloud demand,Financial Times
2026-02-16,AMZN,AWS slows amid cloud demand,Financial Times
2026-02-17,AAPL,Services drives Apple growth,Financial Times
2026-02-17,AAPL,iPhone 16 launch hurts sales,Financial Times
2026-02-17,TSLA,Elon Musk announces Tesla robotaxi,WSJ
2026-02-17,TSLA,Elon Musk announces Tesla expansion,Bloomberg
2026-02-17,AMZN,AWS slows amid cloud demand,Bloomberg
2026-02-17,AMZN,Prime membership supports revenue,CNBC
2026-02-18,AAPL,iPhone 16 launch boosts sales,Financial Times
2026-02-18,AAPL,iPhone new chip boosts sales,Financial Times
2026-02-18,TSLA,EV market growth favors for Tesla,WSJ
2026-02-18,TSLA,Tesla fall after supply chain issues,WSJ
2026-02-18,AMZN,AWS slows amid cloud demand,Financial Times
2026-02-18,AMZN,Amazon dip Prime expansion,Bloomberg
2026-02-19,AAPL,Apple faces competition pressure in China market,Financial Times
2026-02-19,AAPL,Apple shares surge as earnings beat,CNBC
2026-02-19,TSLA,Tesla climb after earnings beat,Financial Times
2026-02-19,TSLA,Tesla breakthrough in battery tech,CNBC
2026-02-19,AMZN,Amazon dip Prime expansion,Reuters
2026-02-19,AMZN,Amazon climb delivery expansion,WSJ
2026-02-20,AAPL,Analysts downgrade Apple earnings,Reuters
2026-02-20,AAPL,Mac drives Apple growth,Bloomberg
2026-02-20,TSLA,EV market growth favors for Tesla,Bloomberg
2026-02-20,TSLA,EV market growth favors for Tesla,CNBC
2026-02-20,AMZN,Prime membership supports revenue,CNBC
2026-02-20,AMZN,Amazon invests in healthcare,Bloomberg
2026-02-21,AAPL,Analysts raise targets for Apple vision pro,CNBC
2026-02-21,AAPL,Analysts raise targets for Apple earnings,CNBC
2026-02-21,TSLA,Tesla milestone in battery tech,Bloomberg
2026-02-21,TSLA,Tesla fall after earnings beat,WSJ
2026-02-21,AMZN,AWS accelerates amid cloud demand,Reuters
2026-02-21,AMZN,Amazon drop delivery expansion,Reuters
2026-02-22,AAPL,Analysts downgrade Apple vision pro,WSJ
2026-02-22,AAPL,iPad drives Apple growth,WSJ
2026-02-22,TSLA,Tesla Autopilot scrutiny raises questions,WSJ
2026-02-22,TSLA,Tesla Autopilot progress raises questions,CNBC
2026-02-22,AMZN,AWS slows amid cloud demand,Bloomberg
2026-02-22,AMZN,AWS accelerates amid cloud demand,CNBC
2026-02-23,AAPL,Apple faces competition pressure in supply chain,CNBC
2026-02-23,AAPL,Apple faces regulatory scrutiny in China market,Bloomberg
2026-02-23,TSLA,Tesla breakthrough in battery tech,Financial Times
2026-02-23,TSLA,Tesla surge after supply chain issues,CNBC
2026-02-23,AMZN,Amazon climb logistics expansion,Bloomberg
2026-02-23,AMZN,Amazon invests in AI,Reuters
2026-02-24,AAPL,Apple shares fall as earnings beat,Reuters
2026-02-24,AAPL,Apple faces regulatory scrutiny in China market,Financial Times
2026-02-24,TSLA,Tesla milestone in battery tech,WSJ
2026-02-24,TSLA,Tesla milestone in battery tech,CNBC
2026-02-24,AMZN,Amazon invests in AI,WSJ
2026-02-24,AMZN,Amazon invests in AI,CNBC
2026-02-25,AAPL,Services drives Apple growth,Bloomberg
2026-02-25,AAPL,Apple faces regulatory scrutiny in China market,WSJ
2026-02-25,TSLA,Elon Musk announces Tesla expansion,CNBC
2026-02-25,TSLA,Tesla surge after analyst upgrade,Financial Times
2026-02-25,AMZN,Amazon e-commerce leads competition,Bloomberg
2026-02-25,AMZN,AWS slows amid cloud demand,Bloomberg
2026-02-26,AAPL,iPhone 16 launch supports sales,Bloomberg
2026-02-26,AAPL,Mac drives Apple growth,WSJ
2026-02-26,TSLA,Tesla surge after earnings beat,WSJ
2026-02-26,TSLA,Tesla milestone in battery tech,Bloomberg
2026-02-26,AMZN,Amazon e-commerce leads competition,WSJ
2026-02-26,AMZN,Amazon climb Prime expansion,Financial Times
2026-02-27,AAPL,Analysts downgrade Apple earnings,Reuters
2026-02-27,AAPL,Apple faces competition pressure in supply chain,CNBC
2026-02-27,TSLA,Tesla breakthrough in battery tech,Bloomberg
2026-02-27,TSLA,Tesla Autopilot progress raises questions,Reuters
2026-02-27,AMZN,Amazon e-commerce faces competition,WSJ
2026-02-27,AMZN,Prime membership supports revenue,WSJ
2026-02-28,AAPL,iPhone 16 launch boosts sales,CNBC
2026-02-28,AAPL,Apple faces regulatory scrutiny in China market,Financial Times
2026-02-28,TSLA,Tesla rise after supply chain issues,Reuters
2026-02-28,TSLA,Tesla milestone in battery tech,Reuters
2026-02-28,AMZN,AWS accelerates amid cloud demand,Reuters
2026-02-28,AMZN,AWS slows amid cloud demand,CNBC
2026-03-01,AAPL,Apple faces regulatory scrutiny in services,CNBC
2026-03-01,AAPL,Analysts raise targets for Apple stock,Reuters
2026-03-01,TSLA,Tesla milestone in battery tech,Bloomberg
2026-03-01,TSLA,EV market growth favors for Tesla,Bloomberg
2026-03-01,AMZN,AWS accelerates amid cloud demand,WSJ
2026-03-01,AMZN,Amazon e-commerce leads competition,Reuters
2026-03-02,AAPL,Services drives Apple growth,Reuters
2026-03-02,AAPL,iPhone new chip supports sales,WSJ
2026-03-02,TSLA,Tesla Autopilot scrutiny raises questions,Reuters
2026-03-02,TSLA,Tesla Autopilot progress raises questions,Reuters
2026-03-02,AMZN,Prime membership hurts revenue,Financial Times
2026-03-02,AMZN,AWS accelerates amid cloud demand,Reuters
2026-03-03,AAPL,Apple faces competition pressure in China market,WSJ
2026-03-03,AAPL,Apple shares fall as analyst upgrade,WSJ
2026-03-03,TSLA,Tesla fall after analyst upgrade,CNBC
2026-03-03,TSLA,Tesla Autopilot progress raises questions,CNBC
2026-03-03,AMZN,Prime membership hurts revenue,CNBC
2026-03-03,AMZN,Amazon e-commerce leads competition,CNBC
2026-03-04,AAPL,iPhone 16 launch boosts sales,CNBC
2026-03-04,AAPL,Analysts downgrade Apple stock,WSJ
2026-03-04,TSLA,Elon Musk announces Tesla expansion,CNBC
2026-03-04,TSLA,Tesla Autopilot scrutiny raises questions,Reuters
2026-03-04,AMZN,Amazon e-commerce leads competition,CNBC
2026-03-04,AMZN,Amazon e-commerce leads competition,CNBC
2026-03-05,AAPL,iPhone 17 Pro hurts sales,Reuters
2026-03-05,AAPL,Apple faces competition pressure in supply chain,Bloomberg
2026-03-05,TSLA,EV market growth favors for Tesla,Bloomberg
2026-03-05,TSLA,EV market slowdown hits for Tesla,Reuters
2026-03-05,AMZN,Prime membership hurts revenue,WSJ
2026-03-05,AMZN,Amazon invests in AI,WSJ
2026-03-06,AAPL,Analysts raise targets for Apple earnings,CNBC
2026-03-06,AAPL,Services drives Apple growth,Bloomberg
2026-03-06,TSLA,Tesla breakthrough in battery tech,Financial Times
2026-03-06,TSLA,Elon Musk announces Tesla expansion,CNBC
2026-03-06,AMZN,AWS accelerates amid cloud demand,WSJ
2026-03-06,AMZN,Prime membership hurts revenue,Bloomberg
2026-03-07,AAPL,Analysts downgrade Apple earnings,Bloomberg
2026-03-07,AAPL,Analysts downgrade Apple earnings,Financial Times
2026-03-07,TSLA,EV market slowdown hits for Tesla,Financial Times
2026-03-07,TSLA,Tesla breakthrough in battery tech,Reuters
2026-03-07,AMZN,AWS slows amid cloud demand,Reuters
2026-03-07,AMZN,AWS slows amid cloud demand,CNBC
2026-03-08,AAPL,Apple faces regulatory scrutiny in supply chain,CNBC
2026-03-08,AAPL,Mac drives Apple growth,Bloomberg
2026-03-08,TSLA,EV market growth favors for Tesla,Financial Times
2026-03-08,TSLA,Elon Musk announces Tesla robotaxi,WSJ
2026-03-08,AMZN,AWS slows amid cloud demand,Financial Times
2026-03-08,AMZN,Amazon climb Prime expansion,Reuters
2026-03-09,AAPL,Apple faces regulatory scrutiny in supply chain,Reuters
2026-03-09,AAPL,iPhone 17 Pro boosts sales,Bloomberg
2026-03-09,TSLA,Elon Musk announces Tesla robotaxi,Financial Times
2026-03-09,TSLA,Tesla milestone in battery tech,Reuters
2026-03-09,AMZN,Amazon climb Prime expansion,CNBC
2026-03-09,AMZN,Amazon e-commerce faces competition,Financial Times
2026-03-10,AAPL,iPhone new chip supports sales,WSJ
2026-03-10,AAPL,Apple faces regulatory scrutiny in China market,Bloomberg
2026-03-10,TSLA,Tesla rise after product launch,WSJ
2026-03-10,TSLA,Tesla drop after supply chain issues,CNBC
2026-03-10,AMZN,Amazon dip Prime expansion,Reuters
2026-03-10,AMZN,Amazon e-commerce leads competition,Bloomberg
2026-03-11,AAPL,iPhone 16 launch boosts sales,WSJ
2026-03-11,AAPL,Apple shares climb as analyst upgrade,Financial Times
2026-03-11,TSLA,Tesla breakthrough in battery tech,Financial Times
2026-03-11,TSLA,Tesla climb after analyst upgrade,Bloomberg
2026-03-11,AMZN,Amazon rise logistics expansion,Reuters
2026-03-11,AMZN,Prime membership supports revenue,Reuters
2026-03-12,AAPL,Apple faces competition pressure in services,WSJ
2026-03-12,AAPL,iPhone 17 Pro supports sales,CNBC
2026-03-12,TSLA,Tesla climb after product launch,Reuters
2026-03-12,TSLA,Tesla breakthrough in battery tech,Financial Times
2026-03-12,AMZN,Amazon surge Prime expansion,CNBC
2026-03-12,AMZN,Amazon dip delivery expansion,Financial Times
2026-03-13,AAPL,Apple faces regulatory scrutiny in supply chain,WSJ
2026-03-13,AAPL,Mac drives Apple growth,Reuters
2026-03-13,TSLA,Tesla Autopilot progress raises questions,Reuters
2026-03-13,TSLA,Tesla Autopilot progress raises questions,Financial Times
2026-03-13,AMZN,Amazon fall delivery expansion,Financial Times
2026-03-13,AMZN,Amazon invests in logistics,Reuters
2026-03-14,AAPL,Apple shares climb as supply chain issues,WSJ
2026-03-14,AAPL,Analysts downgrade Apple earnings,CNBC
2026-03-14,TSLA,Tesla Autopilot progress raises questions,Reuters
2026-03-14,TSLA,EV market growth favors for Tesla,WSJ
2026-03-14,AMZN,Amazon e-commerce faces competition,Reuters
2026-03-14,AMZN,Prime membership boosts revenue,Reuters
2026-03-15,AAPL,iPhone 16 launch supports sales,Financial Times
2026-03-15,AAPL,Apple faces competition pressure in supply chain,Financial Times
2026-03-15,TSLA,Tesla milestone in battery tech,Reuters
2026-03-15,TSLA,Elon Musk announces Tesla robotaxi,WSJ
2026-03-15,AMZN,Prime membership hurts revenue,Reuters
2026-03-15,AMZN,Prime membership hurts revenue,Bloomberg
2026-03-16,AAPL,Analysts raise targets for Apple stock,Reuters
2026-03-16,AAPL,Apple shares rise as supply chain issues,Bloomberg
2026-03-16,TSLA,EV market growth favors for Tesla,CNBC
2026-03-16,TSLA,Tesla milestone in battery tech,Bloomberg
2026-03-16,AMZN,Amazon rise Prime expansion,Reuters
2026-03-16,AMZN,Prime membership supports revenue,Reuters
2026-03-17,AAPL,iPhone new chip supports sales,Bloomberg
2026-03-17,AAPL,Analysts raise targets for Apple earnings,WSJ
2026-03-17,TSLA,Tesla dip after supply chain issues,Financial Times
2026-03-17,TSLA,Tesla milestone in battery tech,Bloomberg
2026-03-17,AMZN,Amazon e-commerce faces competition,WSJ
2026-03-17,AMZN,Amazon invests in AI,CNBC
2026-03-18,AAPL,Apple shares dip as earnings beat,Financial Times
2026-03-18,AAPL,Analysts raise targets for Apple stock,Reuters
2026-03-18,TSLA,Tesla Autopilot scrutiny raises questions,Reuters
2026-03-18,TSLA,EV market slowdown hits for Tesla,WSJ
2026-03-18,AMZN,Amazon drop logistics expansion,Bloomberg
2026-03-18,AMZN,AWS slows amid cloud demand,Bloomberg
2026-03-19,AAPL,Apple shares drop as earnings beat,WSJ
2026-03-19,AAPL,Apple faces regulatory scrutiny in supply chain,Bloomberg
2026-03-19,TSLA,Tesla Autopilot progress raises questions,Financial Times
2026-03-19,TSLA,Tesla rise after analyst upgrade,Financial Times
2026-03-19,AMZN,Amazon e-commerce faces competition,CNBC
2026-03-19,AMZN,Amazon invests in healthcare,Reuters
2026-03-20,AAPL,Apple faces competition pressure in supply chain,Bloomberg
2026-03-20,AAPL,Analysts downgrade Apple stock,Financial Times
2026-03-20,TSLA,Tesla milestone in battery tech,CNBC
2026-03-20,TSLA,Elon Musk announces Tesla robotaxi,CNBC
2026-03-20,AMZN,Amazon invests in healthcare,Bloomberg
2026-03-20,AMZN,Prime membership boosts revenue,WSJ
2026-03-21,AAPL,Analysts downgrade Apple earnings,WSJ
2026-03-21,AAPL,Analysts raise targets for Apple vision pro,CNBC
2026-03-21,TSLA,Tesla breakthrough in battery tech,Bloomberg
2026-03-21,TSLA,Tesla milestone in battery tech,Bloomberg
2026-03-21,AMZN,Prime membership boosts revenue,WSJ
2026-03-21,AMZN,Amazon invests in AI,WSJ
2026-03-22,AAPL,iPhone 17 Pro supports sales,Reuters
2026-03-22,AAPL,iPad drives Apple growth,Financial Times
2026-03-22,TSLA,Elon Musk announces Tesla expansion,WSJ
2026-03-22,TSLA,Elon Musk announces Tesla expansion,WSJ
2026-03-22,AMZN,Amazon e-commerce leads competition,Financial Times
2026-03-22,AMZN,Prime membership hurts revenue,WSJ
2026-03-23,AAPL,iPhone new chip boosts sales,CNBC
2026-03-23,AAPL,Apple shares dip as analyst upgrade,Reuters
2026-03-23,TSLA,Elon Musk announces Tesla robotaxi,Reuters
2026-03-23,TSLA,Tesla milestone in battery tech,Bloomberg
2026-03-23,AMZN,Amazon rise Prime expansion,CNBC
2026-03-23,AMZN,AWS slows amid cloud demand,CNBC
2026-03-24,AAPL,iPad drives Apple growth,Financial Times
2026-03-24,AAPL,Apple shares rise as product launch,Bloomberg
2026-03-24,TSLA,EV market growth favors for Tesla,Financial Times
2026-03-24,TSLA,Tesla Autopilot scrutiny raises questions,CNBC
2026-03-24,AMZN,AWS slows amid cloud demand,CNBC
2026-03-24,AMZN,Amazon invests in AI,Bloomberg
2026-03-25,AAPL,Analysts downgrade Apple earnings,CNBC
2026-03-25,AAPL,Apple shares climb as earnings beat,WSJ
2026-03-25,TSLA,Tesla fall after analyst upgrade,CNBC
2026-03-25,TSLA,Elon Musk announces Tesla expansion,Reuters
2026-03-25,AMZN,Amazon invests in healthcare,WSJ
2026-03-25,AMZN,Amazon invests in healthcare,WSJ
2026-03-26,AAPL,Apple faces regulatory scrutiny in China market,Bloomberg
2026-03-26,AAPL,iPhone 17 Pro boosts sales,Financial Times
2026-03-26,TSLA,EV market slowdown hits for Tesla,WSJ
2026-03-26,TSLA,Tesla surge after supply chain issues,Reuters
2026-03-26,AMZN,Amazon invests in logistics,Financial Times
2026-03-26,AMZN,Amazon invests in healthcare,Financial Times
2026-03-27,AAPL,Apple faces competition pressure in China market,WSJ
2026-03-27,AAPL,Apple faces regulatory scrutiny in services,Bloomberg
2026-03-27,TSLA,Elon Musk announces Tesla robotaxi,Bloomberg
2026-03-27,TSLA,Tesla breakthrough in battery tech,Reuters
2026-03-27,AMZN,Amazon climb Prime expansion,WSJ
2026-03-27,AMZN,Amazon climb logistics expansion,Bloomberg
2026-03-28,AAPL,Analysts downgrade Apple vision pro,CNBC
2026-03-28,AAPL,Mac drives Apple growth,WSJ
2026-03-28,TSLA,Tesla milestone in battery tech,WSJ
2026-03-28,TSLA,Elon Musk announces Tesla expansion,Financial Times
2026-03-28,AMZN,Amazon invests in logistics,Financial Times
2026-03-28,AMZN,AWS accelerates amid cloud demand,Bloomberg
2026-03-29,AAPL,Apple faces competition pressure in China market,Reuters
2026-03-29,AAPL,Analysts downgrade Apple stock,Financial Times
2026-03-29,TSLA,Tesla drop after supply chain issues,Financial Times
2026-03-29,TSLA,Elon Musk announces Tesla robotaxi,Reuters
2026-03-29,AMZN,Prime membership boosts revenue,Bloomberg
2026-03-29,AMZN,Amazon drop Prime expansion,CNBC
2026-03-30,AAPL,Apple faces regulatory scrutiny in supply chain,Financial Times
2026-03-30,AAPL,Analysts downgrade Apple stock,Bloomberg
2026-03-30,TSLA,Elon Musk announces Tesla robotaxi,Bloomberg
2026-03-30,TSLA,Tesla Autopilot scrutiny raises questions,CNBC
2026-03-30,AMZN,Amazon e-commerce faces competition,CNBC
2026-03-30,AMZN,Amazon e-commerce leads competition,Bloomberg
2026-03-31,AAPL,Mac drives Apple growth,Bloomberg
2026-03-31,AAPL,Apple shares drop as earnings beat,CNBC
2026-03-31,TSLA,EV market growth favors for Tesla,CNBC
2026-03-31,TSLA,EV market slowdown hits for Tesla,Reuters
2026-03-31,AMZN,Amazon e-commerce faces competition,WSJ
2026-03-31,AMZN,Amazon surge logistics expansion,CNBC
2026-04-01,AAPL,Apple faces regulatory scrutiny in supply chain,Reuters
2026-04-01,AAPL,Apple shares drop as product launch,Financial Times
2026-04-01,TSLA,EV market slowdown hits for Tesla,WSJ
2026-04-01,TSLA,EV market slowdown hits for Tesla,Bloomberg
2026-04-01,AMZN,Amazon invests in logistics,Reuters
2026-04-01,AMZN,Prime membership hurts revenue,Reuters
2026-04-02,AAPL,iPhone new chip hurts sales,CNBC
2026-04-02,AAPL,iPhone 17 Pro hurts sales,Bloomberg
2026-04-02,TSLA,Tesla Autopilot scrutiny raises questions,CNBC
2026-04-02,TSLA,Tesla breakthrough in battery tech,CNBC
2026-04-02,AMZN,Amazon e-commerce leads competition,Financial Times
2026-04-02,AMZN,Prime membership boosts revenue,Reuters
2026-04-03,AAPL,iPhone new chip supports sales,CNBC
2026-04-03,AAPL,iPhone 16 launch boosts sales,Financial Times
2026-04-03,TSLA,Elon Musk announces Tesla expansion,CNBC
2026-04-03,TSLA,Tesla dip after product launch,Bloomberg
2026-04-03,AMZN,Amazon e-commerce leads competition,Reuters
2026-04-03,AMZN,Amazon invests in healthcare,CNBC
2026-04-04,AAPL,Mac drives Apple growth,CNBC
2026-04-04,AAPL,iPad drives Apple growth,Bloomberg
2026-04-04,TSLA,EV market slowdown hits for Tesla,Financial Times
2026-04-04,TSLA,EV market growth favors for Tesla,Financial Times
2026-04-04,AMZN,AWS slows amid cloud demand,Bloomberg
2026-04-04,AMZN,Amazon e-commerce faces competition,Reuters
2026-04-05,AAPL,Apple shares dip as analyst upgrade,Financial Times
2026-04-05,AAPL,Services drives Apple growth,CNBC
2026-04-05,TSLA,EV market growth favors for Tesla,Reuters
2026-04-05,TSLA,Tesla milestone in battery tech,CNBC
2026-04-05,AMZN,Amazon e-commerce leads competition,CNBC
2026-04-05,AMZN,Amazon e-commerce leads competition,WSJ
2026-04-06,AAPL,Apple faces competition pressure in supply chain,CNBC
2026-04-06,AAPL,Mac drives Apple growth,Bloomberg
2026-04-06,TSLA,Elon Musk announces Tesla expansion,Reuters
2026-04-06,TSLA,Elon Musk announces Tesla expansion,Bloomberg
2026-04-06,AMZN,Amazon e-commerce leads competition,Financial Times
2026-04-06,AMZN,Amazon e-commerce leads competition,Bloomberg
2026-04-07,AAPL,Analysts downgrade Apple earnings,Reuters
2026-04-07,AAPL,Apple shares dip as earnings beat,Financial Times
2026-04-07,TSLA,EV market slowdown hits for Tesla,Financial Times
2026-04-07,TSLA,EV market growth favors for Tesla,Financial Times
2026-04-07,AMZN,Amazon e-commerce leads competition,Financial Times
2026-04-07,AMZN,Amazon invests in logistics,Bloomberg
2026-04-08,AAPL,iPhone new chip boosts sales,CNBC
2026-04-08,AAPL,Apple shares drop as analyst upgrade,Reuters
2026-04-08,TSLA,Tesla milestone in battery tech,Financial Times
2026-04-08,TSLA,EV market growth favors for Tesla,Bloomberg
2026-04-08,AMZN,AWS accelerates amid cloud demand,WSJ
2026-04-08,AMZN,Prime membership hurts revenue,Financial Times
2026-04-09,AAPL,iPad drives Apple growth,Financial Times
2026-04-09,AAPL,Apple faces competition pressure in China market,Bloomberg
2026-04-09,TSLA,Tesla dip after analyst upgrade,Bloomberg
2026-04-09,TSLA,Tesla Autopilot scrutiny raises questions,Reuters
2026-04-09,AMZN,AWS accelerates amid cloud demand,Financial Times
2026-04-09,AMZN,Amazon rise logistics expansion,WSJ
2026-04-10,AAPL,Services drives Apple growth,Financial Times
2026-04-10,AAPL,Apple faces regulatory scrutiny in supply chain,CNBC
2026-04-10,TSLA,EV market slowdown hits for Tesla,CNBC
2026-04-10,TSLA,Tesla fall after earnings beat,Financial Times
2026-04-10,AMZN,Amazon invests in AI,WSJ
2026-04-10,AMZN,Amazon e-commerce faces competition,CNBC
2026-04-11,AAPL,iPhone new chip supports sales,Financial Times
2026-04-11,AAPL,Apple faces competition pressure in services,Bloomberg
2026-04-11,TSLA,Tesla breakthrough in battery tech,Bloomberg
2026-04-11,TSLA,Tesla rise after analyst upgrade,CNBC
2026-04-11,AMZN,Amazon invests in healthcare,WSJ
2026-04-11,AMZN,AWS slows amid cloud demand,WSJ
2026-04-12,AAPL,iPad drives Apple growth,Bloomberg
2026-04-12,AAPL,Analysts downgrade Apple vision pro,Bloomberg
2026-04-12,TSLA,EV market growth favors for Tesla,Bloomberg
2026-04-12,TSLA,Tesla fall after earnings beat,Reuters
2026-04-12,AMZN,AWS accelerates amid cloud demand,WSJ
2026-04-12,AMZN,Amazon climb Prime expansion,Reuters
2026-04-13,AAPL,Analysts downgrade Apple stock,Bloomberg
2026-04-13,AAPL,Services drives Apple growth,WSJ
2026-04-13,TSLA,Elon Musk announces Tesla expansion,Reuters
2026-04-13,TSLA,EV market slowdown hits for Tesla,CNBC
2026-04-13,AMZN,Prime membership hurts revenue,WSJ
2026-04-13,AMZN,AWS accelerates amid cloud demand,CNBC
2026-04-14,AAPL,Mac drives Apple growth,WSJ
2026-04-14,AAPL,Services drives Apple growth,Financial Times
2026-04-14,TSLA,Elon Musk announces Tesla expansion,CNBC
2026-04-14,TSLA,Tesla milestone in battery tech,Bloomberg
2026-04-14,AMZN,Amazon fall delivery expansion,Bloomberg
2026-04-14,AMZN,Prime membership hurts revenue,WSJ
2026-04-15,AAPL,iPad drives Apple growth,WSJ
2026-04-15,AAPL,Mac drives Apple growth,Bloomberg
2026-04-15,TSLA,EV market slowdown hits for Tesla,CNBC
2026-04-15,TSLA,Tesla fall after earnings beat,CNBC
2026-04-15,AMZN,AWS slows amid cloud demand,WSJ
2026-04-15,AMZN,Prime membership hurts revenue,Bloomberg
2026-04-16,AAPL,iPhone new chip supports sales,Bloomberg
2026-04-16,AAPL,iPad drives Apple growth,WSJ
2026-04-16,TSLA,Tesla Autopilot progress raises questions,Bloomberg
2026-04-16,TSLA,Elon Musk announces Tesla expansion,Financial Times
2026-04-16,AMZN,Prime membership hurts revenue,Reuters
2026-04-16,AMZN,AWS accelerates amid cloud demand,WSJ
2026-04-17,AAPL,Apple shares dip as supply chain issues,Bloomberg
2026-04-17,AAPL,Apple faces competition pressure in China market,Financial Times
2026-04-17,TSLA,Tesla dip after product launch,Bloomberg
2026-04-17,TSLA,Tesla Autopilot scrutiny raises questions,WSJ
2026-04-17,AMZN,Prime membership boosts revenue,Bloomberg
2026-04-17,AMZN,Amazon surge Prime expansion,Financial Times
2026-04-18,AAPL,Analysts raise targets for Apple stock,Reuters
2026-04-18,AAPL,iPhone 16 launch supports sales,Financial Times
2026-04-18,TSLA,Tesla Autopilot scrutiny raises questions,Financial Times
2026-04-18,TSLA,Tesla fall after supply chain issues,CNBC
2026-04-18,AMZN,Amazon invests in AI,Reuters
2026-04-18,AMZN,Amazon fall delivery expansion,Financial Times
2026-04-19,AAPL,iPhone 16 launch supports sales,WSJ
2026-04-19,AAPL,Apple shares surge as analyst upgrade,Financial Times
2026-04-19,TSLA,Elon Musk announces Tesla robotaxi,Bloomberg
2026-04-19,TSLA,Tesla Autopilot scrutiny raises questions,CNBC
2026-04-19,AMZN,Amazon invests in healthcare,Bloomberg
2026-04-19,AMZN,Amazon fall Prime expansion,WSJ
2026-04-20,AAPL,Analysts raise targets for Apple earnings,CNBC
2026-04-20,AAPL,Apple faces regulatory scrutiny in China market,Bloomberg
2026-04-20,TSLA,Tesla Autopilot scrutiny raises questions,WSJ
2026-04-20,TSLA,Tesla breakthrough in battery tech,CNBC
2026-04-20,AMZN,Amazon fall delivery expansion,CNBC
2026-04-20,AMZN,Prime membership boosts revenue,Financial Times
2026-04-21,AAPL,Apple shares climb as analyst upgrade,Bloomberg
2026-04-21,AAPL,Mac drives Apple growth,Reuters
2026-04-21,TSLA,Elon Musk announces Tesla robotaxi,CNBC
2026-04-21,TSLA,Tesla breakthrough in battery tech,Bloomberg
2026-04-21,AMZN,Prime membership hurts revenue,CNBC
2026-04-21,AMZN,Amazon e-commerce leads competition,Financial Times
2026-04-22,AAPL,Analysts raise targets for Apple earnings,WSJ
2026-04-22,AAPL,iPad drives Apple growth,Financial Times
2026-04-22,TSLA,EV market slowdown hits for Tesla,Financial Times
2026-04-22,TSLA,Tesla fall after analyst upgrade,CNBC
2026-04-22,AMZN,Amazon drop delivery expansion,Financial Times
2026-04-22,AMZN,Prime membership supports revenue,CNBC
2026-04-23,AAPL,iPhone 17 Pro boosts sales,Financial Times
2026-04-23,AAPL,Apple faces competition pressure in supply chain,Financial Times
2026-04-23,TSLA,Tesla Autopilot progress raises questions,Financial Times
2026-04-23,TSLA,Tesla Autopilot scrutiny raises questions,Financial Times
2026-04-23,AMZN,Amazon e-commerce faces competition,WSJ
2026-04-23,AMZN,Amazon drop delivery expansion,WSJ
2026-04-24,AAPL,Analysts raise targets for Apple stock,Financial Times
2026-04-24,AAPL,Mac drives Apple growth,Financial Times
2026-04-24,TSLA,Tesla milestone in battery tech,Financial Times
2026-04-24,TSLA,EV market growth favors for Tesla,Reuters
2026-04-24,AMZN,Amazon e-commerce leads competition,Financial Times
2026-04-24,AMZN,Amazon drop logistics expansion,WSJ
2026-04-25,AAPL,Apple shares dip as supply chain issues,Reuters
2026-04-25,AAPL,Apple faces regulatory scrutiny in supply chain,CNBC
2026-04-25,TSLA,Tesla Autopilot scrutiny raises questions,Reuters
2026-04-25,TSLA,Tesla Autopilot progress raises questions,Bloomberg
2026-04-25,AMZN,Amazon invests in AI,Reuters
2026-04-25,AMZN,Amazon invests in healthcare,Bloomberg
2026-04-26,AAPL,iPhone 17 Pro boosts sales,CNBC
2026-04-26,AAPL,iPad drives Apple growth,Bloomberg
2026-04-26,TSLA,Elon Musk announces Tesla expansion,Bloomberg
2026-04-26,TSLA,Tesla rise after analyst upgrade,Bloomberg
2026-04-26,AMZN,Amazon e-commerce leads competition,Financial Times
2026-04-26,AMZN,Prime membership hurts revenue,Bloomberg
2026-04-27,AAPL,Apple faces competition pressure in supply chain,Financial Times
2026-04-27,AAPL,Apple shares drop as supply chain issues,WSJ
2026-04-27,TSLA,Tesla milestone in battery tech,WSJ
2026-04-27,TSLA,Tesla surge after supply chain issues,Bloomberg
2026-04-27,AMZN,Amazon e-commerce leads competition,Bloomberg
2026-04-27,AMZN,Amazon invests in AI,Bloomberg
2026-04-28,AAPL,Apple shares climb as earnings beat,Reuters
2026-04-28,AAPL,iPhone 17 Pro boosts sales,Bloomberg
2026-04-28,TSLA,Elon Musk announces Tesla robotaxi,Reuters
2026-04-28,TSLA,Elon Musk announces Tesla expansion,CNBC
2026-04-28,AMZN,Prime membership hurts revenue,CNBC
2026-04-28,AMZN,Prime membership supports revenue,Bloomberg
2026-04-29,AAPL,Analysts downgrade Apple stock,CNBC
2026-04-29,AAPL,Apple faces regulatory scrutiny in China market,Bloomberg
2026-04-29,TSLA,Tesla dip after product launch,Financial Times
2026-04-29,TSLA,EV market slowdown hits for Tesla,Financial Times
2026-04-29,AMZN,Prime membership boosts revenue,Bloomberg
2026-04-29,AMZN,Amazon climb delivery expansion,Financial Times
2026-04-30,AAPL,Apple shares climb as product launch,Reuters
2026-04-30,AAPL,iPhone new chip supports sales,Bloomberg
2026-04-30,TSLA,Tesla Autopilot scrutiny raises questions,WSJ
2026-04-30,TSLA,Tesla milestone in battery tech,Financial Times
2026-04-30,AMZN,Amazon e-commerce leads competition,Bloomberg
2026-04-30,AMZN,AWS accelerates amid cloud demand,Bloomberg
2026-05-01,AAPL,Apple faces regulatory scrutiny in supply chain,Reuters
2026-05-01,AAPL,Analysts raise targets for Apple stock,Reuters
2026-05-01,TSLA,Tesla climb after earnings beat,CNBC
2026-05-01,TSLA,Tesla surge after supply chain issues,Bloomberg
2026-05-01,AMZN,Prime membership supports revenue,WSJ
2026-05-01,AMZN,AWS accelerates amid cloud demand,Reuters
2026-05-02,AAPL,iPad drives Apple growth,WSJ
2026-05-02,AAPL,iPad drives Apple growth,Reuters
2026-05-02,TSLA,Tesla climb after product launch,Bloomberg
2026-05-02,TSLA,Tesla surge after earnings beat,CNBC
2026-05-02,AMZN,Amazon e-commerce leads competition,Bloomberg
2026-05-02,AMZN,Prime membership supports revenue,Financial Times
2026-05-03,AAPL,Analysts downgrade Apple stock,CNBC
2026-05-03,AAPL,Apple faces regulatory scrutiny in supply chain,WSJ
2026-05-03,TSLA,Tesla breakthrough in battery tech,Financial Times
2026-05-03,TSLA,Tesla Autopilot progress raises questions,Financial Times
2026-05-03,AMZN,AWS slows amid cloud demand,Reuters
2026-05-03,AMZN,Amazon e-commerce leads competition,Financial Times
2026-05-04,AAPL,Services drives Apple growth,Bloomberg
2026-05-04,AAPL,iPhone 17 Pro hurts sales,Reuters
2026-05-04,TSLA,EV market growth favors for Tesla,Bloomberg
2026-05-04,TSLA,EV market slowdown hits for Tesla,Reuters
2026-05-04,AMZN,Amazon invests in logistics,Bloomberg
2026-05-04,AMZN,Amazon e-commerce faces competition,WSJ
2026-05-05,AAPL,Apple faces regulatory scrutiny in services,Reuters
2026-05-05,AAPL,iPad drives Apple growth,Reuters
2026-05-05,TSLA,Elon Musk announces Tesla expansion,Financial Times
2026-05-05,TSLA,Elon Musk announces Tesla robotaxi,Financial Times
2026-05-05,AMZN,Amazon e-commerce leads competition,Financial Times
2026-05-05,AMZN,AWS slows amid cloud demand,Reuters
2026-05-06,AAPL,Services drives Apple growth,Reuters
2026-05-06,AAPL,Mac drives Apple growth,CNBC
2026-05-06,TSLA,Tesla milestone in battery tech,Reuters
2026-05-06,TSLA,Elon Musk announces Tesla expansion,Bloomberg
2026-05-06,AMZN,AWS slows amid cloud demand,Bloomberg
2026-05-06,AMZN,AWS accelerates amid cloud demand,WSJ
2026-05-07,AAPL,Analysts downgrade Apple stock,CNBC
2026-05-07,AAPL,Mac drives Apple growth,Financial Times
2026-05-07,TSLA,Tesla Autopilot scrutiny raises questions,WSJ
2026-05-07,TSLA,Tesla rise after product launch,CNBC
2026-05-07,AMZN,Amazon e-commerce faces competition,Reuters
2026-05-07,AMZN,Amazon surge delivery expansion,CNBC
2026-05-08,AAPL,Mac drives Apple growth,Financial Times
2026-05-08,AAPL,Analysts raise targets for Apple vision pro,CNBC
2026-05-08,TSLA,Elon Musk announces Tesla robotaxi,Reuters
2026-05-08,TSLA,EV market slowdown hits for Tesla,Bloomberg
2026-05-08,AMZN,Amazon invests in logistics,Reuters
2026-05-08,AMZN,Amazon rise Prime expansion,Reuters
2026-05-09,AAPL,iPhone 17 Pro boosts sales,Reuters
2026-05-09,AAPL,Services drives Apple growth,Reuters
2026-05-09,TSLA,Tesla Autopilot progress raises questions,Financial Times
2026-05-09,TSLA,Elon Musk announces Tesla expansion,WSJ
2026-05-09,AMZN,Prime membership supports revenue,CNBC
2026-05-09,AMZN,Prime membership supports revenue,Financial Times
2026-05-10,AAPL,Apple faces competition pressure in supply chain,CNBC
2026-05-10,AAPL,iPhone new chip hurts sales,Reuters
2026-05-10,TSLA,Tesla dip after supply chain issues,CNBC
2026-05-10,TSLA,Tesla climb after supply chain issues,WSJ
2026-05-10,AMZN,Prime membership boosts revenue,Reuters
2026-05-10,AMZN,Amazon e-commerce leads competition,Financial Times
2026-05-11,AAPL,Apple shares dip as analyst upgrade,CNBC
2026-05-11,AAPL,Mac drives Apple growth,WSJ
2026-05-11,TSLA,Elon Musk announces Tesla robotaxi,Bloomberg
2026-05-11,TSLA,Tesla Autopilot scrutiny raises questions,Reuters
2026-05-11,AMZN,Amazon climb delivery expansion,CNBC
2026-05-11,AMZN,Amazon invests in AI,Financial Times
2026-05-12,AAPL,iPhone new chip hurts sales,CNBC
2026-05-12,AAPL,iPhone 17 Pro supports sales,Financial Times
2026-05-12,TSLA,Tesla surge after supply chain issues,WSJ
2026-05-12,TSLA,Tesla Autopilot scrutiny raises questions,Reuters
2026-05-12,AMZN,Amazon invests in AI,Financial Times
2026-05-12,AMZN,Amazon drop delivery expansion,Financial Times
2026-05-13,AAPL,Apple shares surge as analyst upgrade,Financial Times
2026-05-13,AAPL,Apple faces regulatory scrutiny in China market,Bloomberg
2026-05-13,TSLA,Tesla drop after analyst upgrade,CNBC
2026-05-13,TSLA,Elon Musk announces Tesla expansion,Financial Times
2026-05-13,AMZN,Amazon surge delivery expansion,WSJ
2026-05-13,AMZN,Amazon rise logistics expansion,Financial Times
2026-05-14,AAPL,Mac drives Apple growth,Bloomberg
2026-05-14,AAPL,Analysts raise targets for Apple vision pro,Financial Times
2026-05-14,TSLA,Tesla fall after earnings beat,CNBC
2026-05-14,TSLA,Tesla Autopilot scrutiny raises questions,WSJ
2026-05-14,AMZN,Amazon invests in healthcare,Financial Times
2026-05-14,AMZN,AWS slows amid cloud demand,Bloomberg
2026-05-15,AAPL,Apple faces competition pressure in supply chain,WSJ
2026-05-15,AAPL,Mac drives Apple growth,Bloomberg
2026-05-15,TSLA,EV market slowdown hits for Tesla,Reuters
2026-05-15,TSLA,Tesla fall after analyst upgrade,Bloomberg
2026-05-15,AMZN,Amazon invests in AI,Financial Times
2026-05-15,AMZN,AWS accelerates amid cloud demand,WSJ
2026-05-16,AAPL,Analysts downgrade Apple vision pro,WSJ
2026-05-16,AAPL,Analysts downgrade Apple earnings,WSJ
2026-05-16,TSLA,Tesla rise after supply chain issues,Financial Times
2026-05-16,TSLA,Tesla Autopilot progress raises questions,CNBC
2026-05-16,AMZN,Amazon fall delivery expansion,WSJ
2026-05-16,AMZN,AWS accelerates amid cloud demand,Reuters
2026-05-17,AAPL,Mac drives Apple growth,Bloomberg
2026-05-17,AAPL,Apple shares climb as supply chain issues,WSJ
2026-05-17,TSLA,EV market growth favors for Tesla,WSJ
2026-05-17,TSLA,Tesla dip after analyst upgrade,Bloomberg
2026-05-17,AMZN,Amazon surge delivery expansion,Reuters
2026-05-17,AMZN,AWS accelerates amid cloud demand,Reuters
2026-05-18,AAPL,Apple shares climb as supply chain issues,CNBC
2026-05-18,AAPL,Apple faces regulatory scrutiny in services,Financial Times
2026-05-18,TSLA,Elon Musk announces Tesla expansion,Bloomberg
2026-05-18,TSLA,Tesla breakthrough in battery tech,Bloomberg
2026-05-18,AMZN,Prime membership boosts revenue,Financial Times
2026-05-18,AMZN,Amazon invests in logistics,Reuters
