headline,label,label_name,source
$ALLY - Ally Financial pulls outlook https://t.co/G9Zdi1boy5,0,negative,zeroshot/twitter-financial-news-sentiment (MIT)
"$DELL $HPE - Dell, HPE targets trimmed on compute headwinds https://t.co/YRUHZw7cYl",0,negative,zeroshot/twitter-financial-news-sentiment (MIT)
$PRTY - Moody's turns negative on Party City https://t.co/MBD5TFGC4P,0,negative,zeroshot/twitter-financial-news-sentiment (MIT)
$SAN: Deutsche Bank cuts to Hold,0,negative,zeroshot/twitter-financial-news-sentiment (MIT)
$SITC: Compass Point cuts to Sell,0,negative,zeroshot/twitter-financial-news-sentiment (MIT)
$TAP - Barclays cools on Molson Coors https://t.co/FJFsZWJHuH,0,negative,zeroshot/twitter-financial-news-sentiment (MIT)
$TAP: Barclays cuts to Equal Weight,0,negative,zeroshot/twitter-financial-news-sentiment (MIT)
"Analysts Eviscerate Musk's Cybertruck: ""0% Of Responses Felt It Will Be A Success"" https://t.co/2NTzeZea4G",0,negative,zeroshot/twitter-financial-news-sentiment (MIT)
Barclays assigns only a 20% chance that studies on a Gilead antiviral drug being done in China will succeed against… https://t.co/lIgDhy1Gli,0,negative,zeroshot/twitter-financial-news-sentiment (MIT)
BTIG points to breakfast pressure for Dunkin' Brands,0,negative,zeroshot/twitter-financial-news-sentiment (MIT)
"Children's Place downgraded to neutral from outperform at Wedbush, price target slashed to $60 from $130",0,negative,zeroshot/twitter-financial-news-sentiment (MIT)
Clovis Oncology downgraded to in line from outperform at Evercore ISI,0,negative,zeroshot/twitter-financial-news-sentiment (MIT)
Downgrades 4/7: $AAN $BDN $BECN $BTE $CDEV $CHK $COOP $CPE $CVA $DAN $DOC $DRH $EPR $ESRT $ETM $FAST $FBM $GM $GMS… https://t.co/CMXD50oQxI,0,negative,zeroshot/twitter-financial-news-sentiment (MIT)
Goldman pulls Progressive from Goldman's conviction list; shares -2.7%,0,negative,zeroshot/twitter-financial-news-sentiment (MIT)
Hanesbrands downgraded to underperform vs. neutral at BofA Merrill Lynch,0,negative,zeroshot/twitter-financial-news-sentiment (MIT)
Intelsat cut to Market Perform at Raymond James,0,negative,zeroshot/twitter-financial-news-sentiment (MIT)
LendingTree price target cut to $350 from $400 at SunTrust Robinson Humphrey,0,negative,zeroshot/twitter-financial-news-sentiment (MIT)
Mizuho cuts XLNX target on near-term headwinds,0,negative,zeroshot/twitter-financial-news-sentiment (MIT)
MPLX cut at Credit Suisse on potential dilution from Marathon strategic review,0,negative,zeroshot/twitter-financial-news-sentiment (MIT)
Netflix downgraded to underperform at Wells Fargo,0,negative,zeroshot/twitter-financial-news-sentiment (MIT)
NortonLifeLock stock price target cut to $18 from $25 at Deutsche Bank,0,negative,zeroshot/twitter-financial-news-sentiment (MIT)
Norwegian Cruise stock price target cut to $48 from $55 at CFRA,0,negative,zeroshot/twitter-financial-news-sentiment (MIT)
Novus Therapeutics stock price target cut to $2.50 from $3.75 at Ascendiant Capital,0,negative,zeroshot/twitter-financial-news-sentiment (MIT)
Nutrien stock price target cut to $54 vs. $55 at BofA Merrill Lynch,0,negative,zeroshot/twitter-financial-news-sentiment (MIT)
Okta -2% on valuation downgrade,0,negative,zeroshot/twitter-financial-news-sentiment (MIT)
Solarworlds stock price target cut to $23 vs. $24 at Instinet,0,negative,zeroshot/twitter-financial-news-sentiment (MIT)
Trendforce cuts iPhone estimate after Foxconn delay,0,negative,zeroshot/twitter-financial-news-sentiment (MIT)
"Wayfair price target lowered to $110 from $120 at Stifel, buy rating maintained",0,negative,zeroshot/twitter-financial-news-sentiment (MIT)
WWE stock price target cut to $58 from $92 at MKM Partners,0,negative,zeroshot/twitter-financial-news-sentiment (MIT)
"$ABEO as expected, keeps going higher. Cantor doubled its price target this morning to $4",2,positive,zeroshot/twitter-financial-news-sentiment (MIT)
$CACI - CACI gains a bull on growth acceleration https://t.co/VSXcxKpgly,2,positive,zeroshot/twitter-financial-news-sentiment (MIT)
$CNHI - CNH Industrial upped to Buy at Deutsche Bank on valuation https://t.co/w8VWmkTwAb,2,positive,zeroshot/twitter-financial-news-sentiment (MIT)
"$DVN $HES $VET - Devon Energy, Hess upgraded at J.P. Morgan on improved E&P outlook https://t.co/ULkUan1Vkq",2,positive,zeroshot/twitter-financial-news-sentiment (MIT)
$ENR - Energizer shakes off JPMorgan's bear call https://t.co/w83qnp2ni5,2,positive,zeroshot/twitter-financial-news-sentiment (MIT)
$GOOS - Baird bullish on beat-up Canada Goose https://t.co/lMwTKDcG5R,2,positive,zeroshot/twitter-financial-news-sentiment (MIT)
$NKE - BMO Capital joins Nike bull camp https://t.co/diInCmHUi5,2,positive,zeroshot/twitter-financial-news-sentiment (MIT)
"$OIH $BKR $NOV - Buy oil service firms, Bernstein says after seven-year bearish view https://t.co/FFUM7WlJIZ",2,positive,zeroshot/twitter-financial-news-sentiment (MIT)
$SMPQY $HSIC $XRAY - Goldman ups view on Henry Schein in premarket analyst action https://t.co/ZjKejttior,2,positive,zeroshot/twitter-financial-news-sentiment (MIT)
$STML: Alliance Global Partners starts at Buy https://t.co/MCyfTsXc2N,2,positive,zeroshot/twitter-financial-news-sentiment (MIT)
$URBN - Urban Outfitters stands out in mall sector - BofA https://t.co/pvig3M420p,2,positive,zeroshot/twitter-financial-news-sentiment (MIT)
$ZYME: H.C. Wainwright starts at Buy,2,positive,zeroshot/twitter-financial-news-sentiment (MIT)
Adobe price target raised to $350 vs. $320 at Canaccord,2,positive,zeroshot/twitter-financial-news-sentiment (MIT)
AM Best Revises Outlooks to Positive for Pacífico Compañía de Seguros y Reaseguros S.A. https://t.co/BGvmfeHKod https://t.co/gvtIQzMVbf,2,positive,zeroshot/twitter-financial-news-sentiment (MIT)
AMD +1.3% after Cowen's target lift,2,positive,zeroshot/twitter-financial-news-sentiment (MIT)
"Applied Materials, Inc. Reported Earnings Last Week And Analysts Are Already Upgrading Their Estimates",2,positive,zeroshot/twitter-financial-news-sentiment (MIT)
"Arch Coal rated Buy at Benchmark, seeing opportunity after selloff",2,positive,zeroshot/twitter-financial-news-sentiment (MIT)
Autodesk stock price target raised to $162 from $149 at Wedbush,2,positive,zeroshot/twitter-financial-news-sentiment (MIT)
Avnet stock price target raised to $37 vs. $35 at SunTrust Robinson Humphrey,2,positive,zeroshot/twitter-financial-news-sentiment (MIT)
Boeing started at buy with $375 stock price target at Benchmark,2,positive,zeroshot/twitter-financial-news-sentiment (MIT)
BofA sees 'solid demand backdrop' for D.R. Horton in 2020,2,positive,zeroshot/twitter-financial-news-sentiment (MIT)
Broadcom stock price target raised to $361 vs. $322 at SunTrust Robinson Humphrey,2,positive,zeroshot/twitter-financial-news-sentiment (MIT)
Cantor sees 19% upside in J&J in premarket analyst action,2,positive,zeroshot/twitter-financial-news-sentiment (MIT)
Champions Oncology started at speculative buy with $11 stock price target at Benchmark,2,positive,zeroshot/twitter-financial-news-sentiment (MIT)
Citi raises Alphabet on margin potential,2,positive,zeroshot/twitter-financial-news-sentiment (MIT)
Citigroup stock price target raised to $127 from $124 at Oppenheimer,2,positive,zeroshot/twitter-financial-news-sentiment (MIT)
"ETF assets to surge tenfold in 10 years to $50 trillion, Bank of America predicts",2,positive,zeroshot/twitter-financial-news-sentiment (MIT)
GE upgraded from Sell by longtime bear,2,positive,zeroshot/twitter-financial-news-sentiment (MIT)
Goldman Sachs stock price target raised to $367 from $358 at Oppenheimer,2,positive,zeroshot/twitter-financial-news-sentiment (MIT)
GrubHub stock price target raised to $50 from $40 at Stifel Nicolaus,2,positive,zeroshot/twitter-financial-news-sentiment (MIT)
Halliburton started at buy with $26 stock price target at Deutsche Bank,2,positive,zeroshot/twitter-financial-news-sentiment (MIT)
Helen of Troy started at outperform with $210 stock price target at Oppenheimer,2,positive,zeroshot/twitter-financial-news-sentiment (MIT)
Highlight: Edward Jones Sr. Equity Analyst Jennifer Roland on ExxonMobil reducing 2020 Capex by 30%: “Definitely a… https://t.co/dH0xlJujc1,2,positive,zeroshot/twitter-financial-news-sentiment (MIT)
Humana stock price target raised to $370 from $350 at SunTrust RH,2,positive,zeroshot/twitter-financial-news-sentiment (MIT)
JMP Securities upgrades snap to outperform with $20 pt,2,positive,zeroshot/twitter-financial-news-sentiment (MIT)
Liberty Global PLC maintained as buy with $32 price target at Benchmark,2,positive,zeroshot/twitter-financial-news-sentiment (MIT)
Lululemon Athletica price target raised to $255 from $220 at CFRA,2,positive,zeroshot/twitter-financial-news-sentiment (MIT)
Lumentum initiated as positive at Susquehanna,2,positive,zeroshot/twitter-financial-news-sentiment (MIT)
Markel Corporation Beat Analyst Estimates: See What The Consensus Is Forecasting For Next Year,2,positive,zeroshot/twitter-financial-news-sentiment (MIT)
"Mednax upgraded to buy from hold at Stifel, price target raised to $33 from $25",2,positive,zeroshot/twitter-financial-news-sentiment (MIT)
"Model N upgraded to overweight from neutral at JPMorgan, price target raised to $36 from $30",2,positive,zeroshot/twitter-financial-news-sentiment (MIT)
Morgan Stanley sees GM doubling in bull case scenario,2,positive,zeroshot/twitter-financial-news-sentiment (MIT)
Motorola Solutions stock fair value estimate raised to $192 from $167 at MKM Partners,2,positive,zeroshot/twitter-financial-news-sentiment (MIT)
New for subscribers:  Analysts continue to upgrade stocks like Tesla and eBay on hopes the rebound is for real… https://t.co/Mku8heEOR2,2,positive,zeroshot/twitter-financial-news-sentiment (MIT)
Omnicell stock price target raised to $96 vs. $90 at Benchmark,2,positive,zeroshot/twitter-financial-news-sentiment (MIT)
Peloton bulls defend the upside case,2,positive,zeroshot/twitter-financial-news-sentiment (MIT)
Piper Jaffray analyst Erinn Murphy reiterated an Overweight rating and $44.00 price target on Crocs (NASDAQ: $CROX)… https://t.co/iVlcTMWm1r,2,positive,zeroshot/twitter-financial-news-sentiment (MIT)
Progyny started at overweight with $26 stock price target at J.P. Morgan,2,positive,zeroshot/twitter-financial-news-sentiment (MIT)
Snap Analyst Projects 37% Revenue Growth In 2020,2,positive,zeroshot/twitter-financial-news-sentiment (MIT)
Spirit Airlines stock price target raised to $55 from $49 at Deutsche Bank,2,positive,zeroshot/twitter-financial-news-sentiment (MIT)
State Street stock price target raised to $84 from $73 at Buckingham,2,positive,zeroshot/twitter-financial-news-sentiment (MIT)
Stock Market Update: AMD's price target raised to $47 at Cowen,2,positive,zeroshot/twitter-financial-news-sentiment (MIT)
Synaptics stock price target raised to $76 from $60 at Susquehanna,2,positive,zeroshot/twitter-financial-news-sentiment (MIT)
TechnipFMC started at buy with $33 stock price target at Deutsche Bank,2,positive,zeroshot/twitter-financial-news-sentiment (MIT)
Tesla stock price target raised to $290 from $260 at Deutsche Bank,2,positive,zeroshot/twitter-financial-news-sentiment (MIT)
TJX stock price target raised to $70 from $62 at MKM Partners,2,positive,zeroshot/twitter-financial-news-sentiment (MIT)
Twitter upgraded to positive from neutral at Susquehanna,2,positive,zeroshot/twitter-financial-news-sentiment (MIT)
Uber stock price target raised to $42 from $31 at Susquehanna,2,positive,zeroshot/twitter-financial-news-sentiment (MIT)
Uber stock price target raised to $48 from $46 at HSBC Global,2,positive,zeroshot/twitter-financial-news-sentiment (MIT)
"UBS Upgrades Hasbro As Stock Price Bakes In Tariffs, Slow Holiday",2,positive,zeroshot/twitter-financial-news-sentiment (MIT)
UnitedHealth stock price target raised to $335 from $310 at SunTrust RH,2,positive,zeroshot/twitter-financial-news-sentiment (MIT)
Vertex Pharmaceuticals stock price target raised to $245 from $235 at BofA Merrill Lynch,2,positive,zeroshot/twitter-financial-news-sentiment (MIT)
Xilinx stock price target raised to $97 vs. $94 at SunTrust Robinson Humphrey,2,positive,zeroshot/twitter-financial-news-sentiment (MIT)
AM Best Revises Outlooks to Stable for Sublimity Insurance Company https://t.co/WPcVIMko76 https://t.co/glnxmA3iIv,1,neutral,zeroshot/twitter-financial-news-sentiment (MIT)
Analyst: Amazon Blocking FedEx Ground Good News For UPS,1,neutral,zeroshot/twitter-financial-news-sentiment (MIT)
Analysts Expect Breakeven For China Online Education Group (NYSE:COE),1,neutral,zeroshot/twitter-financial-news-sentiment (MIT)
"Crown Holdings, Inc. Full-Year Results: Here's What Analysts Are Forecasting For Next Year",1,neutral,zeroshot/twitter-financial-news-sentiment (MIT)
Here are the best analyst calls of the week on Wall Street including Disney and a satellite play https://t.co/u9r1QPQli5,1,neutral,zeroshot/twitter-financial-news-sentiment (MIT)
Little impact on Netflix from Disney Plus launch - Credit Suisse,1,neutral,zeroshot/twitter-financial-news-sentiment (MIT)
Mitek bull calls pullback 'an overreaction',1,neutral,zeroshot/twitter-financial-news-sentiment (MIT)
Peabody Energy started at hold at Benchmark,1,neutral,zeroshot/twitter-financial-news-sentiment (MIT)
"Skechers U.S.A., Inc. Annual Results: Here's What Analysts Are Forecasting For Next Year",1,neutral,zeroshot/twitter-financial-news-sentiment (MIT)
T. Boone Pickens' BP Capital Adds 3 Energy Stocks to Portfolio,1,neutral,zeroshot/twitter-financial-news-sentiment (MIT)
"Tenable Holdings, Inc. Just Released Its Third-Quarter And Analysts Have Been Updating Their Estimates",1,neutral,zeroshot/twitter-financial-news-sentiment (MIT)
"Top Analyst Upgrades and Downgrades: Cardinal Health, Domino’s, FedEx, Ford, GE, Grubhub, HSBC, Marvell, Twitter, Uber and More",1,neutral,zeroshot/twitter-financial-news-sentiment (MIT)
"Tyson Foods, Inc. First-Quarter Results Just Came Out: Here's What Analysts Are Forecasting For Next Year",1,neutral,zeroshot/twitter-financial-news-sentiment (MIT)
Wayfair initiated as hold with $95 price target at SunTrust Robinson Humphrey,1,neutral,zeroshot/twitter-financial-news-sentiment (MIT)
"Central bank 'collateral damage' is skewing financial markets, one economist says https://t.co/sshC7mEqzk",0,negative,zeroshot/twitter-financial-news-sentiment (MIT)
China central bank warns high financial risks amid rising economic headwinds - Reuters https://t.co/p26nFHoGg5,0,negative,zeroshot/twitter-financial-news-sentiment (MIT)
ECB data show eurozone banks had weak profits before coronavirus https://t.co/QI7pbqPGkG,0,negative,zeroshot/twitter-financial-news-sentiment (MIT)
Fed's Williams says U.S. economy is clearly facing several challenges,0,negative,zeroshot/twitter-financial-news-sentiment (MIT)
"Former Federal Reserve Chairman Ben Bernanke says he doesn't see a quick, sharp rebound in the economy after its pr… https://t.co/pu15VlJ4IO",0,negative,zeroshot/twitter-financial-news-sentiment (MIT)
Jerome Powell comes close to acknowledging that the Federal Reserve may not have the firepower to fight the next re… https://t.co/UD2rqlD6SD,0,negative,zeroshot/twitter-financial-news-sentiment (MIT)
"No, The Fed Won't ""Save The Market"" - Here's Why  https://t.co/Ibq99qWSFz",0,negative,zeroshot/twitter-financial-news-sentiment (MIT)
"""There is every reason to believe that the economic rebound, when it comes, can be robust,"" Fed Chair Jerome Powell… https://t.co/Ovi6BRM3TK",2,positive,zeroshot/twitter-financial-news-sentiment (MIT)
$ECONX: Federal Reserve announces extensive new measures to support the economy https://t.co/Gf6CfThO7r,1,neutral,zeroshot/twitter-financial-news-sentiment (MIT)
Commercial and industrial loans at all commercial banks climb by $105.8 billion to $2.845 trillion in the week endi… https://t.co/jTTkUE4l0L,1,neutral,zeroshot/twitter-financial-news-sentiment (MIT)
Fed surprises market with program to support corporate bonds amid coronavirus pandemic https://t.co/NLeJwjmyXw,1,neutral,zeroshot/twitter-financial-news-sentiment (MIT)
"Highlight: The Fed has launched an unprecedented round of asset purchases. ""The idea here is the Federal Reserve is… https://t.co/9J31vhPbUG",1,neutral,zeroshot/twitter-financial-news-sentiment (MIT)
The World Bank plans to lend Uganda $1.9 billion to help finance the East African nation's budget deficit https://t.co/Yxiz7BduSw,1,neutral,zeroshot/twitter-financial-news-sentiment (MIT)
"""We encourage families to explore virtual #financialliteracy resources. The Federal Reserve Bank of Richmond create… https://t.co/heJwnQ4RoN",1,neutral,zeroshot/twitter-financial-news-sentiment (MIT)
Africa-Europe Alliance: Denmark provides 10 million for sustainable development under the EU External Investment P… https://t.co/fdp58lt4xu,1,neutral,zeroshot/twitter-financial-news-sentiment (MIT)
Bank agencies announced they'll temporarily lower the community bank leverage ratio to 8%. The rule change - requir… https://t.co/m6N7S7zEwo,1,neutral,zeroshot/twitter-financial-news-sentiment (MIT)
Bank of Ireland : Mortgage Bank - 7 KB #BankofIreland #Stock #MarketScreener https://t.co/1UOheYSgzq https://t.co/EmpEi8jWMG,1,neutral,zeroshot/twitter-financial-news-sentiment (MIT)
Bank of Jamaica 14-Day Repo Auction Announcement -24 February 2020 #Stock #MarketScreener https://t.co/aLTELpPUc3 https://t.co/ZFCCNZVhWK,1,neutral,zeroshot/twitter-financial-news-sentiment (MIT)
Bank of Jamaica 30-day CD Auction Press Release #economy #MarketScreener https://t.co/GXh2AJS7u7 https://t.co/4tV8ge3FKr,1,neutral,zeroshot/twitter-financial-news-sentiment (MIT)
Brazil economists forecast more rate cuts ahead https://t.co/MVimfZn0x9,1,neutral,zeroshot/twitter-financial-news-sentiment (MIT)
Buyback Backlash Begins: Fed Will Limit Buybacks & Dividends For Companies Using Its Credit Facility https://t.co/qvANL8EAGI,1,neutral,zeroshot/twitter-financial-news-sentiment (MIT)
Central Bank of Nigeria Communique No. 128 of the Monetary Policy Committee Meeting of Jan... #Stock… https://t.co/Vhs3QezjMh,1,neutral,zeroshot/twitter-financial-news-sentiment (MIT)
"Central banks don’t have as much monetary policy power as they used to, former BOE policy maker Ian McCafferty says https://t.co/LjFUOi4x2A",1,neutral,zeroshot/twitter-financial-news-sentiment (MIT)
Cleveland Fed President Loretta Mester said the coronavirus outbreak is a threat to the economy but doesn't yet jus… https://t.co/KpqpNnFL4L,1,neutral,zeroshot/twitter-financial-news-sentiment (MIT)
Efforts to support the faltering economy could extend to some form of direct yield curve control. New… https://t.co/Cd4JvxMiXA,1,neutral,zeroshot/twitter-financial-news-sentiment (MIT)
"Fed Chair Jay Powell grilled on China's cryptocurrency plans, US response https://t.co/9tkOjL0blx by @readDanwrite https://t.co/urM93khqZo",1,neutral,zeroshot/twitter-financial-news-sentiment (MIT)
Fed Chair Jerome Powell was chided by a Democratic lawmaker for his attendance at a party thrown by Amazon CEO Jeff… https://t.co/BNq5I9PUqc,1,neutral,zeroshot/twitter-financial-news-sentiment (MIT)
Fed Chairman Jerome Powell puts lawmakers on notice that fiscal policy may need to play a bigger role countering do… https://t.co/URFHNRkmfh,1,neutral,zeroshot/twitter-financial-news-sentiment (MIT)
Fed minutes to tell a story,1,neutral,zeroshot/twitter-financial-news-sentiment (MIT)
Fed Officials Weigh Risks Of Covid-19 -- Update #economy #MarketScreener https://t.co/1pQjFOAdWi https://t.co/nxTApO6GEp,1,neutral,zeroshot/twitter-financial-news-sentiment (MIT)
Fed President Loretta Mester due to speak in 5 minutes.,1,neutral,zeroshot/twitter-financial-news-sentiment (MIT)
"Fed removes reference to ""global developments"", has yet to blame global warming for repo crisis",1,neutral,zeroshot/twitter-financial-news-sentiment (MIT)
Fed’s Rosengren Says Pursuing 2% Inflation Could Distort Markets,1,neutral,zeroshot/twitter-financial-news-sentiment (MIT)
Federal Reserve Keeps Rates Steady and Sees Long Pause #currency #MarketScreener https://t.co/tpSm4ZImNv https://t.co/f5uwKiweEN,1,neutral,zeroshot/twitter-financial-news-sentiment (MIT)
Federal Reserve officials will feel comfortable maintaining their wait-and-see posture on interest rates after Frid… https://t.co/Jlpmp7kwVr,1,neutral,zeroshot/twitter-financial-news-sentiment (MIT)
Fed's 42-Day Repo 2x Oversubscribed In Scramble For Year End Liquidity https://t.co/skVPSppwaY,1,neutral,zeroshot/twitter-financial-news-sentiment (MIT)
Fed's Bullard said actions taken by the Fed and other authorities during this time period shouldn't be seen as stim… https://t.co/gJ9vd4Qttq,1,neutral,zeroshot/twitter-financial-news-sentiment (MIT)
Fed's Mester says central bank can watch and wait on interest rates,1,neutral,zeroshot/twitter-financial-news-sentiment (MIT)
Fed's Rosengren backs 'patient' approach to any interest-rate moves,1,neutral,zeroshot/twitter-financial-news-sentiment (MIT)
Fed's Williams says rates are 'in the right place' but policy is not set in stone,1,neutral,zeroshot/twitter-financial-news-sentiment (MIT)
Global Risks to Extend Czech Rate Lockdown: Decision Day Guide,1,neutral,zeroshot/twitter-financial-news-sentiment (MIT)
"Heard on the Street: The Fed may need banks to lever up to absorb more activity, but it needs to do so in a way tha… https://t.co/m6nXfI4or7",1,neutral,zeroshot/twitter-financial-news-sentiment (MIT)
"In the battle of central-bank stimulus bazookas, the Fed is winning out https://t.co/dw2zb5Zi3b",1,neutral,zeroshot/twitter-financial-news-sentiment (MIT)
"In undertaking what will undoubtedly be its largest rescue effort ever, the Federal Reserve announced programs that… https://t.co/iMHp4NZFeV",1,neutral,zeroshot/twitter-financial-news-sentiment (MIT)
Indonesia's central bank says the New York Federal Reserve will provide it with a $60 billion repurchase facility t… https://t.co/8mWrf9uPDI,1,neutral,zeroshot/twitter-financial-news-sentiment (MIT)
Italy may be willing to compromise on its holdout against a German plan for further integration of the EU’s banking… https://t.co/6z5rU3nonk,1,neutral,zeroshot/twitter-financial-news-sentiment (MIT)
"LISTEN NOW: The Fed continues to make moves to combat the coronavirus crisis, including assuring limitless asset pu… https://t.co/2g1K81EdRO",1,neutral,zeroshot/twitter-financial-news-sentiment (MIT)
LIVE: Fed Chair Powell testifies before the Senate Banking Committee https://t.co/RsYYaf1Et1,1,neutral,zeroshot/twitter-financial-news-sentiment (MIT)
Markets bet Fed is pushed to cut rates in coronavirus response https://t.co/4NDOpE6Kka https://t.co/8L2dYY8EYK,1,neutral,zeroshot/twitter-financial-news-sentiment (MIT)
Minneapolis Fed chief Neel Kashkari says monetary policy can play the kind of redistributing role once thought to b… https://t.co/urzkYwOgOy,1,neutral,zeroshot/twitter-financial-news-sentiment (MIT)
Morocco is considering tapping at least part of a $2.97 billion liquidity line with the IMF as the coronavirus outb… https://t.co/8Fn0bGuM7L,1,neutral,zeroshot/twitter-financial-news-sentiment (MIT)
New Zealand central bank governor Adrian Orr may signal he's prepared to cut interest rates to cushion the economic... https://t.co/i8Oz63zrZK,1,neutral,zeroshot/twitter-financial-news-sentiment (MIT)
Norway's central bank governor says it's too early to reach any conclusions on the long term outlook for inflation https://t.co/Jy76GFLKm2,1,neutral,zeroshot/twitter-financial-news-sentiment (MIT)
Praet: ECB Needs Governments to Act,1,neutral,zeroshot/twitter-financial-news-sentiment (MIT)
"Rabobank: ""Fed's Kashkari Has Just Come Out With A Jaw-Dropping Policy Shift"" https://t.co/8TYLEPXBXU",1,neutral,zeroshot/twitter-financial-news-sentiment (MIT)
"RBI May Cut Rates Later This Year, TS Lombard Says",1,neutral,zeroshot/twitter-financial-news-sentiment (MIT)
RBI’s Long-Term Repo Operations Seen As Stealth Move To Bring Down Rates,1,neutral,zeroshot/twitter-financial-news-sentiment (MIT)
Spain to guarantee up to 80% of SME bank loans to ease virus impact #economy #MarketScreener https://t.co/SAmTS65y1z https://t.co/JFT2FzyZVp,1,neutral,zeroshot/twitter-financial-news-sentiment (MIT)
The Bank of England's Financial Policy Committee says it's prepared to take further action as needed to help the fi… https://t.co/nXFVWsODV3,1,neutral,zeroshot/twitter-financial-news-sentiment (MIT)
The Bank of England's Term Funding Scheme... #Stock #MarketScreener https://t.co/UYAUVEOvlM https://t.co/SeJVLxIyZA,1,neutral,zeroshot/twitter-financial-news-sentiment (MIT)
The Committee lowers the CBR to 7.25PC #Stock #MarketScreener https://t.co/fUgL7df83o https://t.co/p3lSsTQ3JL,1,neutral,zeroshot/twitter-financial-news-sentiment (MIT)
"The consensus case for following the Fed is right, Ashok Bhatia of Neuberger Bergman tells @FerroTV… https://t.co/O4PII3Nx4S",1,neutral,zeroshot/twitter-financial-news-sentiment (MIT)
The Fed mounted an extraordinary new array of programs to offset the 'severe disruptions' to the economy caused by… https://t.co/Q0oP8CE8Vy,1,neutral,zeroshot/twitter-financial-news-sentiment (MIT)
The Federal Reserve has launched an array of programs aimed at helping the markets and economy through the coronavi… https://t.co/pEUAkq0LF0,1,neutral,zeroshot/twitter-financial-news-sentiment (MIT)
"The Federal Reserve System includes 12 districts. Using those numbers, 1-12, is a handy way to learn about the cent… https://t.co/cbNWuE9tqT",1,neutral,zeroshot/twitter-financial-news-sentiment (MIT)
"The FRED Blog: Since the end of the Great Recession, market-based measures of long-run inflation expectations have… https://t.co/0xHldQgKkG",1,neutral,zeroshot/twitter-financial-news-sentiment (MIT)
The IMF may launch a new program that could back up the Federal Reserve's campaign to keep dollars flowing in the g… https://t.co/lKciLE5v3x,1,neutral,zeroshot/twitter-financial-news-sentiment (MIT)
The Most Momentous Rate Decision This Month Isn’t at Fed or ECB,1,neutral,zeroshot/twitter-financial-news-sentiment (MIT)
"-The U.K. will go into full lockdown to stymie the spread of coronavirus
-The Fed offers to directly finance U.S. c… https://t.co/ruvvXSN2l8",1,neutral,zeroshot/twitter-financial-news-sentiment (MIT)
Top economists say that the spread of the new coronavirus outbreak makes it more likely that the Federal Reserve wi… https://t.co/tvoJevdk2y,1,neutral,zeroshot/twitter-financial-news-sentiment (MIT)
Two crisis-veteran Federal Reserve officials said the central bank has plenty of room for more moves following a fl… https://t.co/8tGk3P7TPq,1,neutral,zeroshot/twitter-financial-news-sentiment (MIT)
"Two weeks later, no change, Fed ain't stopping the selling",1,neutral,zeroshot/twitter-financial-news-sentiment (MIT)
U.S. Fed preparing to buy new small business payroll loans: Wall Street Journal https://t.co/bKlfm9QFgB https://t.co/ZnUbuWVFFu,1,neutral,zeroshot/twitter-financial-news-sentiment (MIT)
UK starts first stage of 330 billion pound loan guarantee scheme https://t.co/hZiqmzoZBr https://t.co/0z6Kisr3Oe,1,neutral,zeroshot/twitter-financial-news-sentiment (MIT)
Zambia’s kwacha staged a comeback on Tuesday after the central bank raised the amount of funds that commercial lend… https://t.co/oS097rGn8S,1,neutral,zeroshot/twitter-financial-news-sentiment (MIT)
Bank of America sees demand surge for paycheck protection loans https://t.co/6feALqK8zN,0,negative,zeroshot/twitter-financial-news-sentiment (MIT)
$HON - Honeywell says MAX production freeze to hurt 2020 sales growth https://t.co/ADon2RBcIz,0,negative,zeroshot/twitter-financial-news-sentiment (MIT)
Africa retailer Jumia suspends e-commerce in Cameroon,0,negative,zeroshot/twitter-financial-news-sentiment (MIT)
Amazon blames holiday delivery delays on winter storms and high demand https://t.co/TjLnFZBE44,0,negative,zeroshot/twitter-financial-news-sentiment (MIT)
Beckhams’ business empire sees revenues drop 18% https://t.co/Vyukksr4NP,0,negative,zeroshot/twitter-financial-news-sentiment (MIT)
BREAKING: FDA issues ban on some fruit and mint flavored vaping products https://t.co/MxWx3AqSi8,0,negative,zeroshot/twitter-financial-news-sentiment (MIT)
Bristol-Myers says trial of Opdivo plus Yervoy in melanoma treatment failed to meet main goal,0,negative,zeroshot/twitter-financial-news-sentiment (MIT)
Casino Operator Wynn Resorts Is Losing Up To $2.6 Million Per Day From Coronavirus Shutdown,0,negative,zeroshot/twitter-financial-news-sentiment (MIT)
"China Solar Group Flags Raw Material, Labor Shortages on Virus",0,negative,zeroshot/twitter-financial-news-sentiment (MIT)
Fiat Chrysler Relies on Ram Growth as Europe Losses Mount,0,negative,zeroshot/twitter-financial-news-sentiment (MIT)
"Ford recalls 262,000 pickup trucks with defective tailgate latches https://t.co/r1OmCaHlBs",0,negative,zeroshot/twitter-financial-news-sentiment (MIT)
Fox says cable ad revenue was hurt by impeachment coverage last quarter,0,negative,zeroshot/twitter-financial-news-sentiment (MIT)
"ICYMI: Transport for London said Uber $UBER was not ""fit and proper"" to hold an operating license in London after a… https://t.co/6KXYb2e38V",0,negative,zeroshot/twitter-financial-news-sentiment (MIT)
Jetstar to cut capacity by 10% in January as pilots take industrial action,0,negative,zeroshot/twitter-financial-news-sentiment (MIT)
Lowe's to shut 34 Canadian stores as it reports revenue miss,0,negative,zeroshot/twitter-financial-news-sentiment (MIT)
Macy's says temporary issue with e-commerce business also impacted Q3 performance,0,negative,zeroshot/twitter-financial-news-sentiment (MIT)
Mahindra Says Coronavirus May Jeopardize India Emissions Rollout,0,negative,zeroshot/twitter-financial-news-sentiment (MIT)
Major blockchain developer ConsenSys announces job losses #economy #MarketScreener https://t.co/ryVmI8mEkG https://t.co/bw56wJfVGF,0,negative,zeroshot/twitter-financial-news-sentiment (MIT)
"NTSB cites Uber, driver in fatal crash",0,negative,zeroshot/twitter-financial-news-sentiment (MIT)
NVIDIA's New Cloud Service Could Spell Doom for Google's Stadia,0,negative,zeroshot/twitter-financial-news-sentiment (MIT)
"Oaktree Strategic Income NII misses by $0.01, misses on total investment income",0,negative,zeroshot/twitter-financial-news-sentiment (MIT)
PG&E Loses Half of Financial Backing for Bankruptcy in New Pacts,0,negative,zeroshot/twitter-financial-news-sentiment (MIT)
"Stock Market Live Updates: Home Depot faults tariffs, lumber prices for grim quarter - Yahoo Finance",0,negative,zeroshot/twitter-financial-news-sentiment (MIT)
"Trans Mountain Costs to Increase 70% to $9.5 Billion, CBC Says",0,negative,zeroshot/twitter-financial-news-sentiment (MIT)
"Transport for London has decided not to extend Uber’s license to operate in the city. In a statement, transit offic… https://t.co/Wh2Fx1FLgh",0,negative,zeroshot/twitter-financial-news-sentiment (MIT)
Tuna maker Bumble Bee Foods has filed for Chapter 11 bankruptcy protection. https://t.co/d2gVKB0BB3,0,negative,zeroshot/twitter-financial-news-sentiment (MIT)
WeWork Could Leave Thousands Without Jobs,0,negative,zeroshot/twitter-financial-news-sentiment (MIT)
Exxon is cutting billions of dollars in investments to keep its financial footing during the worst oil-price rout i… https://t.co/MI5vCEkhlm,0,negative,zeroshot/twitter-financial-news-sentiment (MIT)
$ICPT: Intercept Pharma reports publication of positive results from Phase 3 REGENERATE https://t.co/Md0lhRJikS,2,positive,zeroshot/twitter-financial-news-sentiment (MIT)
$IEA - Infrastructure and Energy Alternatives secures two wind construction project awards totaling $115M https://t.co/hHMY90wYaC,2,positive,zeroshot/twitter-financial-news-sentiment (MIT)
$KTOS: Kratos Defense and Security awarded a $39 million sole-source contract for Geolocation Global Support Servic… https://t.co/uPPTCX837l,2,positive,zeroshot/twitter-financial-news-sentiment (MIT)
$MGTA - Magenta up 15% on promising data on ADC conditioning agent https://t.co/pKMo1OORDm,2,positive,zeroshot/twitter-financial-news-sentiment (MIT)
$RHHBY - Genentech nabs accelerated review status for risdiplam https://t.co/TlPBstlehr,2,positive,zeroshot/twitter-financial-news-sentiment (MIT)
$SAGE - Sage Therapeutics to advance Huntington's candidate SAGE-718; shares up 2% https://t.co/Dhso6xIUJu,2,positive,zeroshot/twitter-financial-news-sentiment (MIT)
$SRNE UPDATE 1-Sorrento Therapeutics rejects all-cash takeout proposal; shares jump https://t.co/rPHkDVbzui via @YahooFinance,2,positive,zeroshot/twitter-financial-news-sentiment (MIT)
$ZGNX - FDA OKs Zogenix's Fintepla for Dravet syndrome https://t.co/vdfppIz1AN,2,positive,zeroshot/twitter-financial-news-sentiment (MIT)
5 Reasons To Love Wendy's On Its 50th Birthday,2,positive,zeroshot/twitter-financial-news-sentiment (MIT)
AT&T says it will continue investing in Mexico: Mexican president,2,positive,zeroshot/twitter-financial-news-sentiment (MIT)
BancorpSouth Bank boosts share repurchase program,2,positive,zeroshot/twitter-financial-news-sentiment (MIT)
Boeing : Deliveries 24 Jets in November #Boeing #Stock #MarketScreener https://t.co/jtBrv76jG6 https://t.co/s9q1BEhwcC,2,positive,zeroshot/twitter-financial-news-sentiment (MIT)
"Boeing 737 Max Net Orders Rise to -73 YTD in Nov. From -93 Oct. Yes, negative",2,positive,zeroshot/twitter-financial-news-sentiment (MIT)
Canada's TD Beats Its U.S. Banking Competitors on Their Own Turf,2,positive,zeroshot/twitter-financial-news-sentiment (MIT)
"Congratulations to Phreesia (NYSE: $PHR) who was just named 2020 Best in KLAS for Patient Intake Management 

Read... https://t.co/lgQFrG7lOr",2,positive,zeroshot/twitter-financial-news-sentiment (MIT)
FDA Approves First Drug for Peanut Allergy,2,positive,zeroshot/twitter-financial-news-sentiment (MIT)
Fortune Brands Home & Security (NYSE:FBHS) Shareholders Booked A 47% Gain In The Last Year,2,positive,zeroshot/twitter-financial-news-sentiment (MIT)
Hastings Technology Metals : Bulk Ore Sorting Trial Shows Outstanding Results #HastingsTechnologyMetals #Stock… https://t.co/jH9XEyDAxJ,2,positive,zeroshot/twitter-financial-news-sentiment (MIT)
J.P. Morgan: Bausch to better weather the market than other specialty drugmakers,2,positive,zeroshot/twitter-financial-news-sentiment (MIT)
Mediaset CEO upbeat on reaching accord with Vivendi,2,positive,zeroshot/twitter-financial-news-sentiment (MIT)
Microfinance Loan Portfolio Jumps 48% In September Quarter,2,positive,zeroshot/twitter-financial-news-sentiment (MIT)
"Microsoft Could Win Next Phase Of Cloud Battle, Wedbush Says",2,positive,zeroshot/twitter-financial-news-sentiment (MIT)
NVIDIA : GPU-Powered Semi Simulation Snags Coveted Research Award #NVIDIA #Stock #MarketScreener… https://t.co/03LwvaKx5q,2,positive,zeroshot/twitter-financial-news-sentiment (MIT)
Pershing Square Holdings announces new $100M share buyback program,2,positive,zeroshot/twitter-financial-news-sentiment (MIT)
Publicis Signals Worst May Be Over for Struggling Ad Group,2,positive,zeroshot/twitter-financial-news-sentiment (MIT)
Sales of grounded Boeing 737 MAX gather pace at Dubai Airshow,2,positive,zeroshot/twitter-financial-news-sentiment (MIT)
Sales of grounded Boeing 737 MAX pick up steam at Dubai Airshow,2,positive,zeroshot/twitter-financial-news-sentiment (MIT)
SourceDay Announces Record Growth as One of Austin’s Fastest-Growing Companies,2,positive,zeroshot/twitter-financial-news-sentiment (MIT)
"Tezos rallies into the top ten cryptocurrencies, ousting Stellar",2,positive,zeroshot/twitter-financial-news-sentiment (MIT)
This chart shows how Vanguard’s explosive growth has ‘taken on a life of its own’: https://t.co/8IOnrejNLy,2,positive,zeroshot/twitter-financial-news-sentiment (MIT)
UPDATE 1-Keystone operator TC Energy sees EBITDA exceeding C$10 bln in 2022,2,positive,zeroshot/twitter-financial-news-sentiment (MIT)
UPDATE 1-Qualcomm expects 5G phone sales to double in 2021,2,positive,zeroshot/twitter-financial-news-sentiment (MIT)
Why Walmart and Target are still winning with consumers https://t.co/TvPW2GzpQ6 by @DegrootMckenzie https://t.co/MHBf51cVBC,2,positive,zeroshot/twitter-financial-news-sentiment (MIT)
$CVX - Chevron ramps output at key Venezuela oil project as U.S. weighs sanctions https://t.co/o4g9WuvJfo,2,positive,zeroshot/twitter-financial-news-sentiment (MIT)
BP expects to keep Azeri ACG oil output stable as Shah Deniz gas powers ahead https://t.co/dcNqW5BxVN https://t.co/a0y3sr6K0u,2,positive,zeroshot/twitter-financial-news-sentiment (MIT)
$AAPL - Apple delays theatrical debut of 'The Banker' https://t.co/vAHWmIoXp8,1,neutral,zeroshot/twitter-financial-news-sentiment (MIT)
"$AAPL - Max out Apple's Mac Pro for $52,599 https://t.co/HIRuhy8Pqd",1,neutral,zeroshot/twitter-financial-news-sentiment (MIT)
$ACER - Acer Therapeutics: Upcoming Catalysts. https://t.co/vseXJ9e1nH #business #investing #markets,1,neutral,zeroshot/twitter-financial-news-sentiment (MIT)
$APLS - Apellis Pharmaceuticals (APLS) Investor Presentation - Slideshow. Read more and get updates on any stock!… https://t.co/wJLXS3OeNb,1,neutral,zeroshot/twitter-financial-news-sentiment (MIT)
$ATRO - Astronics unveils universal radio field test solution https://t.co/diC9vddtwB,1,neutral,zeroshot/twitter-financial-news-sentiment (MIT)
$AUDC: AudioCodes enters into royalty buyout agreement with the Israel National Authority for Technology and... https://t.co/YVzJTV68bn,1,neutral,zeroshot/twitter-financial-news-sentiment (MIT)
"$BA 737 MAX makes debut at Renton, Washington Factory - Bloomberg",1,neutral,zeroshot/twitter-financial-news-sentiment (MIT)
$BGNE: BeiGene reports clinical data on Tislelizumab https://t.co/f1bfcfhxoh,1,neutral,zeroshot/twitter-financial-news-sentiment (MIT)
$CMI - Cummins (CMI) Investor Presentation - Slideshow. Continue reading: https://t.co/4ropk5quxp #investing #stocks #business,1,neutral,zeroshot/twitter-financial-news-sentiment (MIT)
$DAN - Dana (DAN) Presents At 7th Annual Industrials Conference - Slideshow. Get more updates here:… https://t.co/34xt9wQ6lG,1,neutral,zeroshot/twitter-financial-news-sentiment (MIT)
$ENLC - EnLink Midstream (ENLC) Presents At RBC Capital Markets Midstream Conference - Slideshow. Continue reading:… https://t.co/2mbkE6IWgW,1,neutral,zeroshot/twitter-financial-news-sentiment (MIT)
$EPR: EPR Properties announces sale of charter school portfolio for approximately $454 mln; lowers FY19 FFO guidance https://t.co/i4GZ0uGlgp,1,neutral,zeroshot/twitter-financial-news-sentiment (MIT)
$EQNR $SU - Siccar Point attracts bids as high as nearly $2B - Reuters https://t.co/CMSO3XjoN1,1,neutral,zeroshot/twitter-financial-news-sentiment (MIT)
$INTI - Inhibitor Therapeutics to start prostate cancer treatment trial https://t.co/hKmHpHCXGJ,1,neutral,zeroshot/twitter-financial-news-sentiment (MIT)
$ITRN - Margins suffer at Ituran Location in Q3 https://t.co/cCI94Csl3s,1,neutral,zeroshot/twitter-financial-news-sentiment (MIT)
$KSU - Kansas City Southern (KSU) Presents At 7th Annual Industrials Conference - Slideshow. Keep reading:… https://t.co/GndL4OFGVw,1,neutral,zeroshot/twitter-financial-news-sentiment (MIT)
$LJPC (halted pre) La Jolla Pharmaceutical (LJPC) to Reassess Continued Development of LJPC-401 Based on Recent Mix… https://t.co/8wDkULKz7f,1,neutral,zeroshot/twitter-financial-news-sentiment (MIT)
$MDGL - Madrigal launches 1.2M-share stock offering by current investor https://t.co/V3c2xhnDBB,1,neutral,zeroshot/twitter-financial-news-sentiment (MIT)
$MIST - Milestone Pharmaceuticals (MIST) Investor Presentation - Slideshow. Read more and get updates on any stock!… https://t.co/JDkL37unei,1,neutral,zeroshot/twitter-financial-news-sentiment (MIT)
$NGL - NGL Energy Partners (NGL) Presents At RBC Capital Markets Midstream Conference - Slideshow. Keep reading:… https://t.co/KxjcrlAlcX,1,neutral,zeroshot/twitter-financial-news-sentiment (MIT)
$NSC - Norfolk Southern (NSC) Presents At 7th Annual Industrials Conference - Slideshow. Follow this and any other… https://t.co/D8uQNEKjmz,1,neutral,zeroshot/twitter-financial-news-sentiment (MIT)
"$PBR $BAK - Petrobras CEO wants fast sale of Braskem, improved Brazil auction process https://t.co/utBwKEfXai",1,neutral,zeroshot/twitter-financial-news-sentiment (MIT)
$PFBOF - Bumbershoot Holdings - 2019 Investor Letter. https://t.co/VSz41aei6i #finance #markets #stockmarket,1,neutral,zeroshot/twitter-financial-news-sentiment (MIT)
$PI - Impinj plans $75M private offering https://t.co/TgxgZBHfqy,1,neutral,zeroshot/twitter-financial-news-sentiment (MIT)
$PZZA - Papa John's International (PZZA) Investor Presentation - Slideshow. Read more and sign up for updates:… https://t.co/S2JCz391yG,1,neutral,zeroshot/twitter-financial-news-sentiment (MIT)
$REGN: Regeneron Pharma and Sanofi (SNY) restructure Kevzara and Paluent agreement https://t.co/PH1vNcbN28,1,neutral,zeroshot/twitter-financial-news-sentiment (MIT)
$RM - Regional Management (RM) Investor Presentation - Slideshow. Get more info on Seeking Alpha:… https://t.co/oTKMYsuWee,1,neutral,zeroshot/twitter-financial-news-sentiment (MIT)
$SAVE - Spirit Airlines (SAVE) Investor Presentation - Slideshow. Subscribe to Seeking Alpha for more:… https://t.co/p8zUL1L274,1,neutral,zeroshot/twitter-financial-news-sentiment (MIT)
$SO - Final containment ring placed for Georgia Power's Vogtle nuclear expansion https://t.co/gTNtdx755r,1,neutral,zeroshot/twitter-financial-news-sentiment (MIT)
"$SRNE - Sorrento received, rejected unsolicited acquisition proposal https://t.co/jNJl3adLlp",1,neutral,zeroshot/twitter-financial-news-sentiment (MIT)
$VRML - Vermillion (VRML) Investor Presentation - Slideshow. Keep reading: https://t.co/Ms2VW2VLX3 #finance #stocks #business,1,neutral,zeroshot/twitter-financial-news-sentiment (MIT)
$XOM - Exxon to wrap up Beaumont hydrocracker restart next week - Reuters https://t.co/qF2gXFqc5r,1,neutral,zeroshot/twitter-financial-news-sentiment (MIT)
$XON: Intrexon to achieve $175 mln cash goal; appoints Helen Sabzevari as New President and CEO; will change name t… https://t.co/1Yt9sU0plb,1,neutral,zeroshot/twitter-financial-news-sentiment (MIT)
"3M is exploring a sale of its drug delivery systems unit, which could fetch about $1 billion https://t.co/ISlbwO3FCd",1,neutral,zeroshot/twitter-financial-news-sentiment (MIT)
A meaty situation for Burger King,1,neutral,zeroshot/twitter-financial-news-sentiment (MIT)
A New Look at Wendy's,1,neutral,zeroshot/twitter-financial-news-sentiment (MIT)
accesso Technology : Form 8.3 - Accesso Technology Group PLC #accessoTechnology #Stock #MarketScreener… https://t.co/U7Ek9RNca7,1,neutral,zeroshot/twitter-financial-news-sentiment (MIT)
ACI Worlwide to deliver Universal Payments tech via Azure,1,neutral,zeroshot/twitter-financial-news-sentiment (MIT)
Activision Blizzard’s Revenue To See Double-Digit Decline In 2019?,1,neutral,zeroshot/twitter-financial-news-sentiment (MIT)
Adocia annonce son calendrier financier pour l’année 2020,1,neutral,zeroshot/twitter-financial-news-sentiment (MIT)
Advent to build up hair care brand following Olaplex buyout,1,neutral,zeroshot/twitter-financial-news-sentiment (MIT)
AGF Announces Closure and Liquidation of AGFiQ U.S. Market Neutral Size Fund  https://t.co/lOOBLANzmz,1,neutral,zeroshot/twitter-financial-news-sentiment (MIT)
Airbus dominates second day of Dubai show as Boeing wins MAX order,1,neutral,zeroshot/twitter-financial-news-sentiment (MIT)
Aivo’s Conversational AI Bot Now Available on Genesys AppFoundry,1,neutral,zeroshot/twitter-financial-news-sentiment (MIT)
Alibaba Guides Pricing on Hong Kong Listing Around HK$176,1,neutral,zeroshot/twitter-financial-news-sentiment (MIT)
Alibaba on track to raise $12.9 billion in Hong Kong listing - CNN,1,neutral,zeroshot/twitter-financial-news-sentiment (MIT)
Alibaba share sale for $13.B Hong Kong listing oversubscribed,1,neutral,zeroshot/twitter-financial-news-sentiment (MIT)
Alibaba to pioneer paperless listing in break with Hong Kong norm - Reuters UK,1,neutral,zeroshot/twitter-financial-news-sentiment (MIT)
"Aline Sara, CEO of @NaTakallam is the latest to take our 30 second challenge. The big question: how can the private… https://t.co/otUh5GYZpI",1,neutral,zeroshot/twitter-financial-news-sentiment (MIT)
Allergan : Form 8.3 -  #Allergan #Stock #MarketScreener https://t.co/Fc6eMgvCAQ https://t.co/4vPUhxFD8E,1,neutral,zeroshot/twitter-financial-news-sentiment (MIT)
Allergan : Form 8.3 - -2- #Allergan #Stock #MarketScreener https://t.co/auV1AwcmcT https://t.co/HRDqybz3f8,1,neutral,zeroshot/twitter-financial-news-sentiment (MIT)
Amazon blocks third-party sellers from using FedEx shipping,1,neutral,zeroshot/twitter-financial-news-sentiment (MIT)
Amazon tunes to new cloud wavelength https://t.co/ximH0zukU9,1,neutral,zeroshot/twitter-financial-news-sentiment (MIT)
"Amazon will spend more than $35 billion on shipping costs this year, more than twice what it spent two years ago. T… https://t.co/7eBU5nTpEF",1,neutral,zeroshot/twitter-financial-news-sentiment (MIT)
Angkor Reports Results From Banlung Drill Program  https://t.co/QWxX3i7DCR,1,neutral,zeroshot/twitter-financial-news-sentiment (MIT)
Ant Financial Considers Applying for Virtual Banking License in Singapore,1,neutral,zeroshot/twitter-financial-news-sentiment (MIT)
Apple starts construction of new campus in Texas,1,neutral,zeroshot/twitter-financial-news-sentiment (MIT)
"Apple's redesigned maps service has rolled out across the United States, giving users more accurate navigation and... https://t.co/RxC4CXqb71",1,neutral,zeroshot/twitter-financial-news-sentiment (MIT)
ArcelorMittal willing to re-commit to Ilva steel plant on three conditions - paper,1,neutral,zeroshot/twitter-financial-news-sentiment (MIT)
"ArcelorMittal, commissioners extend talks on Ilva plant - Reuters",1,neutral,zeroshot/twitter-financial-news-sentiment (MIT)
"ArcelorMittal, commissioners extend talks on Italy's Ilva plant: lawyer",1,neutral,zeroshot/twitter-financial-news-sentiment (MIT)
Arrow Electronics Forges New Global IoT Solutions Collaboration with Microshare Inc.,1,neutral,zeroshot/twitter-financial-news-sentiment (MIT)
"As department stories struggle, Nordstrom makes a play in New York City",1,neutral,zeroshot/twitter-financial-news-sentiment (MIT)
"ASAE Technology Exploration Conference Delivered Thought-Leaders, Live Demos and Best in Class Learning for Associa… https://t.co/shsWIU84Xy",1,neutral,zeroshot/twitter-financial-news-sentiment (MIT)
Ashley House : 10th December 2019 - Annual General Meeting and Trading Update #AshleyHouse #Stock #MarketScreener… https://t.co/MVwTUJjqON,1,neutral,zeroshot/twitter-financial-news-sentiment (MIT)
Auto Expo 2020: JBM To Invest Rs 500 Crore In Electric Bus Business,1,neutral,zeroshot/twitter-financial-news-sentiment (MIT)
AVJennings : AVJ Progressing with 3500 Lot Project in SEQ Growth Corridor #AVJennings #Stock #MarketScreener… https://t.co/wEuepnKClY,1,neutral,zeroshot/twitter-financial-news-sentiment (MIT)
Azure Healthcare : Rights Issue Offer Document Lodgement and Cleansing Notice #AzureHealthcare #Stock… https://t.co/ewCxUbTQM6,1,neutral,zeroshot/twitter-financial-news-sentiment (MIT)
"Balance Point already near goal for new fundraise, just a year after $380m Fund III close",1,neutral,zeroshot/twitter-financial-news-sentiment (MIT)
Barrick to sell Super Pit mine share for $750M,1,neutral,zeroshot/twitter-financial-news-sentiment (MIT)
Bass Oil : Bunian-5 Testing Complete - Now Set to Commence Production #BassOil #Stock #MarketScreener… https://t.co/DmbhYHiI9T,1,neutral,zeroshot/twitter-financial-news-sentiment (MIT)
Berenberg expects higher offer for LogMeIn,1,neutral,zeroshot/twitter-financial-news-sentiment (MIT)
"BHP, Woodside agree on tolling price for Scarborough gas",1,neutral,zeroshot/twitter-financial-news-sentiment (MIT)
Bobit Business Media’s Chris Brown Wins Eddie Award For Business Fleet Article  https://t.co/m1YoKG5j2w,1,neutral,zeroshot/twitter-financial-news-sentiment (MIT)
Boeing announces additional order for 737 MAX planes,1,neutral,zeroshot/twitter-financial-news-sentiment (MIT)
Boeing gets 10 additional orders for 737 MAX 8 planes valued at $1.2 billion from SunExpress,1,neutral,zeroshot/twitter-financial-news-sentiment (MIT)
Boeing Maintains Supremacy Over Airbus at United Airlines Despite A321XLR Order,1,neutral,zeroshot/twitter-financial-news-sentiment (MIT)
Brookfield Asset Management closes $20B infrastructure fund,1,neutral,zeroshot/twitter-financial-news-sentiment (MIT)
Cadbury Chocolate Maker Sees ‘No Stopping of Growth’ in Demand,1,neutral,zeroshot/twitter-financial-news-sentiment (MIT)
CAE : completes upgrades of CT-156 and CT-155 FTDs for NFTC program at 15 Wing Moose Jaw #CAE #Stock… https://t.co/QtvyZaPnzE,1,neutral,zeroshot/twitter-financial-news-sentiment (MIT)
Cambridge Cognition : expands eCOA offering and wins contract with top 10 pharmaceutical c... #CambridgeCognition… https://t.co/KG7utY8LZm,1,neutral,zeroshot/twitter-financial-news-sentiment (MIT)
Canadian Milk Giant Saputo Homes in on Dairy-Free Deal This Year,1,neutral,zeroshot/twitter-financial-news-sentiment (MIT)
Canadian regulator dismisses Catalyst request for cease trade order on Hudson's take private deal,1,neutral,zeroshot/twitter-financial-news-sentiment (MIT)
"CG Power Gets Shareholders Nod To Raise Rs 5,000 Crore",1,neutral,zeroshot/twitter-financial-news-sentiment (MIT)
Chipotle highlights fast drive-thru lanes,1,neutral,zeroshot/twitter-financial-news-sentiment (MIT)
"Comstock Mining Provides Strategic Overview and Updates; Value Proposition, Strategic Initiatives and Reverse Stock… https://t.co/Yozj1lH9TS",1,neutral,zeroshot/twitter-financial-news-sentiment (MIT)
"Cree, STM double silicon carbide wafer agreement",1,neutral,zeroshot/twitter-financial-news-sentiment (MIT)
Crunch talks lead to Emirates order for 30 Boeing Dreamliners,1,neutral,zeroshot/twitter-financial-news-sentiment (MIT)
"David Marcus heads the Facebook subsidiary Calibra, which is creating the digital wallet that lets you store and se… https://t.co/EBRdFFrkwo",1,neutral,zeroshot/twitter-financial-news-sentiment (MIT)
Delta's CEO explains why Wifi isn't better on airplanes https://t.co/7HKHdNyP4Z https://t.co/fF7fvnSUlc,1,neutral,zeroshot/twitter-financial-news-sentiment (MIT)
Disney is allowed to build nuclear power plants thanks to a 1967 law. But the park is turning to solar power with… https://t.co/BzRI5tlce3,1,neutral,zeroshot/twitter-financial-news-sentiment (MIT)
Dyadic International : Announces Achieving Human Like Glycan Structures From Its Engineere... #DyadicInternational… https://t.co/eVfCZjC60j,1,neutral,zeroshot/twitter-financial-news-sentiment (MIT)
Ecolab Launches Innovative Eco-Flex™ Non-Iodine Teat Dip,1,neutral,zeroshot/twitter-financial-news-sentiment (MIT)
"Elections boost YouGov's profile, but the company makes most of its money tracking brands and market trends https://t.co/8fp3XHBmHG",1,neutral,zeroshot/twitter-financial-news-sentiment (MIT)
Eli Lilly : Reyvow Migraine Treatment Available for Prescription Use #EliLillyand #Stock #MarketScreenerâ€¦ https://t.co/8l20k7DcPy,1,neutral,zeroshot/twitter-financial-news-sentiment (MIT)
Elon Musk probably wasn’t expecting this… Watch what happened when Tesla unveiled its “bulletproof” Cybertruck:… https://t.co/WlDIOM3seK,1,neutral,zeroshot/twitter-financial-news-sentiment (MIT)
Emerald Resources NL : Voluntary Suspension #EmeraldResourcesNL #Stock #MarketScreener https://t.co/zefjhT7YbV https://t.co/0f5IRUY68q,1,neutral,zeroshot/twitter-financial-news-sentiment (MIT)
Emirates orders 30 Boeing 787 Dreamliners,1,neutral,zeroshot/twitter-financial-news-sentiment (MIT)
Encana files paperwork for move to U.S. from Canada,1,neutral,zeroshot/twitter-financial-news-sentiment (MIT)
Encantos Partners With Award-Winning Chef Aliya LeeKong to Develop New Food-Inspired Preschool Brand ISSA’S EDIBLE ADVENTURES™,1,neutral,zeroshot/twitter-financial-news-sentiment (MIT)
Exclusive: Russia's VTB plans to expand grain business and then exit - CEO,1,neutral,zeroshot/twitter-financial-news-sentiment (MIT)
FedEx discontinues pension for new hires,1,neutral,zeroshot/twitter-financial-news-sentiment (MIT)
Fidelity granted charter for virtual currency platform from New York state,1,neutral,zeroshot/twitter-financial-news-sentiment (MIT)
Flynas exercises options for A321XLR jets,1,neutral,zeroshot/twitter-financial-news-sentiment (MIT)
Ford and McDonalds are teaming up to create car parts out of coffee beans https://t.co/HZOpOUPKJh,1,neutral,zeroshot/twitter-financial-news-sentiment (MIT)
Foxconn Interconnect Technology : Renewal of Continuing Connected Transactions - New Conti...… https://t.co/ni0Mg3aCxf,1,neutral,zeroshot/twitter-financial-news-sentiment (MIT)
Foxconn won't amend Wisconsin contract - The Verge,1,neutral,zeroshot/twitter-financial-news-sentiment (MIT)
"Franklin Berger Is The Independent Director of Kezar Life Sciences, Inc. (NASDAQ:KZR) And They Just Spent US$314k On Shares",1,neutral,zeroshot/twitter-financial-news-sentiment (MIT)
Free Shipping Is the Key to Amazon's Success,1,neutral,zeroshot/twitter-financial-news-sentiment (MIT)
Future Land Development : Speech on financial education #FutureLandDevelopment #Stock #MarketScreener… https://t.co/t5Y2rr9cBR,1,neutral,zeroshot/twitter-financial-news-sentiment (MIT)
Galp Energia : secures new renewable power purchase agreement in Spain #GalpEnergia #Stock #MarketScreener… https://t.co/3b9FxGED3y,1,neutral,zeroshot/twitter-financial-news-sentiment (MIT)
GCEL’s Digital Economy Platform To Assist Realization of Malaysia’s Shared Prosperity Vision 2030 Objectives,1,neutral,zeroshot/twitter-financial-news-sentiment (MIT)
Genetic Signatures : Appendix 3B - Share Issue SPP #GeneticSignatures #Stock #MarketScreener https://t.co/082ZoLFZDn https://t.co/ZdNx7jp4uW,1,neutral,zeroshot/twitter-financial-news-sentiment (MIT)
Germany's Condor sets ambitious margin target to court buyers https://t.co/COG93noQDO https://t.co/uTis2d6Fix,1,neutral,zeroshot/twitter-financial-news-sentiment (MIT)
GM and South Korea’s LG Chem set $2.3 billion electric-vehicle-battery venture in Ohio. The joint venture is expect… https://t.co/px1loY3FYe,1,neutral,zeroshot/twitter-financial-news-sentiment (MIT)
Goldman Sachs is planning on giving some of its most valuable software to Wall Street for free. https://t.co/dn4iEluF1j,1,neutral,zeroshot/twitter-financial-news-sentiment (MIT)
"Goldman's Marcus aims to lure home buyers, sellers to its personal loan platform",1,neutral,zeroshot/twitter-financial-news-sentiment (MIT)
Google Stadia review: The game streaming service works — but it’s missing key features,1,neutral,zeroshot/twitter-financial-news-sentiment (MIT)
Grazitti Interactive Expands Its Presence in North America,1,neutral,zeroshot/twitter-financial-news-sentiment (MIT)
GreenPrint Launches IMPACT COLLECTIVE Sustainability Initiative,1,neutral,zeroshot/twitter-financial-news-sentiment (MIT)
Heard on the Street: Dubai shows up Boeing’s wide-body woes https://t.co/Jla8Ap1CJm,1,neutral,zeroshot/twitter-financial-news-sentiment (MIT)
Hedge fund Two Sigma builds private equity power with $1.2bn debut Sightway Capital fund close,1,neutral,zeroshot/twitter-financial-news-sentiment (MIT)
Here's the Most Detailed Breakdown of Netflix's Subscriber Base Ever,1,neutral,zeroshot/twitter-financial-news-sentiment (MIT)
HKScan Oyj:OMIEN OSAKKEIDEN HANKINTA 25.11.2019 #Stock #MarketScreener https://t.co/pJy7Wb5xzZ https://t.co/iZcxHLUncR,1,neutral,zeroshot/twitter-financial-news-sentiment (MIT)
Honda pushes back Wuhan restart timeline,1,neutral,zeroshot/twitter-financial-news-sentiment (MIT)
Horizon Gold : Management Agreement Extended #HorizonGold #Stock #MarketScreener https://t.co/hJVXxzyv43 https://t.co/fkLqS0DRZp,1,neutral,zeroshot/twitter-financial-news-sentiment (MIT)
HSBC : Terms of Reference of Nomination & Corporate Governance Committee #HSBC #Stock #MarketScreener… https://t.co/ZAdqozoyZG,1,neutral,zeroshot/twitter-financial-news-sentiment (MIT)
Icade : Investor Presentation - November 2019 #Icade #Stock #MarketScreener https://t.co/9OI0H5lNAj https://t.co/vVW9zc9YrM,1,neutral,zeroshot/twitter-financial-news-sentiment (MIT)
intelliHR : Initial Director's Interest Notice #intelliHR #Stock #MarketScreener https://t.co/3SWLeBWsRy https://t.co/YoKYR1jZ9G,1,neutral,zeroshot/twitter-financial-news-sentiment (MIT)
iPhone maker Foxconn to make surgical face masks alongside Apple products in Shenzhen,1,neutral,zeroshot/twitter-financial-news-sentiment (MIT)
iStar : An amendment to a SC 13D filing #iStar #Stock #MarketScreener https://t.co/bxeJCoYpzv https://t.co/PLNQ0BchJR,1,neutral,zeroshot/twitter-financial-news-sentiment (MIT)
"John Hussman Buys Amazon, Facebook",1,neutral,zeroshot/twitter-financial-news-sentiment (MIT)
JPMorgan expands private credit group,1,neutral,zeroshot/twitter-financial-news-sentiment (MIT)
JUST & Sodexo Partner on a Breakfast Solution for a Better Tomorrow,1,neutral,zeroshot/twitter-financial-news-sentiment (MIT)
Kabbage Drums Up Gig Economy Business (Podcast),1,neutral,zeroshot/twitter-financial-news-sentiment (MIT)
Karrie International : UNAUDITED INTERIM RESULTS FOR THE SIX MONTHS ENDED 30 SEPTEMBER 201... #KarrieInternational… https://t.co/KMY8o7CH7h,1,neutral,zeroshot/twitter-financial-news-sentiment (MIT)
Kathie Lee's move can be a life-changer -- if it's done right. https://t.co/fRGHT9YUs9,1,neutral,zeroshot/twitter-financial-news-sentiment (MIT)
Kelley Blue Book publisher on Tesla CyberTruck: 'People are going to think about this truck' https://t.co/m1VhRuLX5R https://t.co/cTHboEEJBp,1,neutral,zeroshot/twitter-financial-news-sentiment (MIT)
Kroton Educacional S A : Material Fact - Migration Debentures #CognaEducação #Stock #MarketScreener… https://t.co/kBiatBgRJB,1,neutral,zeroshot/twitter-financial-news-sentiment (MIT)
Lithium : Sampling Results Belmont Tailings #Lithium #Stock #MarketScreener https://t.co/9gwU3f3JMu https://t.co/E4ngjYhr73,1,neutral,zeroshot/twitter-financial-news-sentiment (MIT)
L'Oreal CEO Speaks About Coronavirus Impact and Earnings,1,neutral,zeroshot/twitter-financial-news-sentiment (MIT)
Mallinckrodt loses bid to overturn adverse INOmax patent ruling,1,neutral,zeroshot/twitter-financial-news-sentiment (MIT)
Marubeni : 10 Year Extension of Production Sharing Contract for Ravva Oil and Gas Field in... #Marubeni #Stock… https://t.co/4lYEQ2SMIF,1,neutral,zeroshot/twitter-financial-news-sentiment (MIT)
Maruti Suzuki Says India Not Ready For EVs As Peers Take The Plunge,1,neutral,zeroshot/twitter-financial-news-sentiment (MIT)
"Mastercard Cash Pick-Up lets anyone with a cell phone, even those without a bank account, withdraw cash from a near... https://t.co/MmVDwyWUy0",1,neutral,zeroshot/twitter-financial-news-sentiment (MIT)
Maurice Lévy says his starting point at WeWork is to stem 'the flow of bad news' and refocus efforts on the core bu… https://t.co/YppGAFypPH,1,neutral,zeroshot/twitter-financial-news-sentiment (MIT)
Merkel says financial transaction tax is right for equities - sources #economy #MarketScreener… https://t.co/LhK8h9DCXC,1,neutral,zeroshot/twitter-financial-news-sentiment (MIT)
"MJardin Receives Cultivation, Processing License For Warman Facility",1,neutral,zeroshot/twitter-financial-news-sentiment (MIT)
"MMTC To Import 6,090 Tonne Onion To Boost Supply, Cut Prices",1,neutral,zeroshot/twitter-financial-news-sentiment (MIT)
"Moncler, the Italian maker of luxury puffy ski jackets, is holding a board meeting to discuss the company’s strateg… https://t.co/6MZQW1iMLl",1,neutral,zeroshot/twitter-financial-news-sentiment (MIT)
Morgan Stanley pushes advisers to boost revenue in 2020 pay plan -sources,1,neutral,zeroshot/twitter-financial-news-sentiment (MIT)
MTU Aero Engines : Maintenance signs exclusive CFM56-7B contract with Malaysia Airlines Berhad #MTU #Stock… https://t.co/38qwmBg0CB,1,neutral,zeroshot/twitter-financial-news-sentiment (MIT)
Myovant conference call tomorrow on late-stage study of relugolix in prostate cancer,1,neutral,zeroshot/twitter-financial-news-sentiment (MIT)
Naspers : Statement regarding Just Eat PLC circular #Naspers #Stock #MarketScreener https://t.co/1fevTx1FVf https://t.co/EfITyuOucV,1,neutral,zeroshot/twitter-financial-news-sentiment (MIT)
Naspers : Statistical Yearbook of the Czech Republic 2019 Released #Naspers #Stock #MarketScreener… https://t.co/Veh3TNMnb4,1,neutral,zeroshot/twitter-financial-news-sentiment (MIT)
Netflix : Says 26.4 Million Users Watched 'The Irishman' in First Week #Netflix #Stock #MarketScreener… https://t.co/sSRSMs74uw,1,neutral,zeroshot/twitter-financial-news-sentiment (MIT)
Neuronetics to Present at the 31st Annual Piper Jaffray Healthcare Conference  https://t.co/Xkt7qnHTs7,1,neutral,zeroshot/twitter-financial-news-sentiment (MIT)
"New investment by Carlyle, others values American Express Global Business Travel at $5 billion--WSJ",1,neutral,zeroshot/twitter-financial-news-sentiment (MIT)
New Media closes Gannett combination,1,neutral,zeroshot/twitter-financial-news-sentiment (MIT)
"Next: Charles Amerischwab pays clients to trade on its platform, crushes E-Trade stock and then buys it 80% off.",1,neutral,zeroshot/twitter-financial-news-sentiment (MIT)
Nieuwe vice president supply chain benoemd bij Viking Malt Group,1,neutral,zeroshot/twitter-financial-news-sentiment (MIT)
Nike creates the gridiron of the future for Miami powerhouse schools https://t.co/bmeD4T5Has,1,neutral,zeroshot/twitter-financial-news-sentiment (MIT)
Nike sets strategy in South America,1,neutral,zeroshot/twitter-financial-news-sentiment (MIT)
Nike's Vaporfly running sneakers to be allowed in 2020 Olympics https://t.co/zokAlame0K,1,neutral,zeroshot/twitter-financial-news-sentiment (MIT)
Nomura highlights casino sleeper amid coronavirus anxiety,1,neutral,zeroshot/twitter-financial-news-sentiment (MIT)
"Notable Insider Buys Last Week: Anthem, Discover Financial",1,neutral,zeroshot/twitter-financial-news-sentiment (MIT)
NYC pension leader targets three utilities over emissions plans,1,neutral,zeroshot/twitter-financial-news-sentiment (MIT)
Oakdale Resources : Guangdong achieves sustained progress in utilization of FDI #OakdaleResources #Stock… https://t.co/Y1ktrolyvu,1,neutral,zeroshot/twitter-financial-news-sentiment (MIT)
"Oaktree Specialty Lending NII in-line, misses on total investment income",1,neutral,zeroshot/twitter-financial-news-sentiment (MIT)
Ontario and Quebec on board with Merck HIV meds,1,neutral,zeroshot/twitter-financial-news-sentiment (MIT)
"Opal Energy : Versus Systems to Present at the LD Micro Main Event (XII) on Tuesday, Decem... #Versus #Stock… https://t.co/4VAFhHVN4S",1,neutral,zeroshot/twitter-financial-news-sentiment (MIT)
"Osram Licht CFO on Coronavirus, Auto Market, 2020 Outlook",1,neutral,zeroshot/twitter-financial-news-sentiment (MIT)
Otello : Commodity Classic Announces Main Stage Line-Up for 2020 #Otello #Stock #MarketScreener… https://t.co/kpMbYgOGOx,1,neutral,zeroshot/twitter-financial-news-sentiment (MIT)
Pepkor Weathers Tough South African Market,1,neutral,zeroshot/twitter-financial-news-sentiment (MIT)
"PG&E to cut power to 150,000 customer for fire risk",1,neutral,zeroshot/twitter-financial-news-sentiment (MIT)
PG&E’s Bid to Save Bankruptcy Plan Can Skip State Approval,1,neutral,zeroshot/twitter-financial-news-sentiment (MIT)
Piper Jaffray Announces Ticker Symbol Change to PIPR,1,neutral,zeroshot/twitter-financial-news-sentiment (MIT)
"Porsche is going all in on electric vehicles, but the legendary 911 will be the last of the brand’s lineup to make… https://t.co/cenmzD3pmN",1,neutral,zeroshot/twitter-financial-news-sentiment (MIT)
"Porsche is going all in on electric vehicles, but the legendary 911 will be the last of the brand’s lineup to make… https://t.co/yLO2JlqVp6",1,neutral,zeroshot/twitter-financial-news-sentiment (MIT)
"ProAmpac Awarded ISO Certifications in Cincinnati and Suffolk, Va. Facilities",1,neutral,zeroshot/twitter-financial-news-sentiment (MIT)
Procter & Gamble looks to get well in healthcare,1,neutral,zeroshot/twitter-financial-news-sentiment (MIT)
Profiles in Quality: Beef Marketing Group #Wendys #Stock #MarketScreener https://t.co/t9sARAvDwC https://t.co/nQpHpouz8o,1,neutral,zeroshot/twitter-financial-news-sentiment (MIT)
PSA trade unions give the nod to merger with Fiat,1,neutral,zeroshot/twitter-financial-news-sentiment (MIT)
"Q&A: Geoff McHale, VP, Data Client Partnerships #QuotientTechnology #Stock #MarketScreener https://t.co/kdb8g3Ri6O https://t.co/Djio99jAe1",1,neutral,zeroshot/twitter-financial-news-sentiment (MIT)
Qualcomm CEO Says 5G 'Is a Big Deal For Us',1,neutral,zeroshot/twitter-financial-news-sentiment (MIT)
REGO Restaurant Group Inks 20-store Development Deal for Quiznos Expansion into Latin America,1,neutral,zeroshot/twitter-financial-news-sentiment (MIT)
Renault : New Espace illustrated press kit #Renault #Stock #MarketScreener https://t.co/JCISUSGwbo https://t.co/M9sEsCHSvO,1,neutral,zeroshot/twitter-financial-news-sentiment (MIT)
Replacing Pratt engines in IndiGo fleet by end of January a challenge: CEO,1,neutral,zeroshot/twitter-financial-news-sentiment (MIT)
Respimat® re-usable inhaler wins 2020 Pharmapack Eco-Design Award,1,neutral,zeroshot/twitter-financial-news-sentiment (MIT)
Restaurant Brands International : Burger King says it never promised Impossible Whoppers w...… https://t.co/lglPK2jij4,1,neutral,zeroshot/twitter-financial-news-sentiment (MIT)
Riviera Resources Announces Cash Distribution of $4.25 Per Share; Closes the Sale of Remaining Hugoton Properties;… https://t.co/6JZLBg3EfZ,1,neutral,zeroshot/twitter-financial-news-sentiment (MIT)
Rocket Lab passes key milestone in quest to recover and reuse rockets like SpaceX https://t.co/3lZ0V5SJjV,1,neutral,zeroshot/twitter-financial-news-sentiment (MIT)
Rolls-Royce touts nuclear reactors as the most effective way of powering the production of carbon-neutral synthetic… https://t.co/dV4owYaY0v,1,neutral,zeroshot/twitter-financial-news-sentiment (MIT)
Royal Caribbean said few potential cruisers are asking about the coronavirus https://t.co/5DBeyXErMX,1,neutral,zeroshot/twitter-financial-news-sentiment (MIT)
Samenvatting: Daisy wint AI Company of the Year bij de Canadese FinTech & AI Awards,1,neutral,zeroshot/twitter-financial-news-sentiment (MIT)
Schroders : Form 8.3 -  #Schroders #Stock #MarketScreener https://t.co/j8cE9ai6TU https://t.co/XOYpvouz9E,1,neutral,zeroshot/twitter-financial-news-sentiment (MIT)
Season Pacific : ANNOUNCEMENT OF INTERIM RESULTS FOR THE SIX MONTHS ENDED 30 SEPTEMBER 2019 #SeasonPacific #Stock… https://t.co/c97pSCIfIB,1,neutral,zeroshot/twitter-financial-news-sentiment (MIT)
Seazen : CONTINUING CONNECTED TRANSACTIONS 2020 SERVICES FRAMEWORK AGREEMENT #Seazen #Stock #MarketScreener… https://t.co/61yitLx18a,1,neutral,zeroshot/twitter-financial-news-sentiment (MIT)
Semafo to restart mining at its Boungou in Q4; provides 2020 outlook,1,neutral,zeroshot/twitter-financial-news-sentiment (MIT)
SHAREHOLDER UPDATE: Airtrona International Executes LOI With Canadian Based Medical Device Company.,1,neutral,zeroshot/twitter-financial-news-sentiment (MIT)
Shutterstock launches unlimited Music plan,1,neutral,zeroshot/twitter-financial-news-sentiment (MIT)
SIFCO Industries : 11-22-2019 SIFCO Orange Fire Update #SIFCOIndustries #Stock #MarketScreener… https://t.co/bUNAvojUs2,1,neutral,zeroshot/twitter-financial-news-sentiment (MIT)
Simon Property Group Is Preparing Its Balance Sheet for Armageddon,1,neutral,zeroshot/twitter-financial-news-sentiment (MIT)
SKYCITY Entertainment : NOTICE OF ON-MARKET SHARE BUY BACK #SKYCITY #Stock #MarketScreener https://t.co/PYHdNhcr3k https://t.co/5J1DH6NFBI,1,neutral,zeroshot/twitter-financial-news-sentiment (MIT)
"So WeWork is hoping to transform into IWG which has double the revenue, 5x the members, 10x the city exposure, more… https://t.co/4Mkvur6vxJ",1,neutral,zeroshot/twitter-financial-news-sentiment (MIT)
"Sorrento Therapeutics, Inc. Received and Rejected Unsolicited All Cash Acquisition Proposal  https://t.co/3qcx6CAeCD",1,neutral,zeroshot/twitter-financial-news-sentiment (MIT)
Southwest Airlines Pushes Back Schedule For 737 MAX Until April,1,neutral,zeroshot/twitter-financial-news-sentiment (MIT)
Sports Direct International : Notice of General Meeting #SportsDirectInternational #Stock #MarketScreener… https://t.co/3fhuqDnFQD,1,neutral,zeroshot/twitter-financial-news-sentiment (MIT)
Standard Cognition Partners with Mars Wrigley to Help Retailers Optimize Impulse Item Sales in Autonomous Checkout… https://t.co/vWZz4yXeU3,1,neutral,zeroshot/twitter-financial-news-sentiment (MIT)
Statement Regarding Agency Mortgage-Backed Securities Small Value Coupon Swap Exercise Results → https://t.co/pX7DhorLFL,1,neutral,zeroshot/twitter-financial-news-sentiment (MIT)
Strike Resources : Pause in Trading #StrikeResources #Stock #MarketScreener https://t.co/YQIpscfvjm https://t.co/lw25uJ3hGn,1,neutral,zeroshot/twitter-financial-news-sentiment (MIT)
"Struggling British luxury carmaker Aston Martin aims to rustle up a $650 million capital boost, led by Canadian bil... https://t.co/tpgeI6vmuo",1,neutral,zeroshot/twitter-financial-news-sentiment (MIT)
"Sysco : Lends a Hand to the Houston Food Bank Through Financial Support, Product Donations... #Sysco #Stock… https://t.co/SMmj7Q7fUe",1,neutral,zeroshot/twitter-financial-news-sentiment (MIT)
Tencent : ADOPTION OF RESTRICTED SHARE AWARD SCHEME #Tencent #Stock #MarketScreener https://t.co/W6zh5JYStc https://t.co/QuP4GAWkRu,1,neutral,zeroshot/twitter-financial-news-sentiment (MIT)
Tesla fans in China can now take a test drive in a Model 3 made in Shanghai https://t.co/HJbMCXnViG,1,neutral,zeroshot/twitter-financial-news-sentiment (MIT)
Tesla will top biggest battery record,1,neutral,zeroshot/twitter-financial-news-sentiment (MIT)
"Tesla's truck, a Mustang SUV, a 304-mph Bugatti, and 11 other standouts from a wild week at the L.A. Auto Show https://t.co/EB1T7AOGMv",1,neutral,zeroshot/twitter-financial-news-sentiment (MIT)
The Aliera Companies Holds Holiday Drive to Support Toys for Tots,1,neutral,zeroshot/twitter-financial-news-sentiment (MIT)
The latest marker of Chinese interest in African fintech is a $120 million funding round for OPay,1,neutral,zeroshot/twitter-financial-news-sentiment (MIT)
This sustainable fund already doesn't invest in fossil fuels. Now it wants all portfolio companies to align with th... https://t.co/vcxPmt4JUL,1,neutral,zeroshot/twitter-financial-news-sentiment (MIT)
This Tiny Crypto Startup Has Lessons for Libra’s ‘Unbanked’ Dreams,1,neutral,zeroshot/twitter-financial-news-sentiment (MIT)
TikTok exploring distancing itself from China roots - WSJ,1,neutral,zeroshot/twitter-financial-news-sentiment (MIT)
TikTok takes on Facebook in US advertising push https://t.co/xvVfQHl8Uj,1,neutral,zeroshot/twitter-financial-news-sentiment (MIT)
T-Mobile moves not enough to address concerns - New York AG,1,neutral,zeroshot/twitter-financial-news-sentiment (MIT)
Total : Details Plans to Develop Waha Concessions in Libya #Total #Stock #MarketScreener https://t.co/tpVWTyuD5K https://t.co/wf7QAN9arD,1,neutral,zeroshot/twitter-financial-news-sentiment (MIT)
Total Halts Production at Normandy Refinery After Fire,1,neutral,zeroshot/twitter-financial-news-sentiment (MIT)
TriStar Gold : Working with GoldSpot Discoveries at CDS and Announces Brokered Private Pla... #TriStarGold #economy… https://t.co/SY3soXR2Qq,1,neutral,zeroshot/twitter-financial-news-sentiment (MIT)
Troy Income & Growth Trust : Publication of Suppl.Prospcts  #Stock #MarketScreener https://t.co/6rYHq9nvYb https://t.co/0jjvKVppPI,1,neutral,zeroshot/twitter-financial-news-sentiment (MIT)
Two of three SandRidge royalty trusts lose NYSE listing,1,neutral,zeroshot/twitter-financial-news-sentiment (MIT)
"U.S. Congress seeks answers on patient privacy in Google, Ascension cloud deal",1,neutral,zeroshot/twitter-financial-news-sentiment (MIT)
UAE says Emirates pilots did not monitor settings in 2016 crash,1,neutral,zeroshot/twitter-financial-news-sentiment (MIT)
Uber Declares an End to Growth at All Costs,1,neutral,zeroshot/twitter-financial-news-sentiment (MIT)
"Uber is adding video and audio recording for more trips to make the service safer, but the move has triggered priva… https://t.co/C9jUnjSvzE",1,neutral,zeroshot/twitter-financial-news-sentiment (MIT)
Uber's arrival caused binge drinking to increase up to 21.8% and a possible decrease in drunk driving. Here's a lo… https://t.co/4h7tuhLp1B,1,neutral,zeroshot/twitter-financial-news-sentiment (MIT)
United Airlines' next CEO a 'details guy' who will have labor contracts and the 737 Max on his plate https://t.co/FQ54xaqF6L,1,neutral,zeroshot/twitter-financial-news-sentiment (MIT)
UPDATE 1-BT will maintain ties with skills group if it drops Prince Andrew as patron,1,neutral,zeroshot/twitter-financial-news-sentiment (MIT)
UPDATE 1-Italian airline Alitalia's rescue in doubt as Atlantia backtracks,1,neutral,zeroshot/twitter-financial-news-sentiment (MIT)
UPDATE 1-LivaNova to scrap mitral heart valve device as part of restructuring,1,neutral,zeroshot/twitter-financial-news-sentiment (MIT)
UPDATE 2-Crunch talks lead to Emirates order for 30 Boeing Dreamliners,1,neutral,zeroshot/twitter-financial-news-sentiment (MIT)
UPDATE 2-Thousands of CN Rail workers hold first strike in a decade,1,neutral,zeroshot/twitter-financial-news-sentiment (MIT)
VGI Partners Global Investments : Change of Director's Interest Notice-Robert Luciano #VGI #Stock #MarketScreener… https://t.co/RdC3f43HPU,1,neutral,zeroshot/twitter-financial-news-sentiment (MIT)
Volkswagen talks up next-gen EV wagon,1,neutral,zeroshot/twitter-financial-news-sentiment (MIT)
"VTEX, an e-commerce platform used by Walmart, raises $140M led by SoftBank's LatAm fund https://t.co/UJ2s2wUYPD via… https://t.co/sATiJD3uQM",1,neutral,zeroshot/twitter-financial-news-sentiment (MIT)
Wagners : Boral Cement Supply Agreement Update #Wagners #Stock #MarketScreener https://t.co/LFuHxWqfMI https://t.co/KjVa1a4bT7,1,neutral,zeroshot/twitter-financial-news-sentiment (MIT)
Walgreens Boots Alliance and McKesson team up in Germany,1,neutral,zeroshot/twitter-financial-news-sentiment (MIT)
Walmart looks to get past dog days of in-house grocery delivery,1,neutral,zeroshot/twitter-financial-news-sentiment (MIT)
Warren Buffett's Berkshire bets on a heavily shorted stock https://t.co/KGSTAcOHTL,1,neutral,zeroshot/twitter-financial-news-sentiment (MIT)
"WATCH: Unilever, Henkel and as well as some buyout funds could be in the market for some of Coty's brands in a deal… https://t.co/VZFaz5oTOn",1,neutral,zeroshot/twitter-financial-news-sentiment (MIT)
"WATCH: Unilever, Henkel as well as buyout funds including Advent and Cinven are exploring bids for some of Coty’s t… https://t.co/wc4unz3izM",1,neutral,zeroshot/twitter-financial-news-sentiment (MIT)
Wells Fargo offers real-time payments on RTP network,1,neutral,zeroshot/twitter-financial-news-sentiment (MIT)
WeWork’s chairman outlined a 5-year turnaround plan at a meeting with employees Friday and introduced new additions… https://t.co/m0CqE1LsIx,1,neutral,zeroshot/twitter-financial-news-sentiment (MIT)
What Top Shareholders Said in Run Up to Credit Suisse CEO Ouster,1,neutral,zeroshot/twitter-financial-news-sentiment (MIT)
Will 2020 Finally Be the Year AR and VR Matter for Facebook?,1,neutral,zeroshot/twitter-financial-news-sentiment (MIT)
Will Second-Hand Sales Add Value to Nordstrom?,1,neutral,zeroshot/twitter-financial-news-sentiment (MIT)
WRAPUP-Airbus dominates second day of Dubai show as Boeing wins MAX order,1,neutral,zeroshot/twitter-financial-news-sentiment (MIT)
WuXi AppTec : 1) ADJUSTMENTS TO THE NUMBER OF THE INCENTIVE PARTICIPANTS AND NUMBER OF RES... #Stock… https://t.co/piw3RrVBvr,1,neutral,zeroshot/twitter-financial-news-sentiment (MIT)
Zijin Mining : Announcement in Relation to Listing of A Shares Issued under the Public Iss... #ZijinMining #Stock… https://t.co/GJHpHm4moY,1,neutral,zeroshot/twitter-financial-news-sentiment (MIT)
Zoono : Response to ASX Price Query #Zoono #Stock #MarketScreener https://t.co/vGfeMDtA3E https://t.co/62mQHJC6x2,1,neutral,zeroshot/twitter-financial-news-sentiment (MIT)
"A fire broke out overnight at Exxon's Baton Rouge oil refinery in Louisiana, halting production at the fifth-bigges… https://t.co/fo5UTOUNMB",1,neutral,zeroshot/twitter-financial-news-sentiment (MIT)
Hackers Breach Ring Home Security Cameras,0,negative,zeroshot/twitter-financial-news-sentiment (MIT)
"Press release: cyber attack - update January 31, 2020 #Picanol #Stock #MarketScreener https://t.co/AXwQmrRC3G https://t.co/e4KSKzdmA9",0,negative,zeroshot/twitter-financial-news-sentiment (MIT)
T-Mobile said a hacker gained access to limited information contained in prepaid accounts https://t.co/Ui6KpaVAmj,0,negative,zeroshot/twitter-financial-news-sentiment (MIT)
Did the Russians hack WIRP?,1,neutral,zeroshot/twitter-financial-news-sentiment (MIT)
10Y Yield LOD 1.7620%,0,negative,zeroshot/twitter-financial-news-sentiment (MIT)
30-year Treasury yield plumbs key 2% support level https://t.co/g1AUTKwOCb,0,negative,zeroshot/twitter-financial-news-sentiment (MIT)
$BONDX: Overnight Treasury Market Summary https://t.co/5J3iMVcpJL,1,neutral,zeroshot/twitter-financial-news-sentiment (MIT)
$COLL - Collegium launches convertible debt offering https://t.co/TlHbqpmywE,1,neutral,zeroshot/twitter-financial-news-sentiment (MIT)
$ITHUF - iAnthus Defaults On Debt: What Comes Next?. https://t.co/3Tb0wenS3x #investing #economy #finance,1,neutral,zeroshot/twitter-financial-news-sentiment (MIT)
$RILY - B. Riley offers $50M of senior notes https://t.co/p8Kqe6nSTR,1,neutral,zeroshot/twitter-financial-news-sentiment (MIT)
$UNIT - Uniti closes $2.25B in refinancing https://t.co/NxKtfwbaZa,1,neutral,zeroshot/twitter-financial-news-sentiment (MIT)
$WBA - Walgreens sets $500M revolving credit line https://t.co/jsiWkSKB7P,1,neutral,zeroshot/twitter-financial-news-sentiment (MIT)
$WDAY - Workday enters new credit facility https://t.co/XBMCTYEJRi,1,neutral,zeroshot/twitter-financial-news-sentiment (MIT)
10-year yield at 1.632%; 2-year yield at 1.450%; 30-year yield at 2.088%,1,neutral,zeroshot/twitter-financial-news-sentiment (MIT)
8x8 -2.9% on $75M convertible note issue,1,neutral,zeroshot/twitter-financial-news-sentiment (MIT)
"A group of investors agreed to a tentative plan to reduce Puerto Rico's debt by about 40%, a key hurdle in its reco… https://t.co/KZK55OaEmp",1,neutral,zeroshot/twitter-financial-news-sentiment (MIT)
Archrock prices $500M of senior notes,1,neutral,zeroshot/twitter-financial-news-sentiment (MIT)
AT&T takes on $5.5 billion loan to boost 'financial flexibility' https://t.co/ENTHbld55o https://t.co/BsoQHzpzao,1,neutral,zeroshot/twitter-financial-news-sentiment (MIT)
B. Riley offers $50M of senior notes,1,neutral,zeroshot/twitter-financial-news-sentiment (MIT)
B. Riley prices upsized $115M offering of notes,1,neutral,zeroshot/twitter-financial-news-sentiment (MIT)
Chefs' Warehouse floats new debt,1,neutral,zeroshot/twitter-financial-news-sentiment (MIT)
"China is planning a record sale of sovereign bonds in dollars, with a potential $6 billion offering https://t.co/zWNMQ4mXNb",1,neutral,zeroshot/twitter-financial-news-sentiment (MIT)
China lines up record-breaking dollar bond https://t.co/XqtVhZcmWm,1,neutral,zeroshot/twitter-financial-news-sentiment (MIT)
China’s $1.5 Trillion Pile of Bad Debt Lures Foreign Funds,1,neutral,zeroshot/twitter-financial-news-sentiment (MIT)
"CLARIDA: DON'T THINK YIELD CURVE REFLECTS U.S. SITUATION

Yes, well, thanks to the Fed nothing reflects anything anymore",1,neutral,zeroshot/twitter-financial-news-sentiment (MIT)
Comcast redeeming all $1B in 2047 senior notes,1,neutral,zeroshot/twitter-financial-news-sentiment (MIT)
"EasyJet requests draw down of $500 million credit facility, explores more funding https://t.co/ZQZlGMNBJS https://t.co/09iTvOg2Av",1,neutral,zeroshot/twitter-financial-news-sentiment (MIT)
Gates to offer $568M of senior notes,1,neutral,zeroshot/twitter-financial-news-sentiment (MIT)
Kaiser Aluminum offers $500M senior notes due 2028,1,neutral,zeroshot/twitter-financial-news-sentiment (MIT)
LabCorp prices $1.05B debt offering,1,neutral,zeroshot/twitter-financial-news-sentiment (MIT)
Landsbankinn hf.: Supplement to the base prospectus for covered bond programme #Stock #MarketScreener… https://t.co/5TUTVnGSFd,1,neutral,zeroshot/twitter-financial-news-sentiment (MIT)
Match Group announces $500M senior notes offering,1,neutral,zeroshot/twitter-financial-news-sentiment (MIT)
Nasdaq prices 600M senior notes offering,1,neutral,zeroshot/twitter-financial-news-sentiment (MIT)
New York Sports Clubs Owner Plans Debt Extension With Sweetener,1,neutral,zeroshot/twitter-financial-news-sentiment (MIT)
"Nigeria won't seek a suspension of interest payments from its Eurobond bondholders, but will seek debt relief from… https://t.co/Bh7HUUF4kO",1,neutral,zeroshot/twitter-financial-news-sentiment (MIT)
Piraeus Port Authority (ATH:PPA) Seems To Use Debt Rather Sparingly,1,neutral,zeroshot/twitter-financial-news-sentiment (MIT)
"Qatar began marketing U.S. dollar-denominated bonds, the first Persian Gulf state to tap the debt markets since the… https://t.co/UknSZl5wZv",1,neutral,zeroshot/twitter-financial-news-sentiment (MIT)
"Repsol SA is the latest oil major to head to Europe's debt market for fresh financing, with other large borrowers p… https://t.co/oJrYVdaGNY",1,neutral,zeroshot/twitter-financial-news-sentiment (MIT)
"Spanish companies, households snap up state-backed emergency credit  #Stock #MarketScreener https://t.co/o9iBDZEijE https://t.co/FQyY8WaORo",1,neutral,zeroshot/twitter-financial-news-sentiment (MIT)
"Telenet : issues a new 6.2-year Ã‚â‚¬510.0 million revolving credit facility, further strength... #Telenet #Stock… https://t.co/6u4or9Yn9H",1,neutral,zeroshot/twitter-financial-news-sentiment (MIT)
"The bond market is looking 'overbought' even in the context of coronavirus fears, analysts say https://t.co/ALSVRYK0bD",1,neutral,zeroshot/twitter-financial-news-sentiment (MIT)
"Two key regulators are holding off on easing Wall Street debt limits, leaving billions of dollars locked up that co… https://t.co/YvDDlEcmh2",1,neutral,zeroshot/twitter-financial-news-sentiment (MIT)
Vereit files for senior notes offering,1,neutral,zeroshot/twitter-financial-news-sentiment (MIT)
"VF : to Draw Down $1 Billion From Credit Facility, Cuts CEO's Pay by 50% #VF #Stock #MarketScreener… https://t.co/ZWMiFpYcfy",1,neutral,zeroshot/twitter-financial-news-sentiment (MIT)
White House considering U.S. Treasury coronavirus bond: Kudlow #economy #MarketScreener https://t.co/qti2hB0N8z https://t.co/LT6g2sGH51,1,neutral,zeroshot/twitter-financial-news-sentiment (MIT)
Yields head lower despite strong economic numbers,1,neutral,zeroshot/twitter-financial-news-sentiment (MIT)
Democrats push for the Fed to buy low-rated municipal debt to ease the virus strain on state and local governments https://t.co/rFJqDxUqZM,1,neutral,zeroshot/twitter-financial-news-sentiment (MIT)
Euro zone to consider credit line from bailout fund to fight coronavirus https://t.co/aHTraPoyIK https://t.co/Rra8KyLRGy,1,neutral,zeroshot/twitter-financial-news-sentiment (MIT)
$BEVFF - Diversified Royalty cuts dividend by ~14% https://t.co/O7QVe3IbbN,0,negative,zeroshot/twitter-financial-news-sentiment (MIT)
"$CAE: CAE temporarily suspends dividend and share repurchase plan; lays off 2,600 of its 10,500 employees; to... https://t.co/8PObDJoSCb",0,negative,zeroshot/twitter-financial-news-sentiment (MIT)
Boeing supplier Spirit cuts dividend due to 737 MAX crisis,0,negative,zeroshot/twitter-financial-news-sentiment (MIT)
$JKHY: Jack Henry increases quarterly dividend to $0.43/share from $0.40/share https://t.co/qKWFqFJW2n,2,positive,zeroshot/twitter-financial-news-sentiment (MIT)
"AT&T to raise quarterly dividend by 2% to 52 cents a share, retire $100 million of stock in Q1",2,positive,zeroshot/twitter-financial-news-sentiment (MIT)
International Bancshares Corporation's (NASDAQ:IBOC) 2.6% Dividend Yield Looks Pretty Interesting,2,positive,zeroshot/twitter-financial-news-sentiment (MIT)
Suncor's dividend boost reassures analysts amid weak Q4,2,positive,zeroshot/twitter-financial-news-sentiment (MIT)
$ATGFF - AltaGas declares CAD 0.08 dividend https://t.co/kw9EvOcgYY,1,neutral,zeroshot/twitter-financial-news-sentiment (MIT)
$BANC - Banc of California declares $0.06 dividend https://t.co/T4PbSBACvo,1,neutral,zeroshot/twitter-financial-news-sentiment (MIT)
$BOTJ - Bank of the James Financial Group declares $0.04 dividend https://t.co/aHMeRZPJNk,1,neutral,zeroshot/twitter-financial-news-sentiment (MIT)
$ELY - Callaway Golf declares $0.01 dividend https://t.co/EnRdwwSBCR,1,neutral,zeroshot/twitter-financial-news-sentiment (MIT)
$ERC - Wells Fargo Multi-Sector Income Fund declares $0.09888 dividend https://t.co/7AP9iYwPSF,1,neutral,zeroshot/twitter-financial-news-sentiment (MIT)
$ES - Eversource Energy declares $0.535 dividend https://t.co/hgU90swNYW,1,neutral,zeroshot/twitter-financial-news-sentiment (MIT)
$JPM - JPMorgan Chase declares $0.90 dividend https://t.co/NGBRqyTMUq,1,neutral,zeroshot/twitter-financial-news-sentiment (MIT)
$STE - Steris declares $0.37 dividend https://t.co/VkiswVp82t,1,neutral,zeroshot/twitter-financial-news-sentiment (MIT)
$SWZ - Swiss Helvetia Fund declares $0.1404 dividend https://t.co/Aoc3efzp2w,1,neutral,zeroshot/twitter-financial-news-sentiment (MIT)
Alaris Royalty declares CAD 0.1375 dividend,1,neutral,zeroshot/twitter-financial-news-sentiment (MIT)
BankFinancial goes ex-dividend tomorrow,1,neutral,zeroshot/twitter-financial-news-sentiment (MIT)
Beach Energy declares AUD 1.00 dividend,1,neutral,zeroshot/twitter-financial-news-sentiment (MIT)
Boyd Gaming declares $0.07 dividend,1,neutral,zeroshot/twitter-financial-news-sentiment (MIT)
Chorus Aviation declares CAD 0.04 dividend,1,neutral,zeroshot/twitter-financial-news-sentiment (MIT)
Contact Energy declares NZ$0.16 dividend,1,neutral,zeroshot/twitter-financial-news-sentiment (MIT)
Contango Income Generator : September 2019 Quarter Dividend #ContangoIncomeGenerator #Stock #MarketScreener… https://t.co/OU5Rh5rlLB,1,neutral,zeroshot/twitter-financial-news-sentiment (MIT)
Dicker Data : Update - Dividend/Distribution - DDR #DickerData #Stock #MarketScreener https://t.co/xihVE978uQ https://t.co/VxJWQ2nvtH,1,neutral,zeroshot/twitter-financial-news-sentiment (MIT)
"Digital Realty Trust, Inc. 5.2% PFD SER L declares $0.2925 dividend",1,neutral,zeroshot/twitter-financial-news-sentiment (MIT)
"Digital Realty Trust, Inc. 6.35% PFD I CUM declares $0.396875 dividend",1,neutral,zeroshot/twitter-financial-news-sentiment (MIT)
Equinor declares $0.27 dividend,1,neutral,zeroshot/twitter-financial-news-sentiment (MIT)
Franklin Universal Trust declares $0.032 dividend,1,neutral,zeroshot/twitter-financial-news-sentiment (MIT)
GasLog Partners declares $0.561 dividend,1,neutral,zeroshot/twitter-financial-news-sentiment (MIT)
Inter Pipeline declares CAD 0.1425 dividend,1,neutral,zeroshot/twitter-financial-news-sentiment (MIT)
INVESCO Perpetual UK Smaller Investment Trust : Dividend Declaration  #Stock #MarketScreener https://t.co/ImzY3UWZed https://t.co/xPxZGkhcdl,1,neutral,zeroshot/twitter-financial-news-sentiment (MIT)
Nexus REIT declares CAD 0.0133 dividend,1,neutral,zeroshot/twitter-financial-news-sentiment (MIT)
Northern Star Resources : Appendix 3A.1 &ndash; Notification of Dividend #NorthernStarResources #Stock… https://t.co/1VwT4eGaXs,1,neutral,zeroshot/twitter-financial-news-sentiment (MIT)
Northfield Bancorp goes ex-dividend tomorrow,1,neutral,zeroshot/twitter-financial-news-sentiment (MIT)
Nuveen Pennsylvania Municipal Value Fund declares $0.038 dividend,1,neutral,zeroshot/twitter-financial-news-sentiment (MIT)
NXP Semiconductors declares $0.375 dividend,1,neutral,zeroshot/twitter-financial-news-sentiment (MIT)
OneMain Holdings declares $0.33 dividend,1,neutral,zeroshot/twitter-financial-news-sentiment (MIT)
PennyMac Mortgage Investment Trust CUM RED PFD B declares $0.50 dividend,1,neutral,zeroshot/twitter-financial-news-sentiment (MIT)
PennyMac Mortgage Investment Trust PFD SER A declares $0.5078 dividend,1,neutral,zeroshot/twitter-financial-news-sentiment (MIT)
Primerica goes ex-dividend tomorrow,1,neutral,zeroshot/twitter-financial-news-sentiment (MIT)
QIWI plc declares $0.28 dividend,1,neutral,zeroshot/twitter-financial-news-sentiment (MIT)
SB One Bancorp goes ex-dividend on Monday,1,neutral,zeroshot/twitter-financial-news-sentiment (MIT)
Schlumberger goes ex-dividend tomorrow,1,neutral,zeroshot/twitter-financial-news-sentiment (MIT)
Southwest Airlines declares $0.18 dividend,1,neutral,zeroshot/twitter-financial-news-sentiment (MIT)
Superior Plus Announces February 2020 Cash Dividend and Upcoming Events,1,neutral,zeroshot/twitter-financial-news-sentiment (MIT)
Sylogist declares CAD 0.10 dividend,1,neutral,zeroshot/twitter-financial-news-sentiment (MIT)
Tekla Healthcare Opportunities Fund declares $0.1125 dividend,1,neutral,zeroshot/twitter-financial-news-sentiment (MIT)
Tekla World Healthcare Fund declares $0.1167 dividend,1,neutral,zeroshot/twitter-financial-news-sentiment (MIT)
Vishay Intertechnology declares $0.095 dividend,1,neutral,zeroshot/twitter-financial-news-sentiment (MIT)
WPT Industrial REIT declares $0.0633 dividend,1,neutral,zeroshot/twitter-financial-news-sentiment (MIT)
WVS Financial goes ex-dividend tomorrow,1,neutral,zeroshot/twitter-financial-news-sentiment (MIT)
Dish TV India Limited Just Missed Earnings With A Surprise Loss - Here Are Analysts Latest Forecasts,0,negative,zeroshot/twitter-financial-news-sentiment (MIT)
Legacy Housing Corporation Earnings Missed Analyst Estimates: Here's What Analysts Are Forecasting Now,0,negative,zeroshot/twitter-financial-news-sentiment (MIT)
Playtech warns it will miss earnings expectations https://t.co/Zsz2VKkcrc,0,negative,zeroshot/twitter-financial-news-sentiment (MIT)
Was Five Star Senior Living Inc.'s (NASDAQ:FVE) Earnings Decline Part Of A Broader Industry Downturn?,0,negative,zeroshot/twitter-financial-news-sentiment (MIT)
Why Home Depot Stumbled on Earnings,0,negative,zeroshot/twitter-financial-news-sentiment (MIT)
"$NVDA - After Intel And AMD, Nvidia Q4 Earnings Release Most Likely Beats. https://t.co/e87ZEOd1Z8 #business #stockmarket #markets",2,positive,zeroshot/twitter-financial-news-sentiment (MIT)
Adobe Hits New Highs on Earnings - Here’s What the Charts Say - TheStreet,2,positive,zeroshot/twitter-financial-news-sentiment (MIT)
Amazon rejoins $1tn club on back of blockbuster earnings https://t.co/a3rPNz6Xsn,2,positive,zeroshot/twitter-financial-news-sentiment (MIT)
Cineplex Inc. Just Beat Earnings Expectations: Here's What Analysts Think Will Happen Next,2,positive,zeroshot/twitter-financial-news-sentiment (MIT)
"CrowdStrike strikes gain with another blow out report (CRWD)                   
https://t.co/GtK5LmJbfX $CRWD",2,positive,zeroshot/twitter-financial-news-sentiment (MIT)
Pharma ETFs Gain on Healthy Q4 Earnings,2,positive,zeroshot/twitter-financial-news-sentiment (MIT)
Sonos Sounds Good After Earnings Beat,2,positive,zeroshot/twitter-financial-news-sentiment (MIT)
Why Pinterest Earnings Were So Inspiring,2,positive,zeroshot/twitter-financial-news-sentiment (MIT)
$AIZ - Assurant Q4 2019 Earnings Preview https://t.co/RbjIk0NRk8,1,neutral,zeroshot/twitter-financial-news-sentiment (MIT)
$AMBA - Ambarella Q3 2020 Earnings Preview https://t.co/NR63jlJVHm,1,neutral,zeroshot/twitter-financial-news-sentiment (MIT)
$AN - AutoNation Q4 2019 Earnings Preview https://t.co/6dXenvxdEY,1,neutral,zeroshot/twitter-financial-news-sentiment (MIT)
$BAH - Booz Allen Hamilton Holding Corporation (BAH) CEO Horacio Rozanski on Q3 2020 Results - Earnings Call Transc... https://t.co/dNOLR4pBSn,1,neutral,zeroshot/twitter-financial-news-sentiment (MIT)
$BPIRY $BPIRD $BPIRF - Piraeus Bank reports Q3 results https://t.co/w7GoiSjs8N,1,neutral,zeroshot/twitter-financial-news-sentiment (MIT)
"$BR - Broadridge Financial Solutions, Inc. (BR) CEO Tim Gokey on Q2 2020 Results - Earnings Call Transcript.... https://t.co/yYrbfCRfBh",1,neutral,zeroshot/twitter-financial-news-sentiment (MIT)
$CEIX - CONSOL Energy Q4 2019 Earnings Preview https://t.co/hNZ8OnhPhh,1,neutral,zeroshot/twitter-financial-news-sentiment (MIT)
"$CLDR - Cloudera, Inc. (CLDR) CEO Martin Cole on Q3 2020 Results - Earnings Call Transcript. Read more and get upda… https://t.co/zgmQ7X8gvp",1,neutral,zeroshot/twitter-financial-news-sentiment (MIT)
$CMD - Cantel Medical Corp. (CMD) CEO George Fotiades on Q1 2020 Results - Earnings Call Transcript. Continue readi… https://t.co/2ZQtrDBqqe,1,neutral,zeroshot/twitter-financial-news-sentiment (MIT)
$CNS - Cohen & Steers reports January AUM of $73.3B https://t.co/fmpmExnIde,1,neutral,zeroshot/twitter-financial-news-sentiment (MIT)
$CRL - Charles River Laboratories Q4 2019 Earnings Preview https://t.co/kXRc3AJodT,1,neutral,zeroshot/twitter-financial-news-sentiment (MIT)
"$CULP - Culp, Inc. 2020 Q2 - Results - Earnings Call Presentation. Read more and get updates on any stock!… https://t.co/k65vOwaaB9",1,neutral,zeroshot/twitter-financial-news-sentiment (MIT)
$D - Dominion Energy Q4 2019 Earnings Preview https://t.co/blwGYqai5K,1,neutral,zeroshot/twitter-financial-news-sentiment (MIT)
$DBD - Diebold Nixdorf Q4 2019 Earnings Preview https://t.co/fbABq6ow2F,1,neutral,zeroshot/twitter-financial-news-sentiment (MIT)
$EARN - Ellington Residential Mortgage REIT reports Q4 results https://t.co/VyLG9T1ATd,1,neutral,zeroshot/twitter-financial-news-sentiment (MIT)
$ELY - Callaway Golf Company 2019 Q4 - Results - Earnings Call Presentation. https://t.co/57nAtnddKP #markets #trading #economy,1,neutral,zeroshot/twitter-financial-news-sentiment (MIT)
$EVI - EVI reports Q2 results https://t.co/JORsCDM5m7,1,neutral,zeroshot/twitter-financial-news-sentiment (MIT)
"$FISI - Financial Institutions, Inc. (FISI) CEO Marty Birmingham on Q4 2019 Results - Earnings Call Transcript.... https://t.co/x0EUXRLkqc",1,neutral,zeroshot/twitter-financial-news-sentiment (MIT)
$HAS - Hasbro Q4 2019 Earnings Preview https://t.co/vMIhbuEfgX,1,neutral,zeroshot/twitter-financial-news-sentiment (MIT)
$HBAYF - Hudson's Bay Company (HBAYF) CEO Helena Foulkes on Q3 2019 Results - Earnings Call Transcript. Continue re… https://t.co/YoS5k00NYv,1,neutral,zeroshot/twitter-financial-news-sentiment (MIT)
$IFLXF - Imaflex reports Q3 results https://t.co/3rqgPSpjRZ,1,neutral,zeroshot/twitter-financial-news-sentiment (MIT)
$IOFB - Iowa First Bancshares reports Q4 results https://t.co/jT2mbQvS4e,1,neutral,zeroshot/twitter-financial-news-sentiment (MIT)
$IVC - Invacare Corporation (IVC) CEO Matthew Monaghan on Q4 2019 Results - Earnings Call Transcript.… https://t.co/Okr6M5SxnF,1,neutral,zeroshot/twitter-financial-news-sentiment (MIT)
"$JBSS - John B. Sanfilippo & Son, Inc. (JBSS) CEO Jeffrey Sanfilippo on Q2 2020 Results - Earnings Call Transcript.... https://t.co/6vtzuGJJVc",1,neutral,zeroshot/twitter-financial-news-sentiment (MIT)
$LPX - Louisiana-Pacific Q4 2019 Earnings Preview https://t.co/4vQ4G5x1Yv,1,neutral,zeroshot/twitter-financial-news-sentiment (MIT)
"$MELI - MercadoLibre, Inc. 2019 Q4 - Results - Earnings Call Presentation. https://t.co/KcRqfODmhA #business #markets #stockmarket",1,neutral,zeroshot/twitter-financial-news-sentiment (MIT)
$MLM - Martin Marietta Materials Q4 2019 Earnings Preview https://t.co/jgnzxkIdqd,1,neutral,zeroshot/twitter-financial-news-sentiment (MIT)
$NCR - NCR Q4 2019 Earnings Preview https://t.co/VDRlgyflHj,1,neutral,zeroshot/twitter-financial-news-sentiment (MIT)
$NIU - Niu Technologies 2019 Q3 - Results - Earnings Call Presentation. Read more: https://t.co/OOWkcX2Atx #investing #stocks #stockmarket,1,neutral,zeroshot/twitter-financial-news-sentiment (MIT)
$NNN - National Retail Properties Q4 Earnings Preview https://t.co/pyBH8YQj1p,1,neutral,zeroshot/twitter-financial-news-sentiment (MIT)
$NSP - Insperity Q4 2019 Earnings Preview https://t.co/bhbi9TFrFi,1,neutral,zeroshot/twitter-financial-news-sentiment (MIT)
$OMC - Omnicom Q4 2019 Earnings Preview https://t.co/RuCz38Mcy6,1,neutral,zeroshot/twitter-financial-news-sentiment (MIT)
$PANW - Palo Alto Networks Q1 2020 Earnings Preview https://t.co/DfQXpl34fA,1,neutral,zeroshot/twitter-financial-news-sentiment (MIT)
$PHCEF - PharmaCielo reports Q3 results https://t.co/8l2CVHznGj,1,neutral,zeroshot/twitter-financial-news-sentiment (MIT)
$PSX - Phillips 66 2019 Q4 - Results - Earnings Call Presentation. https://t.co/lQFktaxl9V #markets #trading #stocks,1,neutral,zeroshot/twitter-financial-news-sentiment (MIT)
$PVH - Phillips-Van Heusen Q3 2020 Earnings Preview https://t.co/kNhCYwVnBX,1,neutral,zeroshot/twitter-financial-news-sentiment (MIT)
"$RGCO - RGC Resources, Inc. (RGCO) CEO John D'Orazio on Q4 2019 Results - Earnings Call Transcript. Read more and g… https://t.co/UR8KXNoy1h",1,neutral,zeroshot/twitter-financial-news-sentiment (MIT)
$RNUGF - ReNeuron Group plc (RNUGF) CEO Olav Hellebø on Q2 2020 Results - Earnings Call Transcript. Follow this and… https://t.co/mHsXKdhtCw,1,neutral,zeroshot/twitter-financial-news-sentiment (MIT)
$UAA - Under Armour Q4 2019 Earnings Preview https://t.co/5lR80ygFWK,1,neutral,zeroshot/twitter-financial-news-sentiment (MIT)
$UNFI - United Natural Foods Inc (UNFI) CEO Steve Spinner on Q1 2020 Results - Earnings Call Transcript. Keep readi… https://t.co/9UbHS6nuQP,1,neutral,zeroshot/twitter-financial-news-sentiment (MIT)
"$USAK - USA Truck, Inc. 2019 Q4 - Results - Earnings Call Presentation. https://t.co/VaoeaJ18mB #markets #economy #trading",1,neutral,zeroshot/twitter-financial-news-sentiment (MIT)
$VIRT - Virtu Financial Q4 2019 Earnings Preview https://t.co/DEQoJ2KqSU,1,neutral,zeroshot/twitter-financial-news-sentiment (MIT)
"$ZUO - Zuora, Inc. (ZUO) CEO Tien Tzuo on Q3 2020 Results - Earnings Call Transcript. Subscribe to Seeking Alpha fo… https://t.co/phrquf7Ktv",1,neutral,zeroshot/twitter-financial-news-sentiment (MIT)
.@BruceKamich digs into Palo Alto $PANW charts ahead of earnings:   https://t.co/9bh2ztu5Yv,1,neutral,zeroshot/twitter-financial-news-sentiment (MIT)
01 Communique Laboratory reports Q4 results,1,neutral,zeroshot/twitter-financial-news-sentiment (MIT)
Acura Pharmaceuticals reports Q2 results,1,neutral,zeroshot/twitter-financial-news-sentiment (MIT)
Adhera Therapeutics reports Q3 results,1,neutral,zeroshot/twitter-financial-news-sentiment (MIT)
Advanced Drainage Systems Announces Third Quarter Fiscal 2020 Results,1,neutral,zeroshot/twitter-financial-news-sentiment (MIT)
Alternus Energy reports Q3 results,1,neutral,zeroshot/twitter-financial-news-sentiment (MIT)
Amen Properties Reports Results for Third Quarter of 2019 and Announces Dividend,1,neutral,zeroshot/twitter-financial-news-sentiment (MIT)
B Communications reports Q3 results,1,neutral,zeroshot/twitter-financial-news-sentiment (MIT)
Bank Hapoalim reports Q3 results,1,neutral,zeroshot/twitter-financial-news-sentiment (MIT)
Biofrontera reports 9M results,1,neutral,zeroshot/twitter-financial-news-sentiment (MIT)
Biorem reports Q3 results,1,neutral,zeroshot/twitter-financial-news-sentiment (MIT)
Biotage AB reports Q4 results,1,neutral,zeroshot/twitter-financial-news-sentiment (MIT)
"BlackBerry, Conagra, FedEx, Micron, Nike and More Earnings Coming This Week",1,neutral,zeroshot/twitter-financial-news-sentiment (MIT)
"BrightSphere Reports Financial and Operating Results for the Fourth Quarter Ended December 31, 2019",1,neutral,zeroshot/twitter-financial-news-sentiment (MIT)
Canbiola reports Q3 results,1,neutral,zeroshot/twitter-financial-news-sentiment (MIT)
Centaurus Energy reports Q3 results,1,neutral,zeroshot/twitter-financial-news-sentiment (MIT)
ChoiceOne Financial Services reports Q4 results,1,neutral,zeroshot/twitter-financial-news-sentiment (MIT)
Ciner Resources LP to Release 4th Quarter and Year-End 2019 Results,1,neutral,zeroshot/twitter-financial-news-sentiment (MIT)
CyberOptics Fourth Quarter 2019 Earnings Conference Call Scheduled for February 19,1,neutral,zeroshot/twitter-financial-news-sentiment (MIT)
DCP Midstream Q4 Earnings Preview,1,neutral,zeroshot/twitter-financial-news-sentiment (MIT)
Did Thermo Fisher Scientific Inc.'s (NYSE:TMO) Recent Earnings Growth Beat The Trend?,1,neutral,zeroshot/twitter-financial-news-sentiment (MIT)
DSV Panalpina A/S reports FY results,1,neutral,zeroshot/twitter-financial-news-sentiment (MIT)
Earnings heatmap https://t.co/gY9oNC5zPW,1,neutral,zeroshot/twitter-financial-news-sentiment (MIT)
Edited Transcript of AMG earnings conference call or presentation 29-Jul-19 12:30pm GMT,1,neutral,zeroshot/twitter-financial-news-sentiment (MIT)
Edited Transcript of BFF.MI earnings conference call or presentation 8-Nov-19 11:30am GMT,1,neutral,zeroshot/twitter-financial-news-sentiment (MIT)
Edited Transcript of CIO earnings conference call or presentation 1-Nov-19 3:00pm GMT,1,neutral,zeroshot/twitter-financial-news-sentiment (MIT)
Edited Transcript of DS earnings conference call or presentation 12-Nov-19 2:15pm GMT,1,neutral,zeroshot/twitter-financial-news-sentiment (MIT)
Edited Transcript of DZSI earnings conference call or presentation 12-Nov-19 10:00pm GMT,1,neutral,zeroshot/twitter-financial-news-sentiment (MIT)
Edited Transcript of EPR.OL earnings conference call or presentation 1-Nov-19 7:30am GMT,1,neutral,zeroshot/twitter-financial-news-sentiment (MIT)
Edited Transcript of FALC earnings conference call or presentation 19-Nov-19 9:30pm GMT,1,neutral,zeroshot/twitter-financial-news-sentiment (MIT)
Edited Transcript of GILT earnings conference call or presentation 19-Nov-19 2:30pm GMT,1,neutral,zeroshot/twitter-financial-news-sentiment (MIT)
Edited Transcript of GNW earnings conference call or presentation 5-Feb-20 2:00pm GMT,1,neutral,zeroshot/twitter-financial-news-sentiment (MIT)
Edited Transcript of GWGH earnings conference call or presentation 21-Nov-19 9:30pm GMT,1,neutral,zeroshot/twitter-financial-news-sentiment (MIT)
Edited Transcript of KNDI earnings conference call or presentation 12-Nov-19 1:00pm GMT,1,neutral,zeroshot/twitter-financial-news-sentiment (MIT)
Edited Transcript of MAGS earnings conference call or presentation 18-Nov-19 3:00pm GMT,1,neutral,zeroshot/twitter-financial-news-sentiment (MIT)
Edited Transcript of MPAA earnings conference call or presentation 12-Nov-19 6:00pm GMT,1,neutral,zeroshot/twitter-financial-news-sentiment (MIT)
Edited Transcript of NJR earnings conference call or presentation 19-Nov-19 3:00pm GMT,1,neutral,zeroshot/twitter-financial-news-sentiment (MIT)
Edited Transcript of ORBC earnings conference call or presentation 30-Oct-19 12:30pm GMT,1,neutral,zeroshot/twitter-financial-news-sentiment (MIT)
Edited Transcript of PLC.TO earnings conference call or presentation 13-Nov-19 2:30pm GMT,1,neutral,zeroshot/twitter-financial-news-sentiment (MIT)
Edited Transcript of QD.N earnings conference call or presentation 18-Nov-19 12:00pm GMT,1,neutral,zeroshot/twitter-financial-news-sentiment (MIT)
Edited Transcript of SFUN earnings conference call or presentation 18-Nov-19 12:00pm GMT,1,neutral,zeroshot/twitter-financial-news-sentiment (MIT)
Edited Transcript of SMCI earnings conference call or presentation 6-Feb-20 10:00pm GMT,1,neutral,zeroshot/twitter-financial-news-sentiment (MIT)
Edited Transcript of TOY.TO earnings conference call or presentation 6-Nov-19 2:30pm GMT,1,neutral,zeroshot/twitter-financial-news-sentiment (MIT)
Edited Transcript of TTMI earnings conference call or presentation 30-Oct-19 8:30pm GMT,1,neutral,zeroshot/twitter-financial-news-sentiment (MIT)
Edited Transcript of WIZZ.L earnings conference call or presentation 13-Nov-19 9:00am GMT,1,neutral,zeroshot/twitter-financial-news-sentiment (MIT)
ESI Group SA reports Q3 results,1,neutral,zeroshot/twitter-financial-news-sentiment (MIT)
EVI reports Q2 results,1,neutral,zeroshot/twitter-financial-news-sentiment (MIT)
Flurry of retailer earnings on tap,1,neutral,zeroshot/twitter-financial-news-sentiment (MIT)
Formula Systems reports Q3 results,1,neutral,zeroshot/twitter-financial-news-sentiment (MIT)
G. Willi-Food reports Q3 results,1,neutral,zeroshot/twitter-financial-news-sentiment (MIT)
Galaxy Next Generation reports Q1 results,1,neutral,zeroshot/twitter-financial-news-sentiment (MIT)
General Moly reports Q3 results,1,neutral,zeroshot/twitter-financial-news-sentiment (MIT)
Green Plains Partners Reports Fourth Quarter and Full Year 2019 Financial Results  https://t.co/Z6dgpRbycs,1,neutral,zeroshot/twitter-financial-news-sentiment (MIT)
HanesBrands Reports Full-Year and Fourth-Quarter 2019 Financial Results,1,neutral,zeroshot/twitter-financial-news-sentiment (MIT)
"Henry Schein to Webcast Fourth Quarter and Full-Year 2019 Conference Call on Thursday, February 20, 2020 at 10:00 A.M. ET",1,neutral,zeroshot/twitter-financial-news-sentiment (MIT)
Héroux-Devtek reports Q3 results,1,neutral,zeroshot/twitter-financial-news-sentiment (MIT)
How Driller Helmerich & Payne Scored a Q1 2020 Earnings Beat,1,neutral,zeroshot/twitter-financial-news-sentiment (MIT)
IEH Corporation reports Q2 results,1,neutral,zeroshot/twitter-financial-news-sentiment (MIT)
Insperity Q4 2019 Earnings Preview,1,neutral,zeroshot/twitter-financial-news-sentiment (MIT)
Intercontinental Exchange Reports Fourth Quarter & Full Year 2019,1,neutral,zeroshot/twitter-financial-news-sentiment (MIT)
"JD.com, Inc. Reported Third-Quarter Earnings: Here's What Analysts Think Will Happen Next",1,neutral,zeroshot/twitter-financial-news-sentiment (MIT)
Kaya Holdings reports Q3 results,1,neutral,zeroshot/twitter-financial-news-sentiment (MIT)
Lupin reports Q3 results,1,neutral,zeroshot/twitter-financial-news-sentiment (MIT)
Mechel PAO reports Q3 results,1,neutral,zeroshot/twitter-financial-news-sentiment (MIT)
Next round of notable earnings,1,neutral,zeroshot/twitter-financial-news-sentiment (MIT)
Northeast Community Bancorp reports Q4 results,1,neutral,zeroshot/twitter-financial-news-sentiment (MIT)
Notable earnings after Monday’s close,1,neutral,zeroshot/twitter-financial-news-sentiment (MIT)
Novoheart Holdings reports Q1 results,1,neutral,zeroshot/twitter-financial-news-sentiment (MIT)
NVIDIA Earnings: What to Watch on Thursday,1,neutral,zeroshot/twitter-financial-news-sentiment (MIT)
Omni-Lite Industries reports Q3 results,1,neutral,zeroshot/twitter-financial-news-sentiment (MIT)
Orkla reports Q4 results,1,neutral,zeroshot/twitter-financial-news-sentiment (MIT)
PagSeguro Q3 2019 Earnings Preview,1,neutral,zeroshot/twitter-financial-news-sentiment (MIT)
Park City Group Reports Financial Results for the Fiscal Second Quarter of 2020,1,neutral,zeroshot/twitter-financial-news-sentiment (MIT)
Peak Positioning Technologies reports Q3 results,1,neutral,zeroshot/twitter-financial-news-sentiment (MIT)
Plato Gold reports Q3 results,1,neutral,zeroshot/twitter-financial-news-sentiment (MIT)
Publicis Groupe S.A. reports FY results,1,neutral,zeroshot/twitter-financial-news-sentiment (MIT)
Q1 Earnings Preview For Nutanix,1,neutral,zeroshot/twitter-financial-news-sentiment (MIT)
Quinsam Capital reports Q3 results,1,neutral,zeroshot/twitter-financial-news-sentiment (MIT)
"Ruth's Hospitality Group, Inc. to Announce Fourth Quarter and Full Year 2019 Financial Results on February 21st, 2020",1,neutral,zeroshot/twitter-financial-news-sentiment (MIT)
"Sally Beauty Holdings, Inc. Announces First Quarter Results",1,neutral,zeroshot/twitter-financial-news-sentiment (MIT)
"ServiceSource to Hold Fourth Quarter and Full Year 2019 Financial Results Call on February 20, 2020",1,neutral,zeroshot/twitter-financial-news-sentiment (MIT)
"Simon Property Group, Inc. Just Reported Annual Earnings: Have Analysts Changed Their Mind On The Stock?",1,neutral,zeroshot/twitter-financial-news-sentiment (MIT)
Snap-on Announces Fourth Quarter and Full Year 2019 Results,1,neutral,zeroshot/twitter-financial-news-sentiment (MIT)
Sun Pharmaceuticals Industries reports Q3 results,1,neutral,zeroshot/twitter-financial-news-sentiment (MIT)
"Tapestry, Inc. Reports Fiscal 2020 Second Quarter Results",1,neutral,zeroshot/twitter-financial-news-sentiment (MIT)
The RMR Group Inc. Announces First Quarter Fiscal 2020 Results,1,neutral,zeroshot/twitter-financial-news-sentiment (MIT)
Twitter's Q4 Earnings Preview,1,neutral,zeroshot/twitter-financial-news-sentiment (MIT)
Universal Electronics to Host Fourth Quarter 2019 Financial Results Conference Call on February 20th,1,neutral,zeroshot/twitter-financial-news-sentiment (MIT)
Upcoming #earnings conference calls https://t.co/K4KO9JYhxN $JKS $HD $URBN $LOW $M $LB $SQM $BRC $GPS $FL $DELL $DE,1,neutral,zeroshot/twitter-financial-news-sentiment (MIT)
Voya Financial Announces Fourth-Quarter and Full-Year 2019 Results,1,neutral,zeroshot/twitter-financial-news-sentiment (MIT)
West End Indiana Bancshares : 3rd Quarter 2019 Earnings Release #WestEndIndianaBancshares #Stock #MarketScreener… https://t.co/PT0kmmpmrJ,1,neutral,zeroshot/twitter-financial-news-sentiment (MIT)
What to Watch When Micron Reports Wednesday,1,neutral,zeroshot/twitter-financial-news-sentiment (MIT)
$TOPS The world could soon run out of space to store oil. That may plunge prices below zero https://t.co/4ZEUx6r7qj.,0,negative,zeroshot/twitter-financial-news-sentiment (MIT)
"Almost 40% of oil and natural gas producers face insolvency within the year if the oil rout persists, a new Federal… https://t.co/8LK2acX5mE",0,negative,zeroshot/twitter-financial-news-sentiment (MIT)
Can West Texas Intermediate crude fall beneath 50 cents a barrel? Someone thinks so https://t.co/cCYayTd9qW,0,negative,zeroshot/twitter-financial-news-sentiment (MIT)
Fracking Blows Up Investors Again: Phase 2 Of The Great American Shale Oil & Gas Bust https://t.co/tsawCbV7Jn,0,negative,zeroshot/twitter-financial-news-sentiment (MIT)
"Hurricane-force headwinds' pull oil lower, but the losses aren't built to last https://t.co/MijP5GEzWU",0,negative,zeroshot/twitter-financial-news-sentiment (MIT)
"Largest coal plant in the West shuts down, dealing financial losses to Native American tribes",0,negative,zeroshot/twitter-financial-news-sentiment (MIT)
Oil companies warn Kansas City Fed there could be widespread insolvencies https://t.co/DRXouEBf0p,0,negative,zeroshot/twitter-financial-news-sentiment (MIT)
Oil Slumps as Market Catches up with Empty Trade-Deal Talk,0,negative,zeroshot/twitter-financial-news-sentiment (MIT)
OPEC+ Weighs Emergency Response as Oil Slumps on Virus Panic,0,negative,zeroshot/twitter-financial-news-sentiment (MIT)
Saudis Slash Oil Prices in Asia as Virus Causes Demand Shock,0,negative,zeroshot/twitter-financial-news-sentiment (MIT)
"The U.S. cut its oil output forecast by more than 1 million barrels a day, days before OPEC and other producers mee… https://t.co/1ileJAr6cD",0,negative,zeroshot/twitter-financial-news-sentiment (MIT)
U.K. Flash PMIs - Uncertainty Driving Economy Into Recessionary Territory. Subscribe to Seeking Alpha for more:… https://t.co/5R3pl0m4Ik,0,negative,zeroshot/twitter-financial-news-sentiment (MIT)
U.S. Shale Producers Slash Spending Once Again,0,negative,zeroshot/twitter-financial-news-sentiment (MIT)
"$ASC - Coronavirus slowing oil product demand into China, Ardmore says https://t.co/Onv6h4wcFO",0,negative,zeroshot/twitter-financial-news-sentiment (MIT)
$OIS - Waning Pricing Power Could Stymie Oil States. https://t.co/cv7dKthhRN #finance #stockmarket #economy,0,negative,zeroshot/twitter-financial-news-sentiment (MIT)
$XLE $NOV $XEC - Oil slides again as traders await news on OPEC+ cuts https://t.co/fM4jMDNb9U,0,negative,zeroshot/twitter-financial-news-sentiment (MIT)
"Damned if they do, damned if they don't: Investors are punishing major oil companies for new crude reserves-and cle… https://t.co/mILVq1M0cW",0,negative,zeroshot/twitter-financial-news-sentiment (MIT)
Empty LNG tankers are idling off Qatar as China slows imports amid the virus outbreak https://t.co/Vhf6L9WRYU,0,negative,zeroshot/twitter-financial-news-sentiment (MIT)
Energy Down After Coronavirus-Case Estimate Revision -- Energy Roundup #economy #MarketScreener… https://t.co/VUfTEliqBC,0,negative,zeroshot/twitter-financial-news-sentiment (MIT)
Gasoline futures tumbled 17%to touch 50 cents a gallon for the first time since 2001 https://t.co/IEY9r0mWBR https://t.co/VDR92rHToO,0,negative,zeroshot/twitter-financial-news-sentiment (MIT)
GlobalData : Pemex in no position to maintain output profitably regardless of OPEC+ reques... #GlobalData #economy… https://t.co/gkm88jCriu,0,negative,zeroshot/twitter-financial-news-sentiment (MIT)
"Natural Gas $UNG sharp sell-off past month seeing over 15,000 April $17 ITM calls open into weakness today",0,negative,zeroshot/twitter-financial-news-sentiment (MIT)
Natural Gas Finally Starting To Buckle Against The Broader Market Liquidation. https://t.co/I7Uxy9MOlT #stocks #stockmarket #business,0,negative,zeroshot/twitter-financial-news-sentiment (MIT)
Oil drops 5% https://t.co/QTBfZT68Ti https://t.co/JQ8jsuuMhI,0,negative,zeroshot/twitter-financial-news-sentiment (MIT)
Oil drops https://t.co/xb3srmfsWj https://t.co/I5DioT0KQk,0,negative,zeroshot/twitter-financial-news-sentiment (MIT)
Oil expert: 'We're looking at a worst case scenario of a $41 a barrel' https://t.co/mTxDKbjfej by @GreteSuarez https://t.co/I9FfdG1OxC,0,negative,zeroshot/twitter-financial-news-sentiment (MIT)
Oil futures fall below $50 a barrel to settle at lowest in more than a year https://t.co/2bTUny1QEA,0,negative,zeroshot/twitter-financial-news-sentiment (MIT)
Oil Prices' Hard Landing Initializing Descent. Continue reading: https://t.co/4zqKuKP70N #markets #business #economy,0,negative,zeroshot/twitter-financial-news-sentiment (MIT)
"Oil spikes, U.S. stock futures sink after Iranian general killed in airstrike https://t.co/T1MV2H4a2z",0,negative,zeroshot/twitter-financial-news-sentiment (MIT)
Saudi Arabia tanker power play could backfire as oil demand shrinks https://t.co/NccWYluy4I https://t.co/5u2SO81qM2,0,negative,zeroshot/twitter-financial-news-sentiment (MIT)
"WTI Extends Losses After Unexpected Crude Inventory Rise, Huge Product Build https://t.co/OYinFBsrnc",0,negative,zeroshot/twitter-financial-news-sentiment (MIT)
Equinor Boosts Climate Targets as Oil Output Hits Record,2,positive,zeroshot/twitter-financial-news-sentiment (MIT)
"Exxon: Shale Production Growth is Through the Roof, and It's Just Getting Started",2,positive,zeroshot/twitter-financial-news-sentiment (MIT)
Lumber futures rally as producers cut output https://t.co/WsTaphOfvv,2,positive,zeroshot/twitter-financial-news-sentiment (MIT)
Oil - The Shale Treadmill Is Going To Be A Thing Of Beauty. https://t.co/Efdq6nuU9b #stockmarket #economy #investing,2,positive,zeroshot/twitter-financial-news-sentiment (MIT)
Oil kicks off week with gains on fresh hopes for U.S.-China trade talks #economy #MarketScreener… https://t.co/8QB6hKz9lI,2,positive,zeroshot/twitter-financial-news-sentiment (MIT)
"Oil nears three-month high as trade hopes, UK election lift sentiment",2,positive,zeroshot/twitter-financial-news-sentiment (MIT)
Oil pared losses amid signs that Saudi Arabia and Russia are making progress toward an agreement to curb crude outp… https://t.co/d8GzSKGYQE,2,positive,zeroshot/twitter-financial-news-sentiment (MIT)
Oil rises for a second day as OPEC+ weighs coronavirus action,2,positive,zeroshot/twitter-financial-news-sentiment (MIT)
"Qatar, the world’s biggest supplier of liquefied natural gas, plans to boost output capacity by almost two thirds https://t.co/D8XYpUKFl6",2,positive,zeroshot/twitter-financial-news-sentiment (MIT)
U.S. Oil Prices Edge Up as Traders Look to OPEC+ Meeting #WhitingPetroleum #Stock #MarketScreener… https://t.co/DVuLjISijw,2,positive,zeroshot/twitter-financial-news-sentiment (MIT)
"Futures for Brent crude, a global benchmark, jumped 3.3% to $68.44 per barrel during Asian trading hours on Friday,… https://t.co/lHjTlVf46c",2,positive,zeroshot/twitter-financial-news-sentiment (MIT)
Guyana is set to become a top oil producer with a newly-discovered offshore oil field. Insights via @CMEGroup https://t.co/RMDfHqqRm4,2,positive,zeroshot/twitter-financial-news-sentiment (MIT)
Investment in Canada's oil-sands is forecast to grow for the first time since prices crashed in 2014 https://t.co/DiGWq1zdvr,2,positive,zeroshot/twitter-financial-news-sentiment (MIT)
JUST RELEASED: Oil Price Dynamics Report Oil prices rose over the past week owing to decreased supply.… https://t.co/GDfcDZqNZ0,2,positive,zeroshot/twitter-financial-news-sentiment (MIT)
Natural Gas And The Electric Power Sector: Mostly Bullish Signals. https://t.co/d1pDLS2Ej5 #markets #stocks #economy,2,positive,zeroshot/twitter-financial-news-sentiment (MIT)
Oil held near $50 a barrel in New York on signs that OPEC and its allies probably won't go ahead with a much-touted… https://t.co/LXi5faZhIf,2,positive,zeroshot/twitter-financial-news-sentiment (MIT)
"Oil prices soar after a U.S. air strike in Baghdad killed the head of Iran's elite Quds Force, raising concerns tha… https://t.co/982TZUwI2F",2,positive,zeroshot/twitter-financial-news-sentiment (MIT)
"Oil prices surge after the U.S. kills Iran's top commander in an airstrike, Brent crude nears $70 a barrel.… https://t.co/H127IQcfte",2,positive,zeroshot/twitter-financial-news-sentiment (MIT)
Oil rises for third day as coronavirus impact may spur output cuts #economy #MarketScreener https://t.co/8mQEa5vMRv https://t.co/AuaBTevMHr,2,positive,zeroshot/twitter-financial-news-sentiment (MIT)
$UNG $WMB $XLE - U.S. oil firms vented or flared record amount of gas in 2018 https://t.co/JxF5CcvNyo,2,positive,zeroshot/twitter-financial-news-sentiment (MIT)
Bipartisan Group Of US Lawmakers Introduce Bill Providing $3B To Buy Oil To Fill Strategic Petroleum Reserve $SPY… https://t.co/pBI3Mk19e7,2,positive,zeroshot/twitter-financial-news-sentiment (MIT)
$COMDX: Energy Settlement Prices https://t.co/FTQnDmL7t5,1,neutral,zeroshot/twitter-financial-news-sentiment (MIT)
$XLE: Sector Briefing: Energy https://t.co/JU4fcO0cpl,1,neutral,zeroshot/twitter-financial-news-sentiment (MIT)
Chinese Gas Buyer CNOOC Declares Force Majeure on LNG Contracts,1,neutral,zeroshot/twitter-financial-news-sentiment (MIT)
Crude Oil Price Forecast – Could Oil Markets Take A Hit,1,neutral,zeroshot/twitter-financial-news-sentiment (MIT)
"Exxon and Papua New Guinea should return to LNG negotiating table, says Total CEO",1,neutral,zeroshot/twitter-financial-news-sentiment (MIT)
Oil Price Fundamental Daily Forecast – Lack of Details Over Trade Deal Progress Capping Prices,1,neutral,zeroshot/twitter-financial-news-sentiment (MIT)
Oil traders and sellers are looking at floating storage as they grapple with the effects of coronavirus https://t.co/dSRKUccfEB,1,neutral,zeroshot/twitter-financial-news-sentiment (MIT)
OPEC+ Extends Virus Crisis Talks as Russia Resists Oil Cuts,1,neutral,zeroshot/twitter-financial-news-sentiment (MIT)
Russia Asks for Time as OPEC+ Technocrats Recommend Oil Cut,1,neutral,zeroshot/twitter-financial-news-sentiment (MIT)
"Starting next year, jet fuel suppliers in Norway must blend 0.5% of biofuel in all their aviation fuel, a policy th… https://t.co/qE7kEu9aEv",1,neutral,zeroshot/twitter-financial-news-sentiment (MIT)
"U.S. rig count stays flat, Baker Hughes reports",1,neutral,zeroshot/twitter-financial-news-sentiment (MIT)
$UNG $DGAZ $UGAZ - Natural gas inventory draw in-line with estimates https://t.co/bdJKXSH7Ye,1,neutral,zeroshot/twitter-financial-news-sentiment (MIT)
$USO $XLE $OIL - No oil market fix from today's G-20 meeting https://t.co/la6aPsRBh6,1,neutral,zeroshot/twitter-financial-news-sentiment (MIT)
December bump in oil prices not enough to salvage energy earnings #Samp;P500 #economy #MarketScreener… https://t.co/oi6a3rLykt,1,neutral,zeroshot/twitter-financial-news-sentiment (MIT)
"Despite OPEC+ deal collapse, Saudi oil exports yet to rise-sources https://t.co/kPGWllrMqi https://t.co/47FpVRrhMY",1,neutral,zeroshot/twitter-financial-news-sentiment (MIT)
Ecuador awards 20.2 mln barrel oil supply contract to Shell unit #economy #MarketScreener https://t.co/f9C9uAR7lG https://t.co/KrI5G5eZJO,1,neutral,zeroshot/twitter-financial-news-sentiment (MIT)
"In oil market standoff with Saudi Arabia, weakened rouble helps Russia #SaudiArabianOil #Stock #MarketScreener… https://t.co/wj5c7AaMXF",1,neutral,zeroshot/twitter-financial-news-sentiment (MIT)
LHN : Moscow Exchange to launch natural gas futures #LHN #Stock #MarketScreener https://t.co/3F477DYamU https://t.co/KrqtIuhvoO,1,neutral,zeroshot/twitter-financial-news-sentiment (MIT)
News Highlights : Top Energy News of the Day #WTI #Stock #MarketScreener https://t.co/N5y62YFanH https://t.co/DKGKz9lvWI,1,neutral,zeroshot/twitter-financial-news-sentiment (MIT)
News Highlights : Top Energy News of the Day #WTI #Stock #MarketScreener https://t.co/xtZKbd5J1L https://t.co/KsI3MoSvPq,1,neutral,zeroshot/twitter-financial-news-sentiment (MIT)
Oil - Low Refinery Throughput Does Not Appear To Be A Structural Issue Just Yet. Follow this and any other stock on… https://t.co/kmQg86qyXL,1,neutral,zeroshot/twitter-financial-news-sentiment (MIT)
Oil workers from the United States are leaving Iraq after Iranian military leader Qasem Soleimani was killed in a U… https://t.co/MFcBJAERvs,1,neutral,zeroshot/twitter-financial-news-sentiment (MIT)
OPEC and Russia postponed a meeting that could end a price war and reduce a supply glut that has driven oil futures… https://t.co/FfJ65bScoJ,1,neutral,zeroshot/twitter-financial-news-sentiment (MIT)
OPEC+ will adjust its output target and redistribute production cuts between its members under pressure from Saudi… https://t.co/9LLzyIDWqG,1,neutral,zeroshot/twitter-financial-news-sentiment (MIT)
"Saudi Arabia and Kuwait have authorized the restart of oil production at the Wafra field from Sunday, more than fou… https://t.co/QzwNno2qrE",1,neutral,zeroshot/twitter-financial-news-sentiment (MIT)
Saudi Arabia is reviewing its plan for life after oil with Crown Prince Mohammed bin Salman said to be unsatisfied… https://t.co/oWcSqo1dE1,1,neutral,zeroshot/twitter-financial-news-sentiment (MIT)
"The FRED Blog plots the spot price of oil (West Texas Intermediate) against the 5-year, 5-year forward expected inf… https://t.co/KPO4aknMBx",1,neutral,zeroshot/twitter-financial-news-sentiment (MIT)
The Oil Price War: A 3-Ring Circus. https://t.co/IBrJTQmcvM #stockmarket #trading #economy,1,neutral,zeroshot/twitter-financial-news-sentiment (MIT)
The Oil to Toilet Paper price ratio has never been this low,1,neutral,zeroshot/twitter-financial-news-sentiment (MIT)
The world's largest oil producers are groping their way toward a deal on who's willing to cut production and by how… https://t.co/zhXJENTilz,1,neutral,zeroshot/twitter-financial-news-sentiment (MIT)
Trump says US will 'help Mexico along' with its OPEC+ production cuts. https://t.co/NdNXHiJV3E,1,neutral,zeroshot/twitter-financial-news-sentiment (MIT)
U.S. should stop preventing Iran from selling oil - Iran foreign minister #economy #MarketScreener… https://t.co/KXV6FrmF1S,1,neutral,zeroshot/twitter-financial-news-sentiment (MIT)
Upstream Service Sector In The New Sub-$40/bbl Brent Environment. https://t.co/AiurrUmXJP #trading #finance #markets,1,neutral,zeroshot/twitter-financial-news-sentiment (MIT)
"$HOLX: Hologic sees Q2 below consensus, withdraws FY 20 guidance https://t.co/GXnXlLa9uZ",0,negative,zeroshot/twitter-financial-news-sentiment (MIT)
$IART - Integra LifeSciences sees drop in Q1 revenue amid COVID-19 https://t.co/E7Eo6ADSvu,0,negative,zeroshot/twitter-financial-news-sentiment (MIT)
$NSTG - NanoString Q1 top line shy of guidance amid COVID-19 https://t.co/zst2W9TDhE,0,negative,zeroshot/twitter-financial-news-sentiment (MIT)
"$PRCP - Perceptron EPS misses by $0.02, misses on revenue https://t.co/jNVJq3onzx",0,negative,zeroshot/twitter-financial-news-sentiment (MIT)
$PXLW: Pixelworks reports prelim Q1 revs below consensus https://t.co/xPleDhctYT,0,negative,zeroshot/twitter-financial-news-sentiment (MIT)
"$RLGT - Radiant Logistics EPS misses by $0.04, misses on revenue https://t.co/6PdH5dGuBC",0,negative,zeroshot/twitter-financial-news-sentiment (MIT)
$SILC: Silicom Limited sees Q1 revs below consensus https://t.co/wGtSELbYrm,0,negative,zeroshot/twitter-financial-news-sentiment (MIT)
$SPNE: SeaSpine reports prelim Q1 revs below consensus; withdraws FY20 guidance https://t.co/260zcwPGAX,0,negative,zeroshot/twitter-financial-news-sentiment (MIT)
"Affimed EPS misses by €0.03, misses on revenue",0,negative,zeroshot/twitter-financial-news-sentiment (MIT)
BJ's Wholesale lowers 2019 sales outlook to approximately $12.9 bln from $12.9 bln-$13.2 bln,0,negative,zeroshot/twitter-financial-news-sentiment (MIT)
"Brixmor Property FFO misses by $0.01, misses on revenue",0,negative,zeroshot/twitter-financial-news-sentiment (MIT)
"Brookfield Business Partners L.P. EPS misses by $1.41, misses on revenue",0,negative,zeroshot/twitter-financial-news-sentiment (MIT)
"Caterpillar Inc.'s 2020 profit outlook trailed analysts' estimates, with the heavy-equipment saying continued econo... https://t.co/xbEWT86BAc",0,negative,zeroshot/twitter-financial-news-sentiment (MIT)
Coach owner Tapestry cuts profit forecast on coronavirus hit,0,negative,zeroshot/twitter-financial-news-sentiment (MIT)
"CoreSite Realty FFO misses by $0.01, misses on revenue",0,negative,zeroshot/twitter-financial-news-sentiment (MIT)
Kellogg sees 2020 adj. currency-neutral EPS down 3%-4%,0,negative,zeroshot/twitter-financial-news-sentiment (MIT)
Kohl's Q3 EPS 78 cents vs. 98 cents,0,negative,zeroshot/twitter-financial-news-sentiment (MIT)
Kohl's Q3 revenue $4.625 bln vs. $4.628 bln; FactSet consensus $4.399 bln,0,negative,zeroshot/twitter-financial-news-sentiment (MIT)
Macy's Q3 same-store sales down 3.5%,0,negative,zeroshot/twitter-financial-news-sentiment (MIT)
National Oilwell Varco EPS of -$1.01,0,negative,zeroshot/twitter-financial-news-sentiment (MIT)
"New Jersey Resources EPS misses by $0.33, misses on revenue",0,negative,zeroshot/twitter-financial-news-sentiment (MIT)
New York Times sees Q1 ad revenue down about 10%,0,negative,zeroshot/twitter-financial-news-sentiment (MIT)
"Nordic American Tankers EPS misses by $0.04, misses on revenue",0,negative,zeroshot/twitter-financial-news-sentiment (MIT)
Penn National EPS of -$0.80,0,negative,zeroshot/twitter-financial-news-sentiment (MIT)
"PPDAI Group EPS misses by $0.0452, misses on revenue",0,negative,zeroshot/twitter-financial-news-sentiment (MIT)
"Ship Finance EPS misses by $0.18, misses on revenue",0,negative,zeroshot/twitter-financial-news-sentiment (MIT)
"Suburban Propane Partners EPS misses by $0.02, misses on revenue",0,negative,zeroshot/twitter-financial-news-sentiment (MIT)
Target Hospitality Corp. Just Missed EPS By 34%: Here's What Analysts Think Will Happen Next,0,negative,zeroshot/twitter-financial-news-sentiment (MIT)
ThermoGenesis misses on revenue,0,negative,zeroshot/twitter-financial-news-sentiment (MIT)
"Tyson Foods EPS misses by $0.01, misses on revenue",0,negative,zeroshot/twitter-financial-news-sentiment (MIT)
Tyson Foods Q1 prepared foods sales fell 3.1% to $2.14 bln,0,negative,zeroshot/twitter-financial-news-sentiment (MIT)
"Vir Biotechnology EPS misses by $0.52, misses on revenue",0,negative,zeroshot/twitter-financial-news-sentiment (MIT)
"Volkswagen cuts profit, sales forecasts as autos downturn bites",0,negative,zeroshot/twitter-financial-news-sentiment (MIT)
Zynga (ZNGA) Q4 Earnings Miss Estimates - Nasdaq,0,negative,zeroshot/twitter-financial-news-sentiment (MIT)
"$ANGO: AngioDynamics beats by $0.02, beats on revs; withdraws FY20 guidance https://t.co/aNS8ghvyjy",2,positive,zeroshot/twitter-financial-news-sentiment (MIT)
"$BHF - Brighthouse Financial EPS beats by $0.27, beats on revenue https://t.co/hMLskSiNCP",2,positive,zeroshot/twitter-financial-news-sentiment (MIT)
"$CHGG - Chegg EPS beats by $0.06, beats on revenue https://t.co/ymtDWb33bD",2,positive,zeroshot/twitter-financial-news-sentiment (MIT)
"$IIVI - II-VI EPS in-line, beats on revenue https://t.co/CXUZw29Z3g",2,positive,zeroshot/twitter-financial-news-sentiment (MIT)
"$JCOM - j2 Global EPS beats by $0.01, beats on revenue https://t.co/i7AKcjCVj2",2,positive,zeroshot/twitter-financial-news-sentiment (MIT)
"$MIME - Mimecast EPS beats by $0.02, beats on revenue https://t.co/W0BN0AakK6",2,positive,zeroshot/twitter-financial-news-sentiment (MIT)
$PSMT: PriceSmart announced that for the month of March 2020 net merchandise sales increased 17.1% to $306.1... https://t.co/fjoxrpZfZ9,2,positive,zeroshot/twitter-financial-news-sentiment (MIT)
"$SGH - SMART Global EPS beats by $0.02, beats on revenue https://t.co/Fyds4oELv7",2,positive,zeroshot/twitter-financial-news-sentiment (MIT)
Ã‚Â Chegg Reports 2019 Financial Results and Raises 2020 Guidance,2,positive,zeroshot/twitter-financial-news-sentiment (MIT)
"Albany EPS beats by $0.24, beats on revenue",2,positive,zeroshot/twitter-financial-news-sentiment (MIT)
"Becton Dickinson Earnings, Revenue Beat in Q1",2,positive,zeroshot/twitter-financial-news-sentiment (MIT)
"Blackbaud EPS beats by $0.01, beats on revenue",2,positive,zeroshot/twitter-financial-news-sentiment (MIT)
Chipotle Earnings Highlight Strong Business Momentum,2,positive,zeroshot/twitter-financial-news-sentiment (MIT)
"Construction Partners EPS in-line, beats on revenue",2,positive,zeroshot/twitter-financial-news-sentiment (MIT)
Equinor fourth-quarter profit beats forecast amid oilfield startup,2,positive,zeroshot/twitter-financial-news-sentiment (MIT)
"Euroseas EPS beats by $0.02, beats on revenue",2,positive,zeroshot/twitter-financial-news-sentiment (MIT)
"EVI Industries Sets Records for Revenue, Gross Profit and Operating Cash Flow for Second Quarter of Fiscal 2020",2,positive,zeroshot/twitter-financial-news-sentiment (MIT)
Fiat Chrysler fourth-quarter lifted by North America business to meet expectations,2,positive,zeroshot/twitter-financial-news-sentiment (MIT)
Geely's Volvo posts 18% rise in fourth-quarter profit,2,positive,zeroshot/twitter-financial-news-sentiment (MIT)
Home Depot Q3 comparable-store sales in U.S. up 3.8%,2,positive,zeroshot/twitter-financial-news-sentiment (MIT)
"II-VI EPS in-line, beats on revenue",2,positive,zeroshot/twitter-financial-news-sentiment (MIT)
Just Energy (JE) Tops Q3 Earnings Estimates,2,positive,zeroshot/twitter-financial-news-sentiment (MIT)
"LexinFintech EPS in-line, beats on revenue",2,positive,zeroshot/twitter-financial-news-sentiment (MIT)
Madison Square Garden Q2 EPS $3.93 vs. $3.42,2,positive,zeroshot/twitter-financial-news-sentiment (MIT)
Nokia posts surprise fourth-quarter profit rise on cost cuts,2,positive,zeroshot/twitter-financial-news-sentiment (MIT)
"OneMain Holdings EPS beats by $0.21, beats on revenue",2,positive,zeroshot/twitter-financial-news-sentiment (MIT)
"PJT Partners EPS beats by $0.11, beats on revenue",2,positive,zeroshot/twitter-financial-news-sentiment (MIT)
Popeyes Chicken Sandwich Causes Sales to Jump 42% Higher,2,positive,zeroshot/twitter-financial-news-sentiment (MIT)
"QIWI plc EPS beats by $0.15, beats on revenue",2,positive,zeroshot/twitter-financial-news-sentiment (MIT)
Rapid7 (RPD) Q4 Earnings and Revenues Beat Estimates,2,positive,zeroshot/twitter-financial-news-sentiment (MIT)
"Regeneron Pharmaceuticals EPS beats by $0.59, beats on revenue",2,positive,zeroshot/twitter-financial-news-sentiment (MIT)
"RMR Group EPS beats by $0.01, beats on revenue",2,positive,zeroshot/twitter-financial-news-sentiment (MIT)
"Samsung first-quarter beats estimates; chips likely to prop up virus-hit second-quarter - Reuters

https://t.co/ogYnZF6u6X",2,positive,zeroshot/twitter-financial-news-sentiment (MIT)
Sanofi eyes more EPS growth this year as it narrows focus,2,positive,zeroshot/twitter-financial-news-sentiment (MIT)
Skechers Announces Record Fourth Quarter Sales of $1.33 Billion and Record Annual Sales of $5.22 Billion in 2019,2,positive,zeroshot/twitter-financial-news-sentiment (MIT)
Strong cash flow keeps Total's fourth-quarter net profit steady,2,positive,zeroshot/twitter-financial-news-sentiment (MIT)
The Estée Lauder Companies Delivers Exceptional Fiscal 2020 Second Quarter Results,2,positive,zeroshot/twitter-financial-news-sentiment (MIT)
TJX raises 2020 EPS outlook to $2.61-$2.63 from $2.56-$2.61,2,positive,zeroshot/twitter-financial-news-sentiment (MIT)
"Transurban : 1st Half Profit Up 46%, Increased Traffic Drives Toll Revenue Rise #Transurban #Stock #MarketScreener… https://t.co/246Nl7a9j3",2,positive,zeroshot/twitter-financial-news-sentiment (MIT)
"Twitter notches first $1 billion quarterly revenue, beating estimates",2,positive,zeroshot/twitter-financial-news-sentiment (MIT)
"Twitter tops user, sales expectations for 4Q",2,positive,zeroshot/twitter-financial-news-sentiment (MIT)
UPDATE: New York Times beats earnings estimates for Q4 as subscriptions rise,2,positive,zeroshot/twitter-financial-news-sentiment (MIT)
UPL Q3 Results: Profit  Meets Estimates As Latin American Markets Shine,2,positive,zeroshot/twitter-financial-news-sentiment (MIT)
"Viomi Technology EPS beats by $0.01, beats on revenue",2,positive,zeroshot/twitter-financial-news-sentiment (MIT)
"Volvo Cars posts rise in fourth-quarter profit, helped by cost cuts and sales growth",2,positive,zeroshot/twitter-financial-news-sentiment (MIT)
Yum! Brands Reports Solid Fourth-Quarter Results and Completion of Strategic Transformation; System Sales Growth of 10%; Same-Store Sales Growth of 2%; GAAP Operating Profit Decline of (26)%; Core Operating Profit Growth of 14%,2,positive,zeroshot/twitter-financial-news-sentiment (MIT)
"$FRT - Federal REIT FFO misses by $0.02, beats on revenue https://t.co/uldAfaa7ba",1,neutral,zeroshot/twitter-financial-news-sentiment (MIT)
"$MESA - Mesa Air EPS beats by $0.01, misses on revenue https://t.co/yPRqsm3RG5",1,neutral,zeroshot/twitter-financial-news-sentiment (MIT)
"$MOH - Molina Healthcare EPS beats by $0.07, misses on revenue https://t.co/a6bdVyNm88",1,neutral,zeroshot/twitter-financial-news-sentiment (MIT)
BJ's Wholesale Q3 adj. EPS 41 cents; FactSet consensus 40 cents,1,neutral,zeroshot/twitter-financial-news-sentiment (MIT)
"CAE EPS beats by C$0.02, misses on revenue",1,neutral,zeroshot/twitter-financial-news-sentiment (MIT)
"Domtar EPS misses by $0.05,  revenue in-line",1,neutral,zeroshot/twitter-financial-news-sentiment (MIT)
Estee Lauder Q2 adj. EPS $2.11; FactSet consensus $1.90,1,neutral,zeroshot/twitter-financial-news-sentiment (MIT)
"FirstEnergy EPS beats by $0.05, misses on revenue",1,neutral,zeroshot/twitter-financial-news-sentiment (MIT)
Kellogg 2020 FactSet EPS consensus is $4.03; 2019 currency-neutral adj. EPS was $4.00,1,neutral,zeroshot/twitter-financial-news-sentiment (MIT)
"Lowe's EPS beats by $0.06, misses on revenue",1,neutral,zeroshot/twitter-financial-news-sentiment (MIT)
"Molina Healthcare EPS beats by $0.07, misses on revenue",1,neutral,zeroshot/twitter-financial-news-sentiment (MIT)
"Nokia EPS beats by €0.02, misses on revenue",1,neutral,zeroshot/twitter-financial-news-sentiment (MIT)
Philip Morris profit and sales top estimates but tobacco company offers soft guidance,1,neutral,zeroshot/twitter-financial-news-sentiment (MIT)
SoftBank's Oyo reveals over $330 million annual loss; revenue surges https://t.co/sboVq3nnEm https://t.co/FNiIij62NJ,1,neutral,zeroshot/twitter-financial-news-sentiment (MIT)
"The Buckle, Inc. Reports January 2020 Net Sales",1,neutral,zeroshot/twitter-financial-news-sentiment (MIT)
"Twin River Worldwide Holdings, Inc. Just Missed EPS By 44%: Here's What Analysts Think Will Happen Next",1,neutral,zeroshot/twitter-financial-news-sentiment (MIT)
"Virco Manufacturing EPS beats by $0.14, misses on revenue",1,neutral,zeroshot/twitter-financial-news-sentiment (MIT)
AUD/USD Weekly Price Forecast – Australian Dollar Slams Into Resistance,0,negative,zeroshot/twitter-financial-news-sentiment (MIT)
EUR/USD Price Forecast – Euro Looks Likely To Break Down,0,negative,zeroshot/twitter-financial-news-sentiment (MIT)
Euro pinned near 10-day lows as outlook bleak - SI https://t.co/kPqleNJhIY,0,negative,zeroshot/twitter-financial-news-sentiment (MIT)
The Euro Is A Structural Short As BoJo’s Landslide Victory Ensures The U.K.’s Exit From the E.U.,0,negative,zeroshot/twitter-financial-news-sentiment (MIT)
U.S. Dollar Index Futures (DX) Technical Analysis – Looking for Break into Retracement Zone at 97.630 to 97.472,0,negative,zeroshot/twitter-financial-news-sentiment (MIT)
Canadian dollar climbs to 11-day high amid coronavirus optimism #economy #MarketScreener https://t.co/8ohQPiXekn https://t.co/z98FjTKvFr,2,positive,zeroshot/twitter-financial-news-sentiment (MIT)
EUR/USD Failure of 1-2-3 Pattern Might be Bullish,2,positive,zeroshot/twitter-financial-news-sentiment (MIT)
GBP/JPY Price Forecast – British Pound Gaps Higher After Election Results,2,positive,zeroshot/twitter-financial-news-sentiment (MIT)
GBP/USD – Pound Soars as Conservatives Cruise to Majority,2,positive,zeroshot/twitter-financial-news-sentiment (MIT)
Pound Jumps To The Highest This Year As Boris Johnson Heads For Majority,2,positive,zeroshot/twitter-financial-news-sentiment (MIT)
"South Africa's rand firmer as risk takers return, stocks up 3.29% #economy #MarketScreener https://t.co/c8xg62L0XF https://t.co/e1g8OtVhBZ",2,positive,zeroshot/twitter-financial-news-sentiment (MIT)
USD/JPY Forecast: USD to Consolidate Against JPY - DailyForex.com,2,positive,zeroshot/twitter-financial-news-sentiment (MIT)
USD/JPY Weekly Price Forecast – Dollar Continues To Test Resistance,2,positive,zeroshot/twitter-financial-news-sentiment (MIT)
Dollar mixed versus major rivals after January jobs report,1,neutral,zeroshot/twitter-financial-news-sentiment (MIT)
"EUR/USD Mid-Session Technical Analysis for December 17, 2019",1,neutral,zeroshot/twitter-financial-news-sentiment (MIT)
EUR/USD Price Forecast – Euro Continues To Grind Towards Resistance,1,neutral,zeroshot/twitter-financial-news-sentiment (MIT)
Japan Seen Needing U.S. Help to Check China’s Digital Yuan,1,neutral,zeroshot/twitter-financial-news-sentiment (MIT)
"Volatility still remains near all-time lows across some major currency pairs, including the euro versus the dollar,… https://t.co/nZbJPUWFdn",1,neutral,zeroshot/twitter-financial-news-sentiment (MIT)
A Health Check of India Shadow Banks Points to Prolonged Trouble,0,negative,zeroshot/twitter-financial-news-sentiment (MIT)
American farmers are already suffering for lack of exports (via @bopinion) https://t.co/kmIhRwtJ4x,0,negative,zeroshot/twitter-financial-news-sentiment (MIT)
Banks undergoing 'real stress test' as recession fears continue https://t.co/lY9UvWu4yE by @bcheungz https://t.co/aJbqRFxRQY,0,negative,zeroshot/twitter-financial-news-sentiment (MIT)
Business tax payments will hit a record low this year,0,negative,zeroshot/twitter-financial-news-sentiment (MIT)
Canada's economy could end up being the big loser as a rail strike drags on https://t.co/aGYaQzTAD8,0,negative,zeroshot/twitter-financial-news-sentiment (MIT)
Caution Abounds Even as Emerging Markets Ready Year-Ending Rally,0,negative,zeroshot/twitter-financial-news-sentiment (MIT)
China M&A Bankers Face Another Grim Year,0,negative,zeroshot/twitter-financial-news-sentiment (MIT)
Coronavirus pandemic has driven a very 'ample' market correction: former European Central Bank chief… https://t.co/dSD0FhQt36,0,negative,zeroshot/twitter-financial-news-sentiment (MIT)
Coronavirus will probably destroy one of the stock market's biggest crutches https://t.co/6PAfslV0ul by @BrianSozzi https://t.co/yFTXFTKQV0,0,negative,zeroshot/twitter-financial-news-sentiment (MIT)
Every Bubble Eventually Finds Its Pin https://t.co/E3LesbBMP1,0,negative,zeroshot/twitter-financial-news-sentiment (MIT)
Here is a list of companies that have suspended dividends or stopped stock buybacks in April https://t.co/JUYLRQJyGp,0,negative,zeroshot/twitter-financial-news-sentiment (MIT)
"Highlight: ""We're gonna see companies start to report results and I think it's gonna look ugly,"" @FBBCap's Mike Bai… https://t.co/gdtm8YBxPc",0,negative,zeroshot/twitter-financial-news-sentiment (MIT)
New #IMFBlog by @GitaGopinath shows #COVID19 is already impacting the US economy with unprecedented speed and sever… https://t.co/1M3rfTmYSi,0,negative,zeroshot/twitter-financial-news-sentiment (MIT)
"Only 11% of quant funds are ahead of their benchmark YTD, underperforming by 3.2ppt: BofA",0,negative,zeroshot/twitter-financial-news-sentiment (MIT)
Small U.S. businesses were already struggling. Then coronavirus hit https://t.co/hT3SLBlI3c https://t.co/vMqjAebRe4,0,negative,zeroshot/twitter-financial-news-sentiment (MIT)
Survey: 1 in 6 shoppers are still paying off last year's holiday debt https://t.co/AA08zAofod by @SJAsymkos https://t.co/di37aiduNS,0,negative,zeroshot/twitter-financial-news-sentiment (MIT)
Tech War Set To Deepen As China Stockpiles US Chips Amid 'Silicon Curtain' Threat  https://t.co/sMw7Z0Xo3w,0,negative,zeroshot/twitter-financial-news-sentiment (MIT)
"The days of extraordinary market returns are over, says BlackRock https://t.co/gJu52JoL8J",0,negative,zeroshot/twitter-financial-news-sentiment (MIT)
"The dual shocks of the Saudi-Russian oil price war and the Covid-19 pandemic could put 500,000 Albertans out of wor… https://t.co/FUepZVgKx2",0,negative,zeroshot/twitter-financial-news-sentiment (MIT)
The Fraud That Is ESG Strikes Again: Six Of Top 10 ESG Funds Underperform The S&P500  https://t.co/rHbzc3YyMu,0,negative,zeroshot/twitter-financial-news-sentiment (MIT)
"The job loss reflected in Friday's report is a shock that is unprecedented, as is the uncertainty surrounding it-wh… https://t.co/zqYuNg31Kb",0,negative,zeroshot/twitter-financial-news-sentiment (MIT)
"Trader Warns ""The Rally Is Crumbling Below The Surface"" https://t.co/kdxXwZGizy",0,negative,zeroshot/twitter-financial-news-sentiment (MIT)
"Turkish banks refuse to lend to Istanbul, hey here's an idea: let's open it up to the European idiots who will buy… https://t.co/oimo5fD1IB",0,negative,zeroshot/twitter-financial-news-sentiment (MIT)
Videoconferences Zoom Toward Market-Boom Reckoning. https://t.co/kbPZdZj8DF #stocks #trading #economy,0,negative,zeroshot/twitter-financial-news-sentiment (MIT)
"When Chinese Consumers Stay Home, the World's Retailers Take Hit",0,negative,zeroshot/twitter-financial-news-sentiment (MIT)
"$USA $CRF $SCHX - U.S. is past the peak, economy to reopen shortly - JPMorgan https://t.co/V97lqc11yV",2,positive,zeroshot/twitter-financial-news-sentiment (MIT)
Conditions for stock picking are improving as shares of big U.S. companies have begun to diverge https://t.co/Xrl2GkXhyW,2,positive,zeroshot/twitter-financial-news-sentiment (MIT)
"Highlight: ""You're seeing some level of optimism, just because we've come way off the lows,"" @colonymktstrat says.… https://t.co/CdkwSBZK9H",2,positive,zeroshot/twitter-financial-news-sentiment (MIT)
"Highlight: Berenberg reiterates its 'Buy' rating on $BYND. ""I think the most exciting part is the growth potential,… https://t.co/7HhrL3mt4s",2,positive,zeroshot/twitter-financial-news-sentiment (MIT)
"Highlight: Goldman Sachs predicts that gold will reach $1,600 an ounce by 2020. “$1,600 is gonna be a footnote,” sa… https://t.co/DFzhAByZ6Y",2,positive,zeroshot/twitter-financial-news-sentiment (MIT)
Navigant Research Report Shows Commercial Lighting Controls Revenue Is Expected to Experience a 5% Compound Annual Growth Rate from 2019-2028,2,positive,zeroshot/twitter-financial-news-sentiment (MIT)
Santa Claus rally,2,positive,zeroshot/twitter-financial-news-sentiment (MIT)
Spirit MTA REIT (NYSE:SMTA) Shares Have Generated A Total Return Of 34% In The Last Year,2,positive,zeroshot/twitter-financial-news-sentiment (MIT)
The Consumer Economy Continues to Shrug Off Industry’s Woes,2,positive,zeroshot/twitter-financial-news-sentiment (MIT)
The EVN (VIE:EVN) Share Price Has Gained 60% And Shareholders Are Hoping For More,2,positive,zeroshot/twitter-financial-news-sentiment (MIT)
The number of customers canceling Netflix hasn’t accelerated around the debut of rival services from Disney and App… https://t.co/O7kqU5s0aM,2,positive,zeroshot/twitter-financial-news-sentiment (MIT)
This chart shows why BlackRock is upbeat on U.S. credit despite the pandemic https://t.co/7LYUG0HLHr,2,positive,zeroshot/twitter-financial-news-sentiment (MIT)
This Is Why Peloton Stock Remains a Buy,2,positive,zeroshot/twitter-financial-news-sentiment (MIT)
"This ratio suggests the U.S. stock market will take a ‘brief pause’ then climb higher, analyst says - MarketWatch",2,positive,zeroshot/twitter-financial-news-sentiment (MIT)
"U.S. banks will likely be allowed to keep paying dividends, even as the coronavirus pandemic threatens to create a… https://t.co/AjsqnpfOdJ",2,positive,zeroshot/twitter-financial-news-sentiment (MIT)
Weekly portfolios report : Stress quickly erased #Weeklyportfoliosreport #portfolio #MarketScreener… https://t.co/aght48Gwte,2,positive,zeroshot/twitter-financial-news-sentiment (MIT)
"""Cash is trash? No, cash is king! Especially when the discounts come along on high-quality stocks.""... https://t.co/7D0mmjE7xl",1,neutral,zeroshot/twitter-financial-news-sentiment (MIT)
"""CO2 emissions aren't reducing, they are in fact increasing,"" @GretaThunberg says at #COP25. ""We have achieved noth… https://t.co/EP3atEwq2M",1,neutral,zeroshot/twitter-financial-news-sentiment (MIT)
"""Convinced am I that a world without nuclear weapons is possible and necessary."" Pope Francis called for global nu… https://t.co/xL1ES2nwbw",1,neutral,zeroshot/twitter-financial-news-sentiment (MIT)
"""Freedom of speech is not freedom of reach,"" actor and comedian Sacha Baron Cohen said in a speech. ""Under this twi… https://t.co/XzJEY4pS8E",1,neutral,zeroshot/twitter-financial-news-sentiment (MIT)
"""I am going to microsoft you"" just doesn't carry the same spark as ""I will bloomberg you""",1,neutral,zeroshot/twitter-financial-news-sentiment (MIT)
"""I find this worship no different from the regular worship at a church so I am delighted.""

A church in South Korea… https://t.co/MnibZjnsFJ",1,neutral,zeroshot/twitter-financial-news-sentiment (MIT)
"""In the very best case it was a five year delay. In the worst case it was...completely collapsed it."" Here's why B… https://t.co/LNsrTCgcld",1,neutral,zeroshot/twitter-financial-news-sentiment (MIT)
"""More Eco-Friendly"" Meets ""Horrors Of Capitalism"": $34 Toilet Paper 'With A Conscience' https://t.co/S3jmLnZt7Z",1,neutral,zeroshot/twitter-financial-news-sentiment (MIT)
"""With self-driving cars, automakers can reimagine the interior cabin to provide passengers a holistically new and i… https://t.co/5KRYlJ8mTQ",1,neutral,zeroshot/twitter-financial-news-sentiment (MIT)
"#5things
-China IP concession
-Hong Kong election
-Loads of corporate news
-Markets rise
-Coming up...… https://t.co/aSJjULIOt3",1,neutral,zeroshot/twitter-financial-news-sentiment (MIT)
#ICYMI: Press Releases: https://t.co/4czrcfGQbt Vice Chair for Supervision Quarles Testimony:… https://t.co/1ROdwkNBSU,1,neutral,zeroshot/twitter-financial-news-sentiment (MIT)
"$BA - Boeing plane skids off runway in Istanbul, killing one passenger https://t.co/IBHUB8yLOO",1,neutral,zeroshot/twitter-financial-news-sentiment (MIT)
"$ENB - No additional risk to Lake Superior from Enbridge pipeline, Minnesota says https://t.co/3AlY719yio",1,neutral,zeroshot/twitter-financial-news-sentiment (MIT)
$PBF - PBF Energy: A Mexican Billionaire Can't Get Enough Of This New Jersey Refiner. https://t.co/ouNSD0zChc #markets #finance #trading,1,neutral,zeroshot/twitter-financial-news-sentiment (MIT)
$SPX There are still ZERO confirmed cases of novel #coronavirus in NYC.,1,neutral,zeroshot/twitter-financial-news-sentiment (MIT)
".@JimCramer and @ByKatherineRoss are back in business breaking down Tiffany, TD Ameritrade and Bloomberg’s presiden… https://t.co/z517l6YmW2",1,neutral,zeroshot/twitter-financial-news-sentiment (MIT)
.@JimCramer breaks down what this blowout jobs number is saying about the economy at large: https://t.co/c9cby6UgZD https://t.co/l12THHHGDJ,1,neutral,zeroshot/twitter-financial-news-sentiment (MIT)
".@Tesla 's advertising department is an army of one, @elonmusk, with 27 million Twitter followers. Despite that, Te… https://t.co/HF1XQ7vmnt",1,neutral,zeroshot/twitter-financial-news-sentiment (MIT)
.@TiernanRayTech have 5 names that might be worth a second look:  https://t.co/qm2pTZO7xS,1,neutral,zeroshot/twitter-financial-news-sentiment (MIT)
@TicToc @bpolitics @bloom @bopinion #RecuseNow,1,neutral,zeroshot/twitter-financial-news-sentiment (MIT)
@tictoc oh fuck yeah Bloomberg you know about TickTock you must be something cool! here is a link to my profile wit… https://t.co/pvIL8KsEx5,1,neutral,zeroshot/twitter-financial-news-sentiment (MIT)
"{Free} Premium Earnings 11-25-19: Palo Alto Networks and Dollar Tree, on the blog and here https://t.co/zrIPU1I3zV $PANW $DLTR",1,neutral,zeroshot/twitter-financial-news-sentiment (MIT)
‘This is the most prosperous economy the world has ever seen’ says Jamie Dimon — and it’s going to continue https://t.co/Y6gkuTBby5,1,neutral,zeroshot/twitter-financial-news-sentiment (MIT)
"“Anal cancer may be one of the most rapidly accelerating causes of cancer incidence and mortality in the U.S."" https://t.co/d0VXzuZaIu",1,neutral,zeroshot/twitter-financial-news-sentiment (MIT)
"“I think there are important things we have to offer for free for people who need basic health care, basic educatio… https://t.co/1P7soFMbfF",1,neutral,zeroshot/twitter-financial-news-sentiment (MIT)
"“Periods aren't just a women's issue, it's a human issue."" Meet @nadyaokamoto, an activist whose fight for gender… https://t.co/SdXSBCjsmD",1,neutral,zeroshot/twitter-financial-news-sentiment (MIT)
“The Irishman” was seen by 13.2 million U.S. viewers over its first five days on Netflix. But only 18% of them ma… https://t.co/UuCfGXTC6w,1,neutral,zeroshot/twitter-financial-news-sentiment (MIT)
“Who Wants to be a Development Genius?” is our fun trivia challenge on development. Play along and test your knowle… https://t.co/7cXmBEeTMV,1,neutral,zeroshot/twitter-financial-news-sentiment (MIT)
��‍♀️The Netherlands has more bicycles than people and it's now home to the world's largest bicycle park https://t.co/m2IlurcW4G,1,neutral,zeroshot/twitter-financial-news-sentiment (MIT)
"✅Get the best deals. 
✅Don't break the bank. 
Our guide on how to get it done: https://t.co/QrIh2UFASd https://t.co/IPxHN05zxZ",1,neutral,zeroshot/twitter-financial-news-sentiment (MIT)
"⚡️ “Most people choose to support environment and healthcare organizations”

https://t.co/9rFXXJ2EfN",1,neutral,zeroshot/twitter-financial-news-sentiment (MIT)
2 Ways Government Pensions Can Reduce Your Social Security,1,neutral,zeroshot/twitter-financial-news-sentiment (MIT)
201 books to read before the end of the year https://t.co/HgzlXonUVR #FTReadingList,1,neutral,zeroshot/twitter-financial-news-sentiment (MIT)
2020 Advances in Construction and Demolition Waste Recycling: Woodhead Publishing Series in Civil and Structural En… https://t.co/NDeG5e1kYs,1,neutral,zeroshot/twitter-financial-news-sentiment (MIT)
"20k next week this was my consolidation week. $500-$16,600 in 8 weeks. https://t.co/rxWtgDGKAT",1,neutral,zeroshot/twitter-financial-news-sentiment (MIT)
3 Companies That Are Raising Their Dividends,1,neutral,zeroshot/twitter-financial-news-sentiment (MIT)
3 Lagging Long Ideas That We Still Love. https://t.co/4Lq29yLh6D #stocks #trading #markets,1,neutral,zeroshot/twitter-financial-news-sentiment (MIT)
3 Leveraged Emerging Markets Traders Should Consider in Q1,1,neutral,zeroshot/twitter-financial-news-sentiment (MIT)
"3 Mutual Fund Misfires to Avoid - November 25, 2019",1,neutral,zeroshot/twitter-financial-news-sentiment (MIT)
"3 Mutual Fund Misfires To Avoid In Your Retirement Portfolio - November 25, 2019",1,neutral,zeroshot/twitter-financial-news-sentiment (MIT)
"3 Top-Ranked Mutual Funds for Your Retirement - February 06, 2020",1,neutral,zeroshot/twitter-financial-news-sentiment (MIT)
"52% of Older Adults Are Making This Crucial Social Security Mistake, a Survey Shows",1,neutral,zeroshot/twitter-financial-news-sentiment (MIT)
7 Stocks to Buy to Ride the Vegan Wave,1,neutral,zeroshot/twitter-financial-news-sentiment (MIT)
A certified fraud examiner lays out three big investing red flags #investinyou (In partnership with @acorns.) https://t.co/eGvx23n4Uc,1,neutral,zeroshot/twitter-financial-news-sentiment (MIT)
"A couple claims a 500-pound, $280-million emerald was destroyed when their house burned down in California's worst-… https://t.co/jJFqUHN5qr",1,neutral,zeroshot/twitter-financial-news-sentiment (MIT)
A Healthier Alternative to Luxurious Chocolate This Valentine's Day,1,neutral,zeroshot/twitter-financial-news-sentiment (MIT)
A REIT Activist's New Positions In Q3. Continue reading: https://t.co/rv7TZZGn6g #business #finance #trading,1,neutral,zeroshot/twitter-financial-news-sentiment (MIT)
A rusty pre-WWII train car gets a second life,1,neutral,zeroshot/twitter-financial-news-sentiment (MIT)
A South African grieving family took a man's corpse to an insurance company to prove he's dead.  Here's why their… https://t.co/bxACoIRGV0,1,neutral,zeroshot/twitter-financial-news-sentiment (MIT)
'A victim of their own success': How vaccines became a casualty of misinformation in the U.S.:… https://t.co/jRQt6BxmHz,1,neutral,zeroshot/twitter-financial-news-sentiment (MIT)
"Accident Deaths Plunge Drastically In Few States, Union Territories Post New Motor Act: Government",1,neutral,zeroshot/twitter-financial-news-sentiment (MIT)
"Activism Rises In Japan as Firms Go Hostile, Investors Speak Out",1,neutral,zeroshot/twitter-financial-news-sentiment (MIT)
"AI Poised to Impact High-Skill U.S. Jobs Including Finance, Tech",1,neutral,zeroshot/twitter-financial-news-sentiment (MIT)
Air Water : Notice of Execution of the Business Transfer Agreement for the Acquisition of ... #AirWater #Stock… https://t.co/BgG7Fp4BcS,1,neutral,zeroshot/twitter-financial-news-sentiment (MIT)
Almost 1 in 5 Millennials Think They'll Be Paying Student Loans in Their 50s,1,neutral,zeroshot/twitter-financial-news-sentiment (MIT)
ALROSA : Supervisory Board to consider disposal of Non-State Pension Fund Almaznaya Osen #ALROSA #Stock… https://t.co/RcGh6YQY2A,1,neutral,zeroshot/twitter-financial-news-sentiment (MIT)
AM Best Affirms Credit Ratings of Legal & General Group Plc and Legal and General Assurance Society Limited… https://t.co/dopr5WqWYx,1,neutral,zeroshot/twitter-financial-news-sentiment (MIT)
America isn’t ready for longer lifespans,1,neutral,zeroshot/twitter-financial-news-sentiment (MIT)
America’s Reluctance To Tax Wealth Has Its Roots In Slavery,1,neutral,zeroshot/twitter-financial-news-sentiment (MIT)
"Analysis on the World's Cognitive Collaboration Market, 2019-2024 - Increasing Need for Mobility & Collaboration Dr… https://t.co/DWGHx4ruLX",1,neutral,zeroshot/twitter-financial-news-sentiment (MIT)
Another coal-fired power plant closes its doors,1,neutral,zeroshot/twitter-financial-news-sentiment (MIT)
"Arm yourself with live #marketanalysis, #investmentresearch, and #investingideas. Try Briefing In Play Plus risk-fr… https://t.co/q2bLi8O81t",1,neutral,zeroshot/twitter-financial-news-sentiment (MIT)
"As Illinois Legalizes Marijuana, Cook County Prosecutor Vacates Over 1,000 Low-Level Cannabis Convictions",1,neutral,zeroshot/twitter-financial-news-sentiment (MIT)
"As relations between the U.S. and China continue to deteriorate, one immediate risk is a “military accident or oper… https://t.co/N2fewJJeQc",1,neutral,zeroshot/twitter-financial-news-sentiment (MIT)
Asset Acquisitions and Disposals::Proposed Acquisition of Assets in Singapore Mobike Pte. Ltd. #ISOTeam #Stock… https://t.co/f6tx3DSIBR,1,neutral,zeroshot/twitter-financial-news-sentiment (MIT)
Australians Love Rooftop Panels. That’s a Problem for Big Solar,1,neutral,zeroshot/twitter-financial-news-sentiment (MIT)
"Basking in the glow of a luxury-goods deal, Burberry boosts London stocks https://t.co/MTuHyI5ysO",1,neutral,zeroshot/twitter-financial-news-sentiment (MIT)
BDO Christmas party chaperones to guard against ghosts of scandals past https://t.co/HCiRkzZJGi,1,neutral,zeroshot/twitter-financial-news-sentiment (MIT)
Beer Drinkers Want More Than a Typical Lager These Days,1,neutral,zeroshot/twitter-financial-news-sentiment (MIT)
Before You Say 'OK Boomer' -- or Get Angry About It -- Embrace the Value of a Multigenerational Workforce,1,neutral,zeroshot/twitter-financial-news-sentiment (MIT)
Beyond Meat and Impossible Foods have a new foe in the plant-based burger wars: the Ultimate Burger… https://t.co/7RHXZNGEBG,1,neutral,zeroshot/twitter-financial-news-sentiment (MIT)
"Billionaire investor Howard Marks says we're not in a bubble, but sees reasons to take less risk https://t.co/BoHEP6B2Hi",1,neutral,zeroshot/twitter-financial-news-sentiment (MIT)
"Black Friday 2019: How scammers use gift cards, hot toy deals to trick you",1,neutral,zeroshot/twitter-financial-news-sentiment (MIT)
"Blackstone’s Motel 6 Owes 2,000 Guests for Giving Names to Immigration Officials",1,neutral,zeroshot/twitter-financial-news-sentiment (MIT)
Bloomberg Daybreak: Middle East Full Show (02/06/2020),1,neutral,zeroshot/twitter-financial-news-sentiment (MIT)
'Bloomberg The Open' Full Show (12/13/2019),1,neutral,zeroshot/twitter-financial-news-sentiment (MIT)
"Brazil's Afro-Brazilians are beginning to get their due, says @macmargolis (via @bopinion) https://t.co/tezavhCp6r",1,neutral,zeroshot/twitter-financial-news-sentiment (MIT)
Breaking - @NYDailyNews reports potential coronavirus patient at Elmhurst Hospital. Note: NYC Department of Health... https://t.co/U6wm1qJ4Ft,1,neutral,zeroshot/twitter-financial-news-sentiment (MIT)
Brief calm in Hong Kong is over,1,neutral,zeroshot/twitter-financial-news-sentiment (MIT)
Bumrungrad Hospital Public : Notification of the joint new business model #BumrungradHospitalPublic #Stock… https://t.co/QhvKqiE4Cd,1,neutral,zeroshot/twitter-financial-news-sentiment (MIT)
Burger King® Restaurants Partner With DC’s Harley Quinn and the Birds of Prey to Flame-Grill Memories of Your Ex and Emancipate Your Heart This Valentine’s Day,1,neutral,zeroshot/twitter-financial-news-sentiment (MIT)
"By diversifying, you reduce the risk of any one company losing value and negatively affecting your portfolio.… https://t.co/fZZP7j69yG",1,neutral,zeroshot/twitter-financial-news-sentiment (MIT)
"California must sound the alarm over rising seas, an analyst says https://t.co/vExxAxSA9t",1,neutral,zeroshot/twitter-financial-news-sentiment (MIT)
Can Nostalgia Revive Star Wars?,1,neutral,zeroshot/twitter-financial-news-sentiment (MIT)
"Car Rams Israelis, Palestinians Die in Post-Trump Plan Violence",1,neutral,zeroshot/twitter-financial-news-sentiment (MIT)
Carbon Taxes Alone Aren't Good Climate Policy: Gernot Wagner,1,neutral,zeroshot/twitter-financial-news-sentiment (MIT)
"Carolina Panthers owner David Tepper is close to adding another sports team to his empire, as Major League Soccer m… https://t.co/dvCe5VNlmL",1,neutral,zeroshot/twitter-financial-news-sentiment (MIT)
"Cash is king, and these investors are hoarding it in case of a recession 
https://t.co/YQemHWVfpv",1,neutral,zeroshot/twitter-financial-news-sentiment (MIT)
CDC: 6 Confirmed coronavirus cases in U.S.,1,neutral,zeroshot/twitter-financial-news-sentiment (MIT)
CH Robinson's Growth Is Fueled By Tech Investment,1,neutral,zeroshot/twitter-financial-news-sentiment (MIT)
"China Gangs Spreading Rumors to Exploit Pork Crisis, Report Says",1,neutral,zeroshot/twitter-financial-news-sentiment (MIT)
China Today Is Like Japan In 1989 https://t.co/xsAIxibRYL,1,neutral,zeroshot/twitter-financial-news-sentiment (MIT)
China Scrutinizes U.S. Bid to Control Chinese Chipmaker,1,neutral,zeroshot/twitter-financial-news-sentiment (MIT)
China’s Drug Patent Grab Makes Coronavirus Scary for Pharma,1,neutral,zeroshot/twitter-financial-news-sentiment (MIT)
"China’s IP crackdown, pro-democracy forces win big in Hong Kong, and big M&A news. Here’s what’s moving markets https://t.co/w0sI8qpNU0",1,neutral,zeroshot/twitter-financial-news-sentiment (MIT)
Chinese Ambassador to EU Says Economic Impact of Virus Is Limited,1,neutral,zeroshot/twitter-financial-news-sentiment (MIT)
Choking Haze Is Turning Sydney Into the World’s Laboratory,1,neutral,zeroshot/twitter-financial-news-sentiment (MIT)
Consummate New York City insider Kriegel dies at 79 https://t.co/iCYz8QnhNV,1,neutral,zeroshot/twitter-financial-news-sentiment (MIT)
CoreCivic : Inmate Students Earn College Degrees from Ashland University #CoreCivic #Stock #MarketScreener… https://t.co/ZjvZFvLif6,1,neutral,zeroshot/twitter-financial-news-sentiment (MIT)
"Coronavirus case tally: 565 deaths, 28,256 cases",1,neutral,zeroshot/twitter-financial-news-sentiment (MIT)
"Coronavirus continues to spread, retailers are feeling the impact",1,neutral,zeroshot/twitter-financial-news-sentiment (MIT)
Coronavirus Threat Looms Over Fragile African Health Systems,1,neutral,zeroshot/twitter-financial-news-sentiment (MIT)
Create a Song in the Palm of Your Hand With Orba by Artiphon,1,neutral,zeroshot/twitter-financial-news-sentiment (MIT)
CVC/European football: round numbers https://t.co/SBZqSrERpS,1,neutral,zeroshot/twitter-financial-news-sentiment (MIT)
Daily Insider Ratings Round Up 12/2/19. Subscribe to Seeking Alpha for more: https://t.co/5yEVpyN3jt #trading #investing #economy,1,neutral,zeroshot/twitter-financial-news-sentiment (MIT)
"David Vélez founded Nubank to offer financial services to Brazilians who had never had a bank account before. Now,… https://t.co/S665GCSUwu",1,neutral,zeroshot/twitter-financial-news-sentiment (MIT)
Death of a Hero Doctor Sparks Crisis of Confidence in Xi’s China,1,neutral,zeroshot/twitter-financial-news-sentiment (MIT)
"Dennis Gartman, who’s closing down his daily newsletter, had some parting advice for investors: sell https://t.co/GwcaDQjWJJ",1,neutral,zeroshot/twitter-financial-news-sentiment (MIT)
"Desalination can provide safe drinking water, but it also creates other environmental concerns like brine. Watch th… https://t.co/yLIMmQdmp5",1,neutral,zeroshot/twitter-financial-news-sentiment (MIT)
"Despite the Talk of Coal’s Demise, It Still Powers the World",1,neutral,zeroshot/twitter-financial-news-sentiment (MIT)
Do money woes leave you sleepless? You’re not alone. Here are the money fears that keep people awake at night.… https://t.co/56kJBsl625,1,neutral,zeroshot/twitter-financial-news-sentiment (MIT)
Do U.S. consumers still have enough disposable income to drive growth? Bloomberg's Vincent Cignarella discusses… https://t.co/yWZOqTa1Tj,1,neutral,zeroshot/twitter-financial-news-sentiment (MIT)
Do you believe in a Santa rally? https://t.co/1NMmDSiQ6A,1,neutral,zeroshot/twitter-financial-news-sentiment (MIT)
Do you qualify as a business owner? Here's what you need to know before applying for a business credit card. https://t.co/DDDXvyqMSp,1,neutral,zeroshot/twitter-financial-news-sentiment (MIT)
Does the stock market even need a U.S.-China trade deal with the jobs report this hot? https://t.co/WZnyfq6jp8,1,neutral,zeroshot/twitter-financial-news-sentiment (MIT)
"Don't be a Turkey
Only Price Pays! https://t.co/Z44GkSaAgM",1,neutral,zeroshot/twitter-financial-news-sentiment (MIT)
Duke University was built on a tobacco fortune. Now a tense showdown over college vaping and its health risks is ro… https://t.co/W38Vt442IL,1,neutral,zeroshot/twitter-financial-news-sentiment (MIT)
Eaton Vance was one of my favorite fundamental finds to start 2019..gets little recognition but simple thematic pla… https://t.co/3EW07tiRJj,1,neutral,zeroshot/twitter-financial-news-sentiment (MIT)
Elevated Valuations Are New Normal In PE: Karen Davies (Radio),1,neutral,zeroshot/twitter-financial-news-sentiment (MIT)
Enfindus sceglie gli inverter SolarEdge per 1 GW di progetti fotovoltaici in Europa,1,neutral,zeroshot/twitter-financial-news-sentiment (MIT)
Equity rotations and the value of industrials https://t.co/OCR2NRSE87,1,neutral,zeroshot/twitter-financial-news-sentiment (MIT)
Europe is set to stake its economic future on an environmental clean-up that will overhaul the way the world’s bigg… https://t.co/slU8gPy5AE,1,neutral,zeroshot/twitter-financial-news-sentiment (MIT)
Evacuation of Canadians from Virus Zone Is ‘Underway’ in China,1,neutral,zeroshot/twitter-financial-news-sentiment (MIT)
"Everybody likes a deal, and now some investors have decided that means they like junk bonds. https://t.co/jTwZwrqL9c",1,neutral,zeroshot/twitter-financial-news-sentiment (MIT)
Ex-JPMorgan Banker’s Career Gamble Pays Off in Muni-Bond Blitz,1,neutral,zeroshot/twitter-financial-news-sentiment (MIT)
Expense report fraud opening the door to bigger financial losses,1,neutral,zeroshot/twitter-financial-news-sentiment (MIT)
Explains the recent put buying or part of the reason?,1,neutral,zeroshot/twitter-financial-news-sentiment (MIT)
"EY has put 100 jobs in its financial consulting unit at risk of redundancy
https://t.co/d63wR7xMfR",1,neutral,zeroshot/twitter-financial-news-sentiment (MIT)
"Fed Inequality, China IP Crackdown, Canada Rail Strike: Eco Day",1,neutral,zeroshot/twitter-financial-news-sentiment (MIT)
Federal Prohibition Of Cannabis (Not Vitamin E Acetate) Is The Real Cause Of The Vaping Crisis,1,neutral,zeroshot/twitter-financial-news-sentiment (MIT)
FedEx CEO calls out NYT over tax bill report,1,neutral,zeroshot/twitter-financial-news-sentiment (MIT)
FedEx CEO hits back at New York Times tax-bill exposé,1,neutral,zeroshot/twitter-financial-news-sentiment (MIT)
Financial Planning Just Got A Whole Lot Harder. Subscribe to Seeking Alpha for more: https://t.co/Q9ZQPgCQjK… https://t.co/UGPLharNlL,1,neutral,zeroshot/twitter-financial-news-sentiment (MIT)
Flu Season Is Starting Off Early: 10 Things You Need to Know,1,neutral,zeroshot/twitter-financial-news-sentiment (MIT)
For every winner....  https://t.co/1pm4UFoCE2,1,neutral,zeroshot/twitter-financial-news-sentiment (MIT)
Foroohar: 2020 Election Poses Risk To Silicon Valley Tech Giants. Get more updates here: https://t.co/9UzZfKJoGd #business #finance #economy,1,neutral,zeroshot/twitter-financial-news-sentiment (MIT)
France's Richest Man Gets a Free Lunch From the ECB,1,neutral,zeroshot/twitter-financial-news-sentiment (MIT)
"Frank Barlow, former Pearson chief executive, 1930-2019 https://t.co/JZE8bGgJct",1,neutral,zeroshot/twitter-financial-news-sentiment (MIT)
Free agent Antonio Brown says it&apos;s time to ghost white women,1,neutral,zeroshot/twitter-financial-news-sentiment (MIT)
"French Private Equity Has a Problem With Equality, Firms Warned",1,neutral,zeroshot/twitter-financial-news-sentiment (MIT)
Fresh tensions over USMCA enforcement?,1,neutral,zeroshot/twitter-financial-news-sentiment (MIT)
"Friendship doesn't only make you happier — a good friend is worth more than $150,000. Here's why.… https://t.co/SrVlBcVoI3",1,neutral,zeroshot/twitter-financial-news-sentiment (MIT)
"From the turkey and casseroles to the mashed potatoes, here's a helpful guide detailing the TSA-approved items you… https://t.co/nHdZIH6Zoj",1,neutral,zeroshot/twitter-financial-news-sentiment (MIT)
"From Trump to Bolsonaro, Climate Skeptics Stir Green Activism",1,neutral,zeroshot/twitter-financial-news-sentiment (MIT)
Germany: Consumption Is The New Export. Get more info on Seeking Alpha: https://t.co/uNytzzpWSE #trading #stocks #stockmarket,1,neutral,zeroshot/twitter-financial-news-sentiment (MIT)
Get LIVE #analysis of the #equitymarkets featuring sophisticated #investing and #swingtrading ideas. Totally… https://t.co/gbWGLEa611,1,neutral,zeroshot/twitter-financial-news-sentiment (MIT)
Goldperson Sachs,1,neutral,zeroshot/twitter-financial-news-sentiment (MIT)
Got a tip? Click for a secure and anonymous link to Bloomberg reporters https://t.co/dPwBoTbrNr https://t.co/BY9EdJI9rE,1,neutral,zeroshot/twitter-financial-news-sentiment (MIT)
"Gundlach: ""those cynics out there who call it quantitative easing, they do have a point""",1,neutral,zeroshot/twitter-financial-news-sentiment (MIT)
"Guyana defends Exxon deal, attacks critics",1,neutral,zeroshot/twitter-financial-news-sentiment (MIT)
Gwyneth Paltrow Won’t Get Pushed Around by Venture Capitalists,1,neutral,zeroshot/twitter-financial-news-sentiment (MIT)
Hannah Elliott on the Future of Luxury Cars (Podcast),1,neutral,zeroshot/twitter-financial-news-sentiment (MIT)
Has bitcoin become 'digital gold?' @KitcoNewsNOW sat down with @mikemcglone11:  https://t.co/Sg3a5Xwpfj,1,neutral,zeroshot/twitter-financial-news-sentiment (MIT)
"Has Disney's ""Star Wars"" Acquisition Been a Failure?",1,neutral,zeroshot/twitter-financial-news-sentiment (MIT)
"Have a great weekened everyone !!! Dont forget : It’s good to have money and the things that money can buy, but it’… https://t.co/echs3JqWSX",1,neutral,zeroshot/twitter-financial-news-sentiment (MIT)
Health insurance industry eyes federal aid amid coronavirus pandemic https://t.co/xyXJtq7gwE by @AnjKhem and… https://t.co/kaopnmSfQW,1,neutral,zeroshot/twitter-financial-news-sentiment (MIT)
"Heavy coffee drinkers live longer, study says. ☕: https://t.co/90JAiq6Dpo https://t.co/dZAiT3pjsb",1,neutral,zeroshot/twitter-financial-news-sentiment (MIT)
"Hedge Fund CIO: ""We Are Playing The Game Called Institutional Investor"" https://t.co/oiQjnbJBj7",1,neutral,zeroshot/twitter-financial-news-sentiment (MIT)
"Helping to build new airports was a natural next step in creating a better flying experience for customers, says De… https://t.co/n67VG7MVhr",1,neutral,zeroshot/twitter-financial-news-sentiment (MIT)
Here is the 30th Most Popular Stocks Among 752 Hedge Funds,1,neutral,zeroshot/twitter-financial-news-sentiment (MIT)
Here’s how to get married in style https://t.co/BLvOGQSyrR,1,neutral,zeroshot/twitter-financial-news-sentiment (MIT)
"Here's why British comedian Sacha Baron Cohen calls social media ""the greatest propaganda machine in history"" https://t.co/fJ2EAQEAmF",1,neutral,zeroshot/twitter-financial-news-sentiment (MIT)
Here's Why You Need To Hedge Your Stock Investments - Seeking Alpha,1,neutral,zeroshot/twitter-financial-news-sentiment (MIT)
"Highlight: ""An authentic digital presence is what makes you different and what you have to offer that other people… https://t.co/Ba7fCa7R5v",1,neutral,zeroshot/twitter-financial-news-sentiment (MIT)
"Highlight: ""This year, you've had three things in your favor,"" @amundipioneer says about the high-yield bond market… https://t.co/ywPLWmNHWb",1,neutral,zeroshot/twitter-financial-news-sentiment (MIT)
Highlight: @bankrategreg on why Americans are behind on their retirement savings: https://t.co/bKazTWGZvB,1,neutral,zeroshot/twitter-financial-news-sentiment (MIT)
Highlight: @jessicaasmith8 on new legislation related to insider trading: “Right now there is no specific insider t… https://t.co/DKxVVEWgIK,1,neutral,zeroshot/twitter-financial-news-sentiment (MIT)
Highlight: @julialaroche breaks down Jamie Dimon's letter to $JPM shareholders: https://t.co/x527rcLWml,1,neutral,zeroshot/twitter-financial-news-sentiment (MIT)
"Highlight: “I think it does give him more leverage in the trade war,” @rickjnewman says about the jobs report being… https://t.co/N46Fd7Y4Eq",1,neutral,zeroshot/twitter-financial-news-sentiment (MIT)
Highlight: “Kin is actually designed to deliver a feeling at the bar. It’s the first non-alcoholic beverage that’s… https://t.co/h5zMXyU2sg,1,neutral,zeroshot/twitter-financial-news-sentiment (MIT)
"Highlight: “The average investor is already trading probably for free right now,” @spyjared says about the Schwab-T… https://t.co/cVauFbGE1W",1,neutral,zeroshot/twitter-financial-news-sentiment (MIT)
Highlight: “We have very lean standard operating procedures that can be replicated— and that's the core of any fran… https://t.co/Q2QNWaGV9y,1,neutral,zeroshot/twitter-financial-news-sentiment (MIT)
"Highlight: “When growth is scarce, investors seem very willing to pay up for growth stock"" @PNCBank's… https://t.co/rO4fBOkBG9",1,neutral,zeroshot/twitter-financial-news-sentiment (MIT)
Highlight: “When you don’t have organic growth because of overall economic activity on a global basis kind of being… https://t.co/E9BPwBKx5E,1,neutral,zeroshot/twitter-financial-news-sentiment (MIT)
"Highlight: '10 years ago... it was the big reveal at the Super Bowl to see the ads for the first time,â€... https://t.co/MPiTNca3kw",1,neutral,zeroshot/twitter-financial-news-sentiment (MIT)
Highlight: Fed Chair Jerome Powell shares a few words about Paul Volcker: “He accomplished many things during his l… https://t.co/9GRYrEObjt,1,neutral,zeroshot/twitter-financial-news-sentiment (MIT)
"Highlight: Miller Tabak + Co. Chief Market Strategist Matt Maley: ""You can never pick the exact low in the market.… https://t.co/hnQkPa1P6u",1,neutral,zeroshot/twitter-financial-news-sentiment (MIT)
Highlight: Pictet Asset Management Chief Strategist @luca_paolini on the UK elections: “If the Labour Party does we… https://t.co/BsIJZU3JEb,1,neutral,zeroshot/twitter-financial-news-sentiment (MIT)
Highlight: 'What we see as the number one problem right now in implementing some of these AI solutions” in detecti... https://t.co/bn1qMWihcp,1,neutral,zeroshot/twitter-financial-news-sentiment (MIT)
Hong Kong Protesters Clash With Police as Lam Visits Beijing,1,neutral,zeroshot/twitter-financial-news-sentiment (MIT)
"Hong Kong Protesters Get A Win, Setting Stage For Foggy China Relations",1,neutral,zeroshot/twitter-financial-news-sentiment (MIT)
Hong Kong’s anti-government demonstrations have exposed deep schisms within the territory’s Catholic church. ‘We ar… https://t.co/YOiFws0mPz,1,neutral,zeroshot/twitter-financial-news-sentiment (MIT)
"How a 29-year-old YouTube millionaire making up to $220,000 a month spends his money. (via @CNBCMakeIt)… https://t.co/G2bYoMnim9",1,neutral,zeroshot/twitter-financial-news-sentiment (MIT)
"How likely is it that the U.S. will enter a recession? Our updating tracker will tell you. 

Sign up to get the lat… https://t.co/5w0lwFHRCF",1,neutral,zeroshot/twitter-financial-news-sentiment (MIT)
"How much you can expect to get from Social Security if you make $45,000 a year #investinyou (In partnership with… https://t.co/TKqvDtWH0t",1,neutral,zeroshot/twitter-financial-news-sentiment (MIT)
How the world’s biggest companies got millions of people to let temps analyze some very sensitive recordings https://t.co/PlHP1ub2i9,1,neutral,zeroshot/twitter-financial-news-sentiment (MIT)
"HP Doesn’t Need Xerox, Which May Have Been the Point",1,neutral,zeroshot/twitter-financial-news-sentiment (MIT)
'I can't afford that': Woman in student loan limbo since 1997 decries a muddy system,1,neutral,zeroshot/twitter-financial-news-sentiment (MIT)
"I got $10,000 more when I negotiated my salary—here's the exact script I used. (via @CNBCMakeIt) https://t.co/M2jCPARYdx",1,neutral,zeroshot/twitter-financial-news-sentiment (MIT)
I have some advice for anyone who dares to write about the latest Social Security cost-of-living adjustment: Don’t. https://t.co/MFOCzn0Whx,1,neutral,zeroshot/twitter-financial-news-sentiment (MIT)
I quit caring when a fancy chocolatier near us tried to convince me to try chocolate with horseradish. Seriously. T… https://t.co/csZFMNlhSD,1,neutral,zeroshot/twitter-financial-news-sentiment (MIT)
I Sabotaged My Boss With Ransomware From the Dark Web,1,neutral,zeroshot/twitter-financial-news-sentiment (MIT)
I think Billions jumped the shark a season ago.,1,neutral,zeroshot/twitter-financial-news-sentiment (MIT)
ICYMI: The famous Rockefeller Center Christmas tree in New York lights up to welcome the holiday season 🎄 https://t.co/Wo7kQwFbns,1,neutral,zeroshot/twitter-financial-news-sentiment (MIT)
"If we ever get back to the moon, we could be living in inflatable habitats. https://t.co/7fMoB4YuYt https://t.co/qPC69ZcD7a",1,neutral,zeroshot/twitter-financial-news-sentiment (MIT)
If you are throwing deep you definitely want to be targeting Blake Jarwin lol,1,neutral,zeroshot/twitter-financial-news-sentiment (MIT)
If you make your dream a priority long enough... it comes true. https://t.co/mk5TSWxly6,1,neutral,zeroshot/twitter-financial-news-sentiment (MIT)
"In 1994, #Rwanda faced the Tutsi genocide claiming the lives  of 1m+ people. In the aftermath, several @WBG_IDA pro… https://t.co/PkgnSSSe7D",1,neutral,zeroshot/twitter-financial-news-sentiment (MIT)
In case you need another reason to delete your Facebook: https://t.co/SGVxYSwjo0,1,neutral,zeroshot/twitter-financial-news-sentiment (MIT)
Industry Experts at Infiniti Research Weigh the Pros and Cons of Medical Device Outsourcing in Their Latest Article,1,neutral,zeroshot/twitter-financial-news-sentiment (MIT)
Infrastructure Funds: Definition and Examples,1,neutral,zeroshot/twitter-financial-news-sentiment (MIT)
Inovalon’s stock renaissance returns CEO to the billionaire club https://t.co/0ebuLqVjDs,1,neutral,zeroshot/twitter-financial-news-sentiment (MIT)
Internet Initiative Japan reports 9M results,1,neutral,zeroshot/twitter-financial-news-sentiment (MIT)
Investors shrugged off a WSJ report that said the US and China are working on a deal to delay the next round of Ame… https://t.co/D4CJFfE98t,1,neutral,zeroshot/twitter-financial-news-sentiment (MIT)
"Iran to Seek Advanced Arms as UN Embargo Expires, Pentagon Says",1,neutral,zeroshot/twitter-financial-news-sentiment (MIT)
Is Inflation Really Under Control? https://t.co/B86ntFUj2h,1,neutral,zeroshot/twitter-financial-news-sentiment (MIT)
Is it really possible that only 14% of families own stocks outright? @JimCramer has a few reasons:  https://t.co/pxA4SfyBtM,1,neutral,zeroshot/twitter-financial-news-sentiment (MIT)
Is Pelosi Rushing Impeachment Because Dems Know They Have Failed?  https://t.co/49HRcpAw7T,1,neutral,zeroshot/twitter-financial-news-sentiment (MIT)
Is Tesla Shoving It In Trump's Face By Producing Cars In China To Skirt Tariffs? https://t.co/9KXPAYNuhr,1,neutral,zeroshot/twitter-financial-news-sentiment (MIT)
Is this the end of the road for Uber in London? https://t.co/D8QDe2OkRd,1,neutral,zeroshot/twitter-financial-news-sentiment (MIT)
It doesn't pay to be a stock picker anymore. https://t.co/amkOz3dTxj https://t.co/6e50u9TPuU,1,neutral,zeroshot/twitter-financial-news-sentiment (MIT)
"It's cold outside, but White Claw summer lives on https://t.co/4JdNqODTOj",1,neutral,zeroshot/twitter-financial-news-sentiment (MIT)
"Japan Post Probe Finds 9,000 Cases of Missold Insurance: Yomiuri",1,neutral,zeroshot/twitter-financial-news-sentiment (MIT)
Jason Garrett’s job security in picture form https://t.co/CBpCNx3Frg,1,neutral,zeroshot/twitter-financial-news-sentiment (MIT)
"John B. Sanfilippo & Son, Inc. Mourns the Passing of Former Chairman and CEO, Jasper B. Sanfilippo, Sr.",1,neutral,zeroshot/twitter-financial-news-sentiment (MIT)
"Joseph Stiglitz, a Nobel-Prize winning economist, says cryptocurrencies should be shut down. Here's why.… https://t.co/qpEnoXPS96",1,neutral,zeroshot/twitter-financial-news-sentiment (MIT)
"Just received a full briefing on the tragic shooting at NAS Pensacola in Florida, and spoke to @GovRonDeSantis. My… https://t.co/Em3f4rgehW",1,neutral,zeroshot/twitter-financial-news-sentiment (MIT)
Justin Bieber wants to sell his $8.5 million Beverly Hills home on Instagram. Here's a look inside. (via… https://t.co/kwqjstwso6,1,neutral,zeroshot/twitter-financial-news-sentiment (MIT)
Justin Fox on Christmas's New York Roots (Podcast),1,neutral,zeroshot/twitter-financial-news-sentiment (MIT)
Key Events In The Holiday Shortened Week https://t.co/n7Q9OeE5yu,1,neutral,zeroshot/twitter-financial-news-sentiment (MIT)
"Known as the ""most beautiful café in the world,"" the New York Café is nothing short of spectacular. (PS -- it's not… https://t.co/laxpn15BP7",1,neutral,zeroshot/twitter-financial-news-sentiment (MIT)
Last day to sign up for a discount to our community. Will be limiting alerts and charts here. Price already settled… https://t.co/qFjitpKlKo,1,neutral,zeroshot/twitter-financial-news-sentiment (MIT)
Launch of new generic drugs in U.S. still lags - WSJ,1,neutral,zeroshot/twitter-financial-news-sentiment (MIT)
Leaks offer glimpse inside China’s detention camps https://t.co/hqKYf75c5V,1,neutral,zeroshot/twitter-financial-news-sentiment (MIT)
Let’s Talk Donald Trump and Coronavirus,1,neutral,zeroshot/twitter-financial-news-sentiment (MIT)
"LISTEN NOW: Trade news is in focus today, as progress is made on the USMCA and China tariffs reportedly could be de… https://t.co/FWS9MkuY65",1,neutral,zeroshot/twitter-financial-news-sentiment (MIT)
Looking for a play on $CVX?  https://t.co/yGYLAiHwO3,1,neutral,zeroshot/twitter-financial-news-sentiment (MIT)
Major League Baseball Is Ushering in a New Era of Sports Streaming,1,neutral,zeroshot/twitter-financial-news-sentiment (MIT)
"Make the Most of Your Retirement with These Top-Ranked Mutual Funds - February 06, 2020",1,neutral,zeroshot/twitter-financial-news-sentiment (MIT)
Man vs. Microbe: We’re Not Ready for the Next Global Virus Outbreak,1,neutral,zeroshot/twitter-financial-news-sentiment (MIT)
Mandiri Warns of Risk to Loan Growth From Virus Outbreak,1,neutral,zeroshot/twitter-financial-news-sentiment (MIT)
Market Movers: What changed for D-Street while you were sleeping - Economic Times,1,neutral,zeroshot/twitter-financial-news-sentiment (MIT)
Marvel Comics 1 torches record with $1.26M sale at auction https://t.co/ZCIXTnGfPG via @FoxBusiness https://t.co/09Sj0PfU9H,1,neutral,zeroshot/twitter-financial-news-sentiment (MIT)
"Meet Bread and Butter, two turkeys slated to receive a presidential pardon this week https://t.co/gVMwhszyuH",1,neutral,zeroshot/twitter-financial-news-sentiment (MIT)
Mexico’s former top police official has been arrested in the U.S. for allegedly taking millions in bribes to help t… https://t.co/gumELPl8zp,1,neutral,zeroshot/twitter-financial-news-sentiment (MIT)
"MILLION DOLLAR MARVEL: The 1939 comic book that laid the groundwork for the Avengers, Spider-Man, and the X-Men has… https://t.co/DfpVefYXH0",1,neutral,zeroshot/twitter-financial-news-sentiment (MIT)
Ministers risk NHS pension tax breach in bid to avert pre-poll crisis https://t.co/hw8VhL3IgU,1,neutral,zeroshot/twitter-financial-news-sentiment (MIT)
Monday's big rally is premature: financial advisor #economy #MarketScreener https://t.co/Ld6fdzqgQd https://t.co/nqWvTA19gR,1,neutral,zeroshot/twitter-financial-news-sentiment (MIT)
"More than 140,000 people died from measles last year, according to new estimates from the World Health Organization… https://t.co/hdvfswYuFA",1,neutral,zeroshot/twitter-financial-news-sentiment (MIT)
Mother of Jailed Israeli Appeals to Putin as Netanyahu Stumbles,1,neutral,zeroshot/twitter-financial-news-sentiment (MIT)
Mountain America’s Free Adoption Event Saves Over 160 Pets at the Humane Society of Utah  https://t.co/SAkC0zncke,1,neutral,zeroshot/twitter-financial-news-sentiment (MIT)
"MURKOWSKI WILL VOTE ``NO'' ON WITNESSES, WASH. POST SAYS",1,neutral,zeroshot/twitter-financial-news-sentiment (MIT)
"My wife is 61 and earns $50,000. I’m 65 and earn $400,000 and will work until 71. Should my wife take her Social Se… https://t.co/XBkIQCDPzD",1,neutral,zeroshot/twitter-financial-news-sentiment (MIT)
Myanmar Asks Tour Firms to Suspend Services for Chinese Visitors,1,neutral,zeroshot/twitter-financial-news-sentiment (MIT)
National Cattlemen Beef Association of United St : Kansas Corn Encouraged by Bipartisan Ef... #economy… https://t.co/YFY2qzqpWw,1,neutral,zeroshot/twitter-financial-news-sentiment (MIT)
"NBA should trim schedule to 68 games, says Washington University sports business director https://t.co/GGXMbWQjbV",1,neutral,zeroshot/twitter-financial-news-sentiment (MIT)
NBC’s Today Co-anchors Savannah Guthrie and Hoda Kotb to Be Honored at 2020 Outstanding Mother Awards,1,neutral,zeroshot/twitter-financial-news-sentiment (MIT)
Nevada casinos record big Super Bowl win,1,neutral,zeroshot/twitter-financial-news-sentiment (MIT)
Never lose sight of the big picture. @JimCramer breaks down how he's approaching a market obsessed with the headlin… https://t.co/L49D4iPLH2,1,neutral,zeroshot/twitter-financial-news-sentiment (MIT)
New Cortec PE fund biggest winner from latest Texas CDRS pension commitments,1,neutral,zeroshot/twitter-financial-news-sentiment (MIT)
New Dungeons & Dragons game announced,1,neutral,zeroshot/twitter-financial-news-sentiment (MIT)
New England Patriots acknowledge team video crew filmed opposing team’s sideline during game https://t.co/Hrrt5qmCsT,1,neutral,zeroshot/twitter-financial-news-sentiment (MIT)
New for subscribers:  This mutual fund returned over 400% last decade. Here are the stocks it's betting on now... https://t.co/8H17ZdXvNJ,1,neutral,zeroshot/twitter-financial-news-sentiment (MIT)
New markets for the C-390 Millennium,1,neutral,zeroshot/twitter-financial-news-sentiment (MIT)
New Special Effects Lighting at Aviva Stadium Takes Entertainment Experience to the Next Level,1,neutral,zeroshot/twitter-financial-news-sentiment (MIT)
New York Governor Cuomo notes hospitalizations down sharply @Street_Insider $SPY,1,neutral,zeroshot/twitter-financial-news-sentiment (MIT)
"New York Knicks fire head coach David Fizdale, report says https://t.co/SjxbaVIfmR",1,neutral,zeroshot/twitter-financial-news-sentiment (MIT)
Nintendo Download: Wage War in the World of The Witcher,1,neutral,zeroshot/twitter-financial-news-sentiment (MIT)
"No Insurance Policy? Lisa Page Sues FBI, DOJ For ""Unlawful"" Disclosure Of Strozk Texts https://t.co/0nqyroM0jD",1,neutral,zeroshot/twitter-financial-news-sentiment (MIT)
Not every advance in electric-vehicle technology takes place inside the sterile calm of a research laboratory https://t.co/FgNwoVF270,1,neutral,zeroshot/twitter-financial-news-sentiment (MIT)
Oliver has had this figured out for months.,1,neutral,zeroshot/twitter-financial-news-sentiment (MIT)
"On this day in 1994 Orange County, California filed for bankruptcy protection after interest rate swaps imploded in… https://t.co/NatWmeuiIg",1,neutral,zeroshot/twitter-financial-news-sentiment (MIT)
One California teacher says he has learned the hard way how the deck can be stacked against teachers’ retirement sa… https://t.co/DTpFqNo2FO,1,neutral,zeroshot/twitter-financial-news-sentiment (MIT)
One Conscious Objector. Follow this and any other stock on Seeking Alpha! https://t.co/HUiIlURifS #business #finance #investing,1,neutral,zeroshot/twitter-financial-news-sentiment (MIT)
"One in four mammals are traded internationally – alive and dead, whole and in pieces – by legal operations, crimina… https://t.co/g2yzN2gsD9",1,neutral,zeroshot/twitter-financial-news-sentiment (MIT)
One of the largest coal-fired power plants in the Western US has just closed for good,1,neutral,zeroshot/twitter-financial-news-sentiment (MIT)
One of the world's rarest butterflies is thriving in an unlikely place: a military artillery range https://t.co/D262xE8iFP,1,neutral,zeroshot/twitter-financial-news-sentiment (MIT)
Only 35 Shopping Days Until Christmas,1,neutral,zeroshot/twitter-financial-news-sentiment (MIT)
OPEC Considers Oil Output Cut; Tesla Shuts Stores: Virus Update,1,neutral,zeroshot/twitter-financial-news-sentiment (MIT)
"Pantone's 2020 Color of the Year is Classic Blue, chosen for its calming, reassuring vibes https://t.co/Z0KQG6EDZu",1,neutral,zeroshot/twitter-financial-news-sentiment (MIT)
Partnering with Costco is the latest major expansion for Beyond Meat https://t.co/TEcFCWg7Ej,1,neutral,zeroshot/twitter-financial-news-sentiment (MIT)
Parts with passports: how free trade drives GM's engines,1,neutral,zeroshot/twitter-financial-news-sentiment (MIT)
Passing The Torch … Or Should I Say The Flashlight App?,1,neutral,zeroshot/twitter-financial-news-sentiment (MIT)
Paul Krugman Is More Than One Toke Over The Line https://t.co/SPM4T5j22Y,1,neutral,zeroshot/twitter-financial-news-sentiment (MIT)
"Pearl Harbor vet’s interment to be last on sunken Arizona
https://t.co/kpn5NiTrWC",1,neutral,zeroshot/twitter-financial-news-sentiment (MIT)
"Philip Moulin, an expert on counterfeit wine, is charged with keeping bogus Bordeaux and Burgundies out of Berry Br… https://t.co/tstX3Y0f66",1,neutral,zeroshot/twitter-financial-news-sentiment (MIT)
Pilita Clark: Any employer who can offer sabbatical leave will always be a step ahead of the rest https://t.co/wtvLnRCKOX,1,neutral,zeroshot/twitter-financial-news-sentiment (MIT)
"Power Rankings: Chicken clash, Crocs comeback & end zone exec — top moments from the week https://t.co/2pd0UX0DBq",1,neutral,zeroshot/twitter-financial-news-sentiment (MIT)
Private equity firms are increasingly turning to an obscure type of loan to fund larger and larger buyouts. That'… https://t.co/DZBVZnwj0C,1,neutral,zeroshot/twitter-financial-news-sentiment (MIT)
Put Your Smaller Bonus to Better Use on Things That Will Appreciate,1,neutral,zeroshot/twitter-financial-news-sentiment (MIT)
Q4 2019 Investment Style Ratings For ETFs And Mutual Funds. Keep reading: https://t.co/ULtBNLURe7 #economy #investing #markets,1,neutral,zeroshot/twitter-financial-news-sentiment (MIT)
Qatar Not in Talks Yet With U.A.E. Over Healing Rift,1,neutral,zeroshot/twitter-financial-news-sentiment (MIT)
Read like Bill Gates: His 5 picks of 2019 https://t.co/Gyp8FvcuDD,1,neutral,zeroshot/twitter-financial-news-sentiment (MIT)
Real estate secondaries: Deals where ‘both parties walk away happy’,1,neutral,zeroshot/twitter-financial-news-sentiment (MIT)
RECAP 1/31 TRUMPSAYS: THE BEST IS YET TO COME! Live Breaking trading news https://t.co/yChRCoaR8v,1,neutral,zeroshot/twitter-financial-news-sentiment (MIT)
Record Demand For Fixed Income ETFs,1,neutral,zeroshot/twitter-financial-news-sentiment (MIT)
Remastering Volatility: Reducing Noise In Equity Allocations. Read more: https://t.co/EpjNmsSKIM #trading #economy #markets,1,neutral,zeroshot/twitter-financial-news-sentiment (MIT)
"Residents play #SocialDistancing Bingo in Dublin, Ireland #COVID19ireland #coronavirus https://t.co/k7MEKlKttQ",1,neutral,zeroshot/twitter-financial-news-sentiment (MIT)
Resumen: ProAmpac y nkd LIFE son reconocidos en los premios mundiales de la innovación en bebidas,1,neutral,zeroshot/twitter-financial-news-sentiment (MIT)
"Retail earnings, Fed minutes, impeachment hearings: 3 things to watch for Wednesday",1,neutral,zeroshot/twitter-financial-news-sentiment (MIT)
Retirement expert: The 'easiest' crack to fix in the system is workplace access https://t.co/MHHzY6X8Dh by… https://t.co/9sLWOOQsHP,1,neutral,zeroshot/twitter-financial-news-sentiment (MIT)
"Roger Federer, preparing for life after tennis, buys stake in Swiss sneaker company after Nike contract expires https://t.co/oNmlohXmfL",1,neutral,zeroshot/twitter-financial-news-sentiment (MIT)
"Romania's health-care system is one of the worst in Europe, so much so that a team of people took matters into thei... https://t.co/dkQoUmUia4",1,neutral,zeroshot/twitter-financial-news-sentiment (MIT)
Russia Is Readying For Robot Wars https://t.co/YpKCkpSrTG,1,neutral,zeroshot/twitter-financial-news-sentiment (MIT)
Russia Says Lives Lost in Joint Operation With Turkey in Syria,1,neutral,zeroshot/twitter-financial-news-sentiment (MIT)
Russia Seeks to Lift Ban on ‘Blood Diamonds’ From African Ally,1,neutral,zeroshot/twitter-financial-news-sentiment (MIT)
Saudi Arabia arrested at least 8 intellectuals last week as it extended a crackdown on political dissent https://t.co/Da4AfKxDMn,1,neutral,zeroshot/twitter-financial-news-sentiment (MIT)
Scientists are using realistic-looking fake penguins to convince real ones to move to safer habitats https://t.co/duMa8nLPzD,1,neutral,zeroshot/twitter-financial-news-sentiment (MIT)
Secret Chinese documents reveal inner workings of Muslim detention camps. https://t.co/mpAg6qq6BX https://t.co/avWP2G04uC,1,neutral,zeroshot/twitter-financial-news-sentiment (MIT)
"Snap CEO Evan Spiegel Talks TikTok, Politics And Earnings",1,neutral,zeroshot/twitter-financial-news-sentiment (MIT)
So Halsey needs a shower,1,neutral,zeroshot/twitter-financial-news-sentiment (MIT)
Soccer-Mancini spoilt for choice as record-breaking Italy head to Euros - Nasdaq,1,neutral,zeroshot/twitter-financial-news-sentiment (MIT)
SolarEdge dostarczy Enfindus falowniki dla Europejskiego projektu solarnego o mocy 1GW.,1,neutral,zeroshot/twitter-financial-news-sentiment (MIT)
Some universities have pledged not to set exam questions on topics that have been hit by strike disruption https://t.co/HBD2kg7nMI,1,neutral,zeroshot/twitter-financial-news-sentiment (MIT)
"-Spaghetti with a sweet banana ketchup sauce and hotdog chunks
-Sweet burger steaks
-Buckets of fried chicken 
The… https://t.co/Pvy1ytdlSY",1,neutral,zeroshot/twitter-financial-news-sentiment (MIT)
"Special Reports: Weekly Options Volatility Analysis Ahead of Earnings -- $CDMO, $ORCL seeing high relative volatili… https://t.co/A1YCdejDbS",1,neutral,zeroshot/twitter-financial-news-sentiment (MIT)
Stock market crashes happen more than you think. The key to surviving them is being prepared.  https://t.co/1DutJov1m0,1,neutral,zeroshot/twitter-financial-news-sentiment (MIT)
Stocks Are Writing Checks the Economic Data Can’t Cash,1,neutral,zeroshot/twitter-financial-news-sentiment (MIT)
Supreme Court Takes Cognisance Of Infant’s Death During Shaheen Bagh Protest,1,neutral,zeroshot/twitter-financial-news-sentiment (MIT)
Supreme Court won't give Adnan Syed new trial in 'Serial' podcast murder case https://t.co/gUbF5AO9EI,1,neutral,zeroshot/twitter-financial-news-sentiment (MIT)
Sydney’s Wildfire Smoke Declared a ‘Public Health Emergency’,1,neutral,zeroshot/twitter-financial-news-sentiment (MIT)
Sydney's smoke-filled air from the bushfires is so bad it's setting off fire alarms. @SybillaGross explains just h… https://t.co/Ss3reLWhlW,1,neutral,zeroshot/twitter-financial-news-sentiment (MIT)
"Taylor Swift sings 'Love Story', 'Blank Space' and more during American Music Awards performance https://t.co/qgEfuSM5xp",1,neutral,zeroshot/twitter-financial-news-sentiment (MIT)
Tension in Hong Kong simmers on,1,neutral,zeroshot/twitter-financial-news-sentiment (MIT)
The 16 most innovative new companies of the 2010s https://t.co/oFcdKQkRMu by @ewolffmann https://t.co/wzisb9VNvh,1,neutral,zeroshot/twitter-financial-news-sentiment (MIT)
"The Afghanistan Papers Reveal a Tragedy, Not a Crime",1,neutral,zeroshot/twitter-financial-news-sentiment (MIT)
"The African grey parrot is an intelligent animal capable of mimicking human speech, which can live in captivity up… https://t.co/1UX49C10l7",1,neutral,zeroshot/twitter-financial-news-sentiment (MIT)
The backlash over Peloton's much-maligned holiday ad could be a good thing for the company in the long run https://t.co/VTjv9gaE5Y,1,neutral,zeroshot/twitter-financial-news-sentiment (MIT)
"The Best Apple Watch Black Friday Deals (2019): List of Apple Watch Series 3, 4 & 5 GPS & Cellular Savings Shared by Save Bubble",1,neutral,zeroshot/twitter-financial-news-sentiment (MIT)
The Big Dirty Secret Behind Wind Power,1,neutral,zeroshot/twitter-financial-news-sentiment (MIT)
The Big Picture: More to the good employment report than job growth $SPY $TNX-- https://t.co/w4dAzYCmAz… https://t.co/6a6tdtLR2k,1,neutral,zeroshot/twitter-financial-news-sentiment (MIT)
The biggest holdup in the U.S.-China negotiations is Washington’s demand that China guarantee its pledge to buy mor… https://t.co/FIbhm2SNtj,1,neutral,zeroshot/twitter-financial-news-sentiment (MIT)
The Billionaire's Big Job of Restoring Aston Martin,1,neutral,zeroshot/twitter-financial-news-sentiment (MIT)
The CDC says Americans don't have to wear facemasks because of coronavirus https://t.co/uOZUXtZJxt,1,neutral,zeroshot/twitter-financial-news-sentiment (MIT)
The companies all deserve credit for conscientiously reconsidering the consequences of their design choices https://t.co/U8xZNmVfZQ,1,neutral,zeroshot/twitter-financial-news-sentiment (MIT)
The consequences of ultra-low US unemployment https://t.co/sfRBlPKbuY,1,neutral,zeroshot/twitter-financial-news-sentiment (MIT)
The End of Econ Blogging’s Golden Age,1,neutral,zeroshot/twitter-financial-news-sentiment (MIT)
The family behind Krispy Kreme Doughnuts and Panera Bread is adding a member of the Kardashian clan to its portfolio https://t.co/0h1f7I0IyY,1,neutral,zeroshot/twitter-financial-news-sentiment (MIT)
"The FT View: Jair Bolsonaro should keep his nerve and seize Brazil’s chance to change
https://t.co/4QkSKpohll",1,neutral,zeroshot/twitter-financial-news-sentiment (MIT)
The Infinite Energy Resource We’re Overlooking,1,neutral,zeroshot/twitter-financial-news-sentiment (MIT)
The IRS has a new tax form out and wants to know all about your cryptocurrency https://t.co/dgAgh1v040,1,neutral,zeroshot/twitter-financial-news-sentiment (MIT)
"The JEDI suit isn't about Star Wars.

Amazon is suing the Pentagon because it gave Microsoft a cloud computing cont… https://t.co/VAQytv4kJ3",1,neutral,zeroshot/twitter-financial-news-sentiment (MIT)
The Least Expensive Car Of 2019,1,neutral,zeroshot/twitter-financial-news-sentiment (MIT)
The man once dubbed 'Britain's Bill Gates' could be one step closer to a US jail,1,neutral,zeroshot/twitter-financial-news-sentiment (MIT)
The Markets Speak: The Lesson Has Been Harsh. https://t.co/89QRsOfn53 #business #stocks #stockmarket,1,neutral,zeroshot/twitter-financial-news-sentiment (MIT)
"The most patient investors may want some commodities in their portfolio, says @jasonzweigwsj https://t.co/iPzo9hUxaj",1,neutral,zeroshot/twitter-financial-news-sentiment (MIT)
The most successful money maker in modern finance has one simple rule of thumb for investing: remove all emotion. https://t.co/MBtciNVHrn,1,neutral,zeroshot/twitter-financial-news-sentiment (MIT)
The MTA's 2020 resolution: bring contactless payments to all subway stations and buses by the end of the year. https://t.co/5OJSrin71m,1,neutral,zeroshot/twitter-financial-news-sentiment (MIT)
"The New England Patriots admitted that a crew last Sunday ""unknowingly violated a league policy by filming the fiel… https://t.co/3VK3izjuim",1,neutral,zeroshot/twitter-financial-news-sentiment (MIT)
The number of new coronavirus cases in Indonesia surges by more than 200 for second consecutive day https://t.co/bdhN2NroqM,1,neutral,zeroshot/twitter-financial-news-sentiment (MIT)
"The Oxford Word of the Year 2019 is what the UN secretary-general called ""the defining issue of our time"" https://t.co/CG7TmQCOW5",1,neutral,zeroshot/twitter-financial-news-sentiment (MIT)
The Protected Principal Retirement Portfolio: Preliminary Rebalancing - Part II. Read more: https://t.co/FqgNC2brWZ… https://t.co/4os0EzLBOA,1,neutral,zeroshot/twitter-financial-news-sentiment (MIT)
The retail winners and losers for when we can spend again: https://t.co/qLtOPsBmME,1,neutral,zeroshot/twitter-financial-news-sentiment (MIT)
The search for the Alzheimer's drug is costly and frustratingly unpredictable. But it's actually a calculated gambl… https://t.co/wh7v9OAq23,1,neutral,zeroshot/twitter-financial-news-sentiment (MIT)
"The U.S. may not be able to stop China and Russia from selling arms to Iran next year, says @GhoshWorld… https://t.co/llJ1jsbDiz",1,neutral,zeroshot/twitter-financial-news-sentiment (MIT)
"The U.S. Navy says a second victim is dead in addition to the shooter at Naval Air Station Pensacola in Florida, th… https://t.co/cns2vm5dvN",1,neutral,zeroshot/twitter-financial-news-sentiment (MIT)
"The U.S. reopening its market to Brazilian fresh beef is a matter of when, not if https://t.co/Jr2lcHzJOr",1,neutral,zeroshot/twitter-financial-news-sentiment (MIT)
The US has added waiters and bartenders in 112 of the past 11 7 months https://t.co/b1LS0U7EUi,1,neutral,zeroshot/twitter-financial-news-sentiment (MIT)
The US has crazy-low taxes and this is why https://t.co/rOJq3Bp5r6 via @bopinion,1,neutral,zeroshot/twitter-financial-news-sentiment (MIT)
The Web Might Be a Monopolist’s Best Friend,1,neutral,zeroshot/twitter-financial-news-sentiment (MIT)
"The Week Ahead: Monetary Policy, Stats and an Impeachment in Focus",1,neutral,zeroshot/twitter-financial-news-sentiment (MIT)
There are 'a lot of predators' in the fashion industry: Kathy Ireland,1,neutral,zeroshot/twitter-financial-news-sentiment (MIT)
"There has been a lot conversation about why companies are staying private longer, but not enough conversation on th… https://t.co/wpIl7U9TJ9",1,neutral,zeroshot/twitter-financial-news-sentiment (MIT)
These three retail innovators challenge the conventional wisdom of brick and mortar https://t.co/45B2Hlbm32,1,neutral,zeroshot/twitter-financial-news-sentiment (MIT)
This app recommends stocks based on your Zodiac sign. But it's not what you think,1,neutral,zeroshot/twitter-financial-news-sentiment (MIT)
This is a great and well reseached book on Justice K. The Ruth Marcus book is a badly written & reseached disaster.… https://t.co/vS6EEFdMEj,1,neutral,zeroshot/twitter-financial-news-sentiment (MIT)
This Is When Your Favorite Stores Open on Black Friday,1,neutral,zeroshot/twitter-financial-news-sentiment (MIT)
This man is making millions selling testicular implants for everything from a dog to an elephant.… https://t.co/yDYQvADflP,1,neutral,zeroshot/twitter-financial-news-sentiment (MIT)
This map shows the U.S. cities where robots are impacting jobs the most. (via @CNBCMakeIt) https://t.co/75r14auc32 https://t.co/dolkFZtPxx,1,neutral,zeroshot/twitter-financial-news-sentiment (MIT)
Three breakfast reads https://t.co/VHJwACKpI8,1,neutral,zeroshot/twitter-financial-news-sentiment (MIT)
Three Things You Should Check Before Buying Avery Dennison Corporation (NYSE:AVY) For Its Dividend,1,neutral,zeroshot/twitter-financial-news-sentiment (MIT)
"Thyssenkrupp, Kone discuss multi-billion euro break-up fee - sources",1,neutral,zeroshot/twitter-financial-news-sentiment (MIT)
TicToc Good news...the minority male turtles can handle it]... they are  required to pay child support.,1,neutral,zeroshot/twitter-financial-news-sentiment (MIT)
"TicToc https://t.co/EOsKuYWXOv tarafından ⚡️ “Iman, the last Sumatran rhinoceros in Malaysia, has died at 25”",1,neutral,zeroshot/twitter-financial-news-sentiment (MIT)
Tiger Woods and U.S. Team Score Another Presidents Cup Win,1,neutral,zeroshot/twitter-financial-news-sentiment (MIT)
Time to drive pensions sharks out of the water for good https://t.co/0B8FXfEjvI,1,neutral,zeroshot/twitter-financial-news-sentiment (MIT)
Today millions of people around the world continue to suffer in poverty. #Data and #technology can enable governmen… https://t.co/6uirAecyyP,1,neutral,zeroshot/twitter-financial-news-sentiment (MIT)
Top trending: Assange rape investigation dropped; Chick-Fil-A bans donating to anti-LGBTQ groups,1,neutral,zeroshot/twitter-financial-news-sentiment (MIT)
"Trade war. Possible recession. Presidential election.

Here are the 3 stocks you need heading into 2020. 

https://t.co/fdcXiqwKpw",1,neutral,zeroshot/twitter-financial-news-sentiment (MIT)
"Travel Restrictions Won't Help Contain Virus, Johns Hopkins' Nuzzo Says",1,neutral,zeroshot/twitter-financial-news-sentiment (MIT)
"Troops are reinforcing the police in Bogota, after outbreaks of looting and vandalism https://t.co/tGzHJL5v84",1,neutral,zeroshot/twitter-financial-news-sentiment (MIT)
Two More Bankers Arrested in Germany Over Tax Scandal Investigation,1,neutral,zeroshot/twitter-financial-news-sentiment (MIT)
"Two people in custody after vehicle breaches checkpoints at Trump's Mar-a-Lago resort, police say https://t.co/rz7EV9ncJw",1,neutral,zeroshot/twitter-financial-news-sentiment (MIT)
Ukraine still hasn't received $35 million of approved military aid: report https://t.co/N0yrGxtdQl via @HuffPost https://t.co/58RXm3xu0f,1,neutral,zeroshot/twitter-financial-news-sentiment (MIT)
"Unlock our award-winning LIVE #investmentresearch, fundamental and #technicalanalysis, #market flow, #earnings cove… https://t.co/1G5gqkLBzM",1,neutral,zeroshot/twitter-financial-news-sentiment (MIT)
Venture capital doesn't work for everyone. There's another way https://t.co/kp76Buetao,1,neutral,zeroshot/twitter-financial-news-sentiment (MIT)
Venture capitalists are embracing direct listings and curbing fees for bankers https://t.co/Xm3d9qsGhl,1,neutral,zeroshot/twitter-financial-news-sentiment (MIT)
Virus Hits Hong Kong Insurers Already Reeling From Protests,1,neutral,zeroshot/twitter-financial-news-sentiment (MIT)
Voters left in the dark over money behind online election ads https://t.co/84RDNVsRKP,1,neutral,zeroshot/twitter-financial-news-sentiment (MIT)
Waiting for your Equifax settlement cash? Don’t hold your breath https://t.co/60naM4i2NO,1,neutral,zeroshot/twitter-financial-news-sentiment (MIT)
Wall Street Breakfast: Merger Monday. Get more updates here: https://t.co/jl4re63yZs #investing #markets #business,1,neutral,zeroshot/twitter-financial-news-sentiment (MIT)
"Wall Street Has Plans for Newspapers, and They Aren't Pretty",1,neutral,zeroshot/twitter-financial-news-sentiment (MIT)
Wall Street's Finest Walk Into a $2 Trillion Mess on Saudi Aramco,1,neutral,zeroshot/twitter-financial-news-sentiment (MIT)
Warren Buffett: Growth vs. Cash Generation,1,neutral,zeroshot/twitter-financial-news-sentiment (MIT)
Watch Live: Shots Fired At Mar-a-Lago https://t.co/kxZiY2weRW,1,neutral,zeroshot/twitter-financial-news-sentiment (MIT)
WATCH: A sea of fans filled the streets of Rio de Janeiro to celebrate Flamengo's win over River Plate in the Copa… https://t.co/U0spDtnEzr,1,neutral,zeroshot/twitter-financial-news-sentiment (MIT)
"Watchdog faults FBI in Trump campaign probe, but sees no bias https://t.co/ntqbKnWfWJ",1,neutral,zeroshot/twitter-financial-news-sentiment (MIT)
"What are Kimberly Esterkin's top priorities as an #IRO? 

✅ ""Staying ahead of the best practices in my industry"" 
✅… https://t.co/JDyJevXsED",1,neutral,zeroshot/twitter-financial-news-sentiment (MIT)
What Can the 1991 Recession and S&L Crisis Tell Us About Today?,1,neutral,zeroshot/twitter-financial-news-sentiment (MIT)
What is the age of the ‘Instagram face’?,1,neutral,zeroshot/twitter-financial-news-sentiment (MIT)
"What to watch in the markets: Thursday, Feb 6",1,neutral,zeroshot/twitter-financial-news-sentiment (MIT)
What was the top cryptocurrency of 2019?,1,neutral,zeroshot/twitter-financial-news-sentiment (MIT)
When Can You Afford to Retire? Ask Yourself These 4 Questions,1,neutral,zeroshot/twitter-financial-news-sentiment (MIT)
"When companies buy their own shares, executives are quick to cash out https://t.co/19bF83Xoi7 via @BW",1,neutral,zeroshot/twitter-financial-news-sentiment (MIT)
"When in doubt, follow the Oracle of Omaha?  https://t.co/eG7b0eXXit",1,neutral,zeroshot/twitter-financial-news-sentiment (MIT)
"Which way will the markets be headed next week before traders head home for Thanksgiving? On @MadMoneyOnCNBC,… https://t.co/q4NtFLbrmV",1,neutral,zeroshot/twitter-financial-news-sentiment (MIT)
Whn you've lost Tom Lee...,1,neutral,zeroshot/twitter-financial-news-sentiment (MIT)
Why Accelerated Approval Could Be Huge for This Ovarian Cancer Study,1,neutral,zeroshot/twitter-financial-news-sentiment (MIT)
why macro funds are shutting down left and right https://t.co/gVYowOBmqe,1,neutral,zeroshot/twitter-financial-news-sentiment (MIT)
Why paying down your mortgage faster could be a good investment strategy https://t.co/mUrPzoRwaf,1,neutral,zeroshot/twitter-financial-news-sentiment (MIT)
Why some critics are questioning KKR’s ‘responsible investing’ posture https://t.co/XcwjDUvvDQ,1,neutral,zeroshot/twitter-financial-news-sentiment (MIT)
Why the Coronavirus Is Making It Cheaper to Fuel Planes,1,neutral,zeroshot/twitter-financial-news-sentiment (MIT)
"Why the Equal Rights Amendment, a 1972 Ideal, Is Back",1,neutral,zeroshot/twitter-financial-news-sentiment (MIT)
Why This Is a Huge Win Against Prostate Cancer,1,neutral,zeroshot/twitter-financial-news-sentiment (MIT)
Why You're Probably Underestimating How Much You'll Need in Retirement,1,neutral,zeroshot/twitter-financial-news-sentiment (MIT)
"Wildfires are still raging across New South Wales, Australia.

Australian firefighters are battling 6 emergency-lev… https://t.co/8KQ9JZVd3L",1,neutral,zeroshot/twitter-financial-news-sentiment (MIT)
Will the yen see a decline in popularity as more countries enter zero-rate territory? Insights via @CMEGroup https://t.co/zPR2qSO8Pq,1,neutral,zeroshot/twitter-financial-news-sentiment (MIT)
Wipro贏得Marelli的多年策略性IT協議,1,neutral,zeroshot/twitter-financial-news-sentiment (MIT)
Wish you could only work 4 days a week? Here's why this company made the switch to a shorter workweek.… https://t.co/SHNefqcV1o,1,neutral,zeroshot/twitter-financial-news-sentiment (MIT)
Witch Hunt!,1,neutral,zeroshot/twitter-financial-news-sentiment (MIT)
With #YFPremium you can get a heatmap view of your portfolio. Examine sector- and company-level contribution to ret… https://t.co/lq5EJGZ3tg,1,neutral,zeroshot/twitter-financial-news-sentiment (MIT)
Woodford’s Bet on U.K. Plc Comes Good Too Late for Investors,1,neutral,zeroshot/twitter-financial-news-sentiment (MIT)
World’s Biggest Reservoir May Stop Power Output Amid Drought,1,neutral,zeroshot/twitter-financial-news-sentiment (MIT)
World's Top Steelmaker Sounds the Alarm as Virus Spreads Through China,1,neutral,zeroshot/twitter-financial-news-sentiment (MIT)
Worried about a recession? Here’s how to prepare your retirement nest egg,1,neutral,zeroshot/twitter-financial-news-sentiment (MIT)
Wuhan Doctor’s Death A Massive Headwind For China Coronavirus Sentiment,1,neutral,zeroshot/twitter-financial-news-sentiment (MIT)
You Can Own a Fraction of a Warhol. But Should You?,1,neutral,zeroshot/twitter-financial-news-sentiment (MIT)
You should always buy these 4 things in bulk. (via @CNBCMakeIt) https://t.co/Dujz63MaP5,1,neutral,zeroshot/twitter-financial-news-sentiment (MIT)
Your 70s can be tricky — how do you increase your resources while using them wisely? Here's how to invest for a lif… https://t.co/iVyGisOsaA,1,neutral,zeroshot/twitter-financial-news-sentiment (MIT)
"Your future portfolio might be stocks, bonds, and a bit of basketball https://t.co/6Dmyj8s9aJ via @BW",1,neutral,zeroshot/twitter-financial-news-sentiment (MIT)
"🖥️ Google new quantum computer that can perform computations in 200 seconds that otherwise would take 10,000 years https://t.co/wxZxiFnotV",1,neutral,zeroshot/twitter-financial-news-sentiment (MIT)
Gold Price Forecast – Gold Markets Decline Into The Weekend,0,negative,zeroshot/twitter-financial-news-sentiment (MIT)
Brazil's Vale loses spot as world's top iron ore producer to Rio Tinto https://t.co/YFpdog1bsu https://t.co/QYFVJa50go,0,negative,zeroshot/twitter-financial-news-sentiment (MIT)
India's gold imports declined for the fifth month as the slowest economic growth in six years curbed demand during… https://t.co/y6BgL5cSPj,0,negative,zeroshot/twitter-financial-news-sentiment (MIT)
Gold Falls After Strong Jobless Report #Silver #Stock #MarketScreener https://t.co/3ztxIAtUKP https://t.co/v92anbNxu3,0,negative,zeroshot/twitter-financial-news-sentiment (MIT)
Gold Edges Lower With Investors Eyeing Economic Data #Silver #Stock #MarketScreener https://t.co/7goZcHKZGW https://t.co/9oGCWjeq0J,0,negative,zeroshot/twitter-financial-news-sentiment (MIT)
Gold Edges Lower With Investors Eyeing Economic Data #Silver #Stock #MarketScreener https://t.co/i53u7vaynH https://t.co/XI4WdZLCZf,0,negative,zeroshot/twitter-financial-news-sentiment (MIT)
$FCX $BHP $SCCO - Copper drops again; LME closes Ring for first time since WW II https://t.co/79bmc5AC7W,0,negative,zeroshot/twitter-financial-news-sentiment (MIT)
CME : Volatility in New York gold prices impacting liquidity in London - LBMA #CME #Stock #MarketScreener… https://t.co/8ILGYoJHzS,0,negative,zeroshot/twitter-financial-news-sentiment (MIT)
"$XAUUSD:CUR $GLD $IAU - Gold closing in on $1,700 https://t.co/dlF56Hes3D",2,positive,zeroshot/twitter-financial-news-sentiment (MIT)
"Dec. gold climbs $2.40, or 0.2%, to settle at $1,474.30/oz",2,positive,zeroshot/twitter-financial-news-sentiment (MIT)
"Feb. gold climbs $8.90, or 0.6%, to settle at $1,481.20/oz",2,positive,zeroshot/twitter-financial-news-sentiment (MIT)
"Gold futures climb nearly 3%, settling at the highest level since December 2012 https://t.co/um1vukp9mc",2,positive,zeroshot/twitter-financial-news-sentiment (MIT)
Gold Soars To 8-Year Highs As Stocks Melt-Up On Massive Short-Squeeze  https://t.co/80904NqvN0,2,positive,zeroshot/twitter-financial-news-sentiment (MIT)
Silver Weekly Price Forecast – Silver Markets Rally Significantly,2,positive,zeroshot/twitter-financial-news-sentiment (MIT)
Gold rises https://t.co/pCFxistRTq https://t.co/EccKbrGpHF,2,positive,zeroshot/twitter-financial-news-sentiment (MIT)
Gold: Prepare For Bull Market To Begin Any Day. https://t.co/H54NIPOiww #business #finance #economy,2,positive,zeroshot/twitter-financial-news-sentiment (MIT)
Best And Worst Q1 2020: Basic Materials ETFs And Mutual Funds. https://t.co/IPnvVdskQZ #business #finance #markets,1,neutral,zeroshot/twitter-financial-news-sentiment (MIT)
Catalyst Metals : Joint Venture with St Barbara on Drummartin project #CatalystMetals #Stock #MarketScreener… https://t.co/hs4iuvtDbN,1,neutral,zeroshot/twitter-financial-news-sentiment (MIT)
The diamond industry is working to build a carbon-neutral mine within the next decade. Insights via @DPAssociation https://t.co/bkqWR2d1aX,1,neutral,zeroshot/twitter-financial-news-sentiment (MIT)
$COMDX: Metals Settlement Prices https://t.co/hcbCEY76s8,1,neutral,zeroshot/twitter-financial-news-sentiment (MIT)
$COMDX: Metals Settlement Prices https://t.co/klzxoYZMDh,1,neutral,zeroshot/twitter-financial-news-sentiment (MIT)
Nickel Monthly News For The Month Of January 2020. https://t.co/dqgOlMmJMl #markets #economy #stocks,1,neutral,zeroshot/twitter-financial-news-sentiment (MIT)
$COMDX: Metals Settlement Prices https://t.co/UultNDoj0j,1,neutral,zeroshot/twitter-financial-news-sentiment (MIT)
$COMDX: Metals Settlement Prices https://t.co/FdbGhOjvKi,1,neutral,zeroshot/twitter-financial-news-sentiment (MIT)
$COMDX: Metals Settlement Prices https://t.co/zZXI6yitLs,1,neutral,zeroshot/twitter-financial-news-sentiment (MIT)
#IPOs expected/Priced this week https://t.co/CUVLFGPBiP #IPOCalendar $CAN $PINE $SITM,1,neutral,zeroshot/twitter-financial-news-sentiment (MIT)
A year in which the IPO market sobered up https://t.co/bgpuGK5XpJ,1,neutral,zeroshot/twitter-financial-news-sentiment (MIT)
"Casper prices its IPO at $12 a share, the low end of range",1,neutral,zeroshot/twitter-financial-news-sentiment (MIT)
"For International Funds Considering The Aramco IPO, A Short-Term Strategy That Might Play Out",1,neutral,zeroshot/twitter-financial-news-sentiment (MIT)
Fortinet Makes an Acquisition for One of the Fastest-Growing Segments of Cybersecurity,1,neutral,zeroshot/twitter-financial-news-sentiment (MIT)
"Inszone Insurance Acquires James Swiniuch Agency, Inc",1,neutral,zeroshot/twitter-financial-news-sentiment (MIT)
Meritex Enters Dallas Market With Acquisition of Jetstar 114 Business Center,1,neutral,zeroshot/twitter-financial-news-sentiment (MIT)
OneWater Marine raised $55.4 mln in the IPO,1,neutral,zeroshot/twitter-financial-news-sentiment (MIT)
"PPD's stock indicated in early going to open at $30, or 11% above $27 IPO price",1,neutral,zeroshot/twitter-financial-news-sentiment (MIT)
$ALGN - Align loses patent case against 3Shape https://t.co/2HgNiksWgy,0,negative,zeroshot/twitter-financial-news-sentiment (MIT)
Alstom's U.K. unit fined 15 million pounds in connection with bribes paid in Tunisia https://t.co/wAS04f4bOb,0,negative,zeroshot/twitter-financial-news-sentiment (MIT)
"Amazon files suit, challenging Pentagon’s $10 billion cloud contract to Microsoft https://t.co/bhI1vQg91J",0,negative,zeroshot/twitter-financial-news-sentiment (MIT)
Amazon's Third-Party Marketplace Faces Fresh Regulatory Headwinds,0,negative,zeroshot/twitter-financial-news-sentiment (MIT)
Auto parts supplier Prevent sues Volkswagen for suppressing competition,0,negative,zeroshot/twitter-financial-news-sentiment (MIT)
EU probes Qualcomm over radio-frequency chips,0,negative,zeroshot/twitter-financial-news-sentiment (MIT)
India's state-run banks report fraud of more than $13 billion in 6 months,0,negative,zeroshot/twitter-financial-news-sentiment (MIT)
"Madhya Pradesh Vyapam Scam: Man Gets 10 Years, 30 Others Get 7 Years In Jail",0,negative,zeroshot/twitter-financial-news-sentiment (MIT)
New York hits Juul with a lawsuit,0,negative,zeroshot/twitter-financial-news-sentiment (MIT)
Rio Tinto faces Mongolia lawsuit over Oyu Tolgoi mine,0,negative,zeroshot/twitter-financial-news-sentiment (MIT)
Sanctions-hit refiner Nynas handed administrator by Swedish court,0,negative,zeroshot/twitter-financial-news-sentiment (MIT)
U.S. agency probes 12th Tesla crash tied to possible Autopilot use,0,negative,zeroshot/twitter-financial-news-sentiment (MIT)
UK regulator orders recall of fire-risk Whirlpool washing machines,0,negative,zeroshot/twitter-financial-news-sentiment (MIT)
"United was sued by a passenger for refusing to issue refunds, just days after U.S. regulators ordered airlines to r… https://t.co/JvGcITvqPf",0,negative,zeroshot/twitter-financial-news-sentiment (MIT)
UPDATE 1-Italian police search ArcelorMittal offices over Ilva probe,0,negative,zeroshot/twitter-financial-news-sentiment (MIT)
Walmart employee's family files wrongful death lawsuit after man dies of coronavirus complications https://t.co/cXYG6iXeL0,0,negative,zeroshot/twitter-financial-news-sentiment (MIT)
WeWork Faces Another Investigation Over Neumann,0,negative,zeroshot/twitter-financial-news-sentiment (MIT)
$TEVA - Teva in talks with DoJ to end generics probes - Bloomberg https://t.co/a47OmArrQY,2,positive,zeroshot/twitter-financial-news-sentiment (MIT)
BPH Energy : Settlement of Litigation #BPHEnergy #Stock #MarketScreener https://t.co/DD5IfT4zgo https://t.co/sZfkzFWMcP,2,positive,zeroshot/twitter-financial-news-sentiment (MIT)
Enterprise Wins Favorable Ruling From Texas Supreme Court,2,positive,zeroshot/twitter-financial-news-sentiment (MIT)
Fiat reaches settlement with Italy tax agency over Chrysler value claim,2,positive,zeroshot/twitter-financial-news-sentiment (MIT)
GM not liable for punitive damages in ignition switch cases: U.S. appeals court,2,positive,zeroshot/twitter-financial-news-sentiment (MIT)
Gm wins key legal victory over pre-bankruptcy liability,2,positive,zeroshot/twitter-financial-news-sentiment (MIT)
HSBC makes last-minute settlement with ex-currencies head https://t.co/uqYy01pnBL,2,positive,zeroshot/twitter-financial-news-sentiment (MIT)
Alphabet Seeks Quiet End to Investor Suits Over Sex Harassment,1,neutral,zeroshot/twitter-financial-news-sentiment (MIT)
"Amazon seeks to depose Trump, Esper in lawsuit over cloud computing contract",1,neutral,zeroshot/twitter-financial-news-sentiment (MIT)
Bayer seeks reversal of $86M Roundup cancer verdict,1,neutral,zeroshot/twitter-financial-news-sentiment (MIT)
"California to stop buying GM, Toyota and Fiat Chrysler vehicles over emissions fight",1,neutral,zeroshot/twitter-financial-news-sentiment (MIT)
CN meets U.S. federal requirement to operate Positive Train Control on all required tracks ahead of schedule  https://t.co/79kRLNp5Ip,1,neutral,zeroshot/twitter-financial-news-sentiment (MIT)
Department of Justice Blames China for Equifax Data Breach: What You Need to Know,1,neutral,zeroshot/twitter-financial-news-sentiment (MIT)
DOJ moves to scrap decades-old movie distribution rules,1,neutral,zeroshot/twitter-financial-news-sentiment (MIT)
DOJ seeks to reverse the ruling against Qualcomm,1,neutral,zeroshot/twitter-financial-news-sentiment (MIT)
FAA chief weighs changes to plane approval process: WSJ,1,neutral,zeroshot/twitter-financial-news-sentiment (MIT)
"JetBlue founder was a ""death knell"" for this Canada carrier, a lawsuit says https://t.co/14JYSa5ahV",1,neutral,zeroshot/twitter-financial-news-sentiment (MIT)
"NEW: A federal appeals court in Washington upheld regulations by the FDA saying ""e-cigarettes are indisputably high… https://t.co/fM0DaAKGK6",1,neutral,zeroshot/twitter-financial-news-sentiment (MIT)
NEW: Teva and other generic drugmakers have held talks with the U.S. about resolving a long-running probe of allege… https://t.co/CmycwwREYa,1,neutral,zeroshot/twitter-financial-news-sentiment (MIT)
Roche's Small Spark Deal Holds a Big Regulatory Warning,1,neutral,zeroshot/twitter-financial-news-sentiment (MIT)
SEC investigator https://t.co/xn4CBYig52,1,neutral,zeroshot/twitter-financial-news-sentiment (MIT)
U.S. arrests three in alleged $722 million cryptocurrency fraud https://t.co/r7JbcAUepE https://t.co/I6DBZ4xKzB,1,neutral,zeroshot/twitter-financial-news-sentiment (MIT)
UPDATE 1-Swedbank pledges prompt release of money laundering probe,1,neutral,zeroshot/twitter-financial-news-sentiment (MIT)
$AMTD - Ameritrade: Charles Schwab's Offer In Line With Our Valuation. Keep reading: https://t.co/soth7CVICV #business #finance #stocks,1,neutral,zeroshot/twitter-financial-news-sentiment (MIT)
$AMTD $SCHW - Schwab to buy TD Ameritrade in $26B all-stock deal https://t.co/eycEc0Nye9,1,neutral,zeroshot/twitter-financial-news-sentiment (MIT)
$BYND - Susquehanna holds stake in Beyond Meat https://t.co/RIuPccbwsX,1,neutral,zeroshot/twitter-financial-news-sentiment (MIT)
"$CBS: CBS/Viacom (VIAB) expect to close merger on Wednesday, December 4th https://t.co/UuC8Oj9MAP",1,neutral,zeroshot/twitter-financial-news-sentiment (MIT)
$GATX: GATX enters into stock purchase agreement for the sale of its American Steamship Company business to Rand... https://t.co/FgdxBcYBd9,1,neutral,zeroshot/twitter-financial-news-sentiment (MIT)
$INFY: Infosys to acquire cloud solutions company Simplus; terms not disclosed https://t.co/yYMwyRYblI,1,neutral,zeroshot/twitter-financial-news-sentiment (MIT)
$LCII - LCI Industries lands Polyplastic https://t.co/t6omAq06sK,1,neutral,zeroshot/twitter-financial-news-sentiment (MIT)
$NVS - Novartis: Swiss Pharmaceutical Titan On Sale. https://t.co/FI5wU6MyeC #investing #markets #stocks,1,neutral,zeroshot/twitter-financial-news-sentiment (MIT)
$RMLRF $TRYUF - Ramelius Resources to scoop up Spectrum Metals https://t.co/5gqMvy0sSS,1,neutral,zeroshot/twitter-financial-news-sentiment (MIT)
$SRNE: Sorrento Therapeutics says rejects cash acquisition proposal for between $3.00-5.00/share https://t.co/ib0vORvPPF,1,neutral,zeroshot/twitter-financial-news-sentiment (MIT)
$TCO: Taubman Centers: Simon Property Group to acquire TCO for $52.50 per share in cash https://t.co/WbnGpQwuiR,1,neutral,zeroshot/twitter-financial-news-sentiment (MIT)
$TD $SCHW $AMTD - TD Bank to own 13% Schwab stake after Ameritrade deal https://t.co/oqmaKzAJTW,1,neutral,zeroshot/twitter-financial-news-sentiment (MIT)
"$TIF: Tiffany & Co confirms agreement to be acquired by LVMH (LVMUY) for $135/share in cash, or approximately $16.2… https://t.co/xhNzqZ8PVx",1,neutral,zeroshot/twitter-financial-news-sentiment (MIT)
AE Industrial Partners buys American Pacific from Jon M Huntsman family office,1,neutral,zeroshot/twitter-financial-news-sentiment (MIT)
Alkermes acquires Rodin Therapeutics for up to $950M,1,neutral,zeroshot/twitter-financial-news-sentiment (MIT)
Ayala Yields Control of Manila Water to Billionaire Razon,1,neutral,zeroshot/twitter-financial-news-sentiment (MIT)
Barrick Gold denies Freeport-McMoran tie-up in the works,1,neutral,zeroshot/twitter-financial-news-sentiment (MIT)
BlackRock slashes stake in Peabody Energy,1,neutral,zeroshot/twitter-financial-news-sentiment (MIT)
CBS and Viacom to close merger on Dec. 4,1,neutral,zeroshot/twitter-financial-news-sentiment (MIT)
CBS and Viacom to close merger on Dec. 4 https://t.co/V6yhhhQkOu https://t.co/mG8Ri2LR71,1,neutral,zeroshot/twitter-financial-news-sentiment (MIT)
CBS Corporation and Viacom Inc. Announce Expected Closing Date of Merger,1,neutral,zeroshot/twitter-financial-news-sentiment (MIT)
Charles Schwab to buy TD Ameritrade in $26 billion all-stock deal https://t.co/1wEXNU4RV0,1,neutral,zeroshot/twitter-financial-news-sentiment (MIT)
Charles Schwab to buy TD Ameritrade in $26-billion blockbuster brokerage deal,1,neutral,zeroshot/twitter-financial-news-sentiment (MIT)
Chinese dairy giant Mengniu agrees to buy Kirin's Australian beverage unit Lion for $419 million https://t.co/O3gL3uOfY8,1,neutral,zeroshot/twitter-financial-news-sentiment (MIT)
Chubb to buy stake in China's Huatai Insurance for $1.53 billion #economy #MarketScreener https://t.co/sUAx6evkmj https://t.co/DVUL8EMQ0t,1,neutral,zeroshot/twitter-financial-news-sentiment (MIT)
Coty Acquires $600M Majority Stake In Kylie Jenner's Cosmetics Company,1,neutral,zeroshot/twitter-financial-news-sentiment (MIT)
"CVC Capital said to consider strategic options for Elsan, sale could reach €3bn",1,neutral,zeroshot/twitter-financial-news-sentiment (MIT)
Duravant To Acquire WECO,1,neutral,zeroshot/twitter-financial-news-sentiment (MIT)
Edgewell Personal Care is ditching its bid to acquire shaving-supply maker Harry's -- reminding big consumer compan… https://t.co/WIlJz1fbNc,1,neutral,zeroshot/twitter-financial-news-sentiment (MIT)
"Edgewell Personal Care, which owns Schick, said it is no longer pursuing the $1.4 billion deal to buy Harry's Razor… https://t.co/P3wTZL4p3t",1,neutral,zeroshot/twitter-financial-news-sentiment (MIT)
Elliott Capital sells its stake in XPO Logistics Europe,1,neutral,zeroshot/twitter-financial-news-sentiment (MIT)
EVI Industries to acquire Commercial Laundry Equipment Company,1,neutral,zeroshot/twitter-financial-news-sentiment (MIT)
Exclusive: Daimler seeks majority control of its main China joint venture - sources,1,neutral,zeroshot/twitter-financial-news-sentiment (MIT)
Factbox: M&As in vogue for luxury retailers seeking growth,1,neutral,zeroshot/twitter-financial-news-sentiment (MIT)
Forescout expects deal to close in Q2,1,neutral,zeroshot/twitter-financial-news-sentiment (MIT)
Formula Systems acquires Unique Software Industries,1,neutral,zeroshot/twitter-financial-news-sentiment (MIT)
France's LVMH close to buying Tiffany after sweetening offer: sources https://t.co/5HyHxPhyqL https://t.co/eofnMyZ54Q,1,neutral,zeroshot/twitter-financial-news-sentiment (MIT)
Harsco (HSC) to Buy Stericycle's Environmental Solutions,1,neutral,zeroshot/twitter-financial-news-sentiment (MIT)
"Hg to buy electronic trading software business smartTrade from Keensight Capital, Pléiade Venture",1,neutral,zeroshot/twitter-financial-news-sentiment (MIT)
Hologic to sell Cynosure aesthetics unit for net $138M,1,neutral,zeroshot/twitter-financial-news-sentiment (MIT)
HP is open to exploring bid from Xerox: RTR,1,neutral,zeroshot/twitter-financial-news-sentiment (MIT)
HP reiterates its rejection of Xerox's offer to buy the company https://t.co/9qYk413PZE https://t.co/WLdlx9gnjf,1,neutral,zeroshot/twitter-financial-news-sentiment (MIT)
IBP scoops up Premier Building Supply,1,neutral,zeroshot/twitter-financial-news-sentiment (MIT)
IFF Said to Near $26 Billion Deal for DuPont Nutrition Unit,1,neutral,zeroshot/twitter-financial-news-sentiment (MIT)
Japan Exchange : Announcement of completed acquisition of the balancer business from Schmi... #JapanExchange #Stock… https://t.co/3mODefuFt0,1,neutral,zeroshot/twitter-financial-news-sentiment (MIT)
"Kirkland Lake is buying Detour for $3.7 billion, the latest deal in a wave of consolidation among gold miners https://t.co/peEFjKDxeV",1,neutral,zeroshot/twitter-financial-news-sentiment (MIT)
LVMH nears deal to buy Tiffany for $16.3 billion https://t.co/SlI2ZpyYhH,1,neutral,zeroshot/twitter-financial-news-sentiment (MIT)
M&A Monday: Charles Schwab to buy TD Ameritrade https://t.co/MF0tOYzLjI https://t.co/bwWCGuIzCY,1,neutral,zeroshot/twitter-financial-news-sentiment (MIT)
"Mairs and Power Sells UPS, Abbott Labs",1,neutral,zeroshot/twitter-financial-news-sentiment (MIT)
Mall Operator Simon Property Buying a Major Competitor,1,neutral,zeroshot/twitter-financial-news-sentiment (MIT)
Mediawan Acquires the Black Dynamite Label to Expand Its Premium Documentary Offer,1,neutral,zeroshot/twitter-financial-news-sentiment (MIT)
Medicines : Novartis to buy U.S. biotech The Medicines Co. for $9.7 billion #Medicines #Stock #MarketScreener… https://t.co/TA05wVBHcd,1,neutral,zeroshot/twitter-financial-news-sentiment (MIT)
"Merger Monday roars back — LVMH buys Tiffany, Charles Schwab buys TD Ameritrade",1,neutral,zeroshot/twitter-financial-news-sentiment (MIT)
MGM officially in pursuit of Osaka casino,1,neutral,zeroshot/twitter-financial-news-sentiment (MIT)
"NOVARTIS : CHF0.50(REGD) Novartis To Acquire The Medicines Company For Usd 9.7 Bn, Adding ... #Novartis #Stock… https://t.co/TEgmm5XKnN",1,neutral,zeroshot/twitter-financial-news-sentiment (MIT)
"PayPal has struck a deal to acquire Honey, a shopping platform that offers online shoppers discounts and rewards, f… https://t.co/D9FqQbl3Tb",1,neutral,zeroshot/twitter-financial-news-sentiment (MIT)
Razor maker Edgewell calls off $1.7bn plans to buy rival Harry's https://t.co/m57n68T5WK,1,neutral,zeroshot/twitter-financial-news-sentiment (MIT)
Rexford Industrial acquires two industrial properties for $99.7M,1,neutral,zeroshot/twitter-financial-news-sentiment (MIT)
Shell to buy operating stakes in three oil blocks offshore Colombia,1,neutral,zeroshot/twitter-financial-news-sentiment (MIT)
"Simon's Taubman Deal Shows Mall REITs Undervalued, Analyst Says",1,neutral,zeroshot/twitter-financial-news-sentiment (MIT)
SIX Group Offers to Buy Spanish Exchange BME for $3.1 Billion,1,neutral,zeroshot/twitter-financial-news-sentiment (MIT)
Swiss pharma company Novartis has reached a deal to purchase cholesterol drugmaker The Medicines Company for $9.7 b… https://t.co/AmTfZh6WEG,1,neutral,zeroshot/twitter-financial-news-sentiment (MIT)
"U.S. Fed approves merger between BB&T, SunTrust Banks",1,neutral,zeroshot/twitter-financial-news-sentiment (MIT)
UPDATE 1-PSA trade unions give the nod to merger with Fiat,1,neutral,zeroshot/twitter-financial-news-sentiment (MIT)
Warner Music Group is teaming up with private equity giant Providence Equity Partners on a new fund to acquire musi… https://t.co/ADPCaF4x9i,1,neutral,zeroshot/twitter-financial-news-sentiment (MIT)
"WhiteWater Express Acquires Quick N Clean Location, Launching Dedicated Expansion Into Austin",1,neutral,zeroshot/twitter-financial-news-sentiment (MIT)
Yum! Tries to Reboot Slumping Pizza Hut,1,neutral,zeroshot/twitter-financial-news-sentiment (MIT)
America's manufacturing sector is in a recession. But that is only part of the story. The industry has expanded by... https://t.co/YUtP2dQsAj,0,negative,zeroshot/twitter-financial-news-sentiment (MIT)
"Argentina's story: 
⏩ Leaders spend 
⏩ Investors sour 
⏩ Inflation spikes 
⏩ Recession hits
🔃 Repeat 
(via… https://t.co/2AnRzFq7MM",0,negative,zeroshot/twitter-financial-news-sentiment (MIT)
Brazil coffee production falls 20%,0,negative,zeroshot/twitter-financial-news-sentiment (MIT)
Brazil is losing one of its most reliable growth drivers as consumer demand plummets https://t.co/pvvdLfR07D,0,negative,zeroshot/twitter-financial-news-sentiment (MIT)
Builder confidence slips in November,0,negative,zeroshot/twitter-financial-news-sentiment (MIT)
"Canada’s job market unexpectedly weakened for a second-straight month, registering the biggest drop in employment s… https://t.co/YEeyGW71ek",0,negative,zeroshot/twitter-financial-news-sentiment (MIT)
China braces for a wave of soured loans with a new bad-debt manager https://t.co/9iDZNKljqu,0,negative,zeroshot/twitter-financial-news-sentiment (MIT)
China delays trade data; S&P cuts growth forecast,0,negative,zeroshot/twitter-financial-news-sentiment (MIT)
China's first-quarter smartphone sales may halve due to coronavirus: analysts,0,negative,zeroshot/twitter-financial-news-sentiment (MIT)
Eurozone PMI Shows Economy Close To Stagnation. Sign up for updates on Seeking Alpha! https://t.co/h0OGX7AT9k #economy #finance #business,0,negative,zeroshot/twitter-financial-news-sentiment (MIT)
Fitch Ratings adds to the drumbeat of credit assessors warning Oman about its precarious public finances https://t.co/4qw624Ecw2,0,negative,zeroshot/twitter-financial-news-sentiment (MIT)
German Economic Weakness Exposed Again as Industry Slumps,0,negative,zeroshot/twitter-financial-news-sentiment (MIT)
Germany’s machine makers warned that concerns over investments from China into Europe’s largest economy are at risk… https://t.co/Uwi0ksH0pd,0,negative,zeroshot/twitter-financial-news-sentiment (MIT)
Gig workers could increase unemployment claims by another 10%: economist  by @KristinReports https://t.co/NA63QEl64P https://t.co/brqpXRi6De,0,negative,zeroshot/twitter-financial-news-sentiment (MIT)
Goldman Sachs sees China lowering its economic growth target for 2020 to 'around 6%' https://t.co/L4v0LbULsq,0,negative,zeroshot/twitter-financial-news-sentiment (MIT)
"Half of small businesses fall behind on April rent, poll finds - WSJ https://t.co/mcpS5eh1ao",0,negative,zeroshot/twitter-financial-news-sentiment (MIT)
Jobless claims hits 2.5 months high,0,negative,zeroshot/twitter-financial-news-sentiment (MIT)
Lackluster U.S. retail sales dim fourth quarter economic growth outlook,0,negative,zeroshot/twitter-financial-news-sentiment (MIT)
Larry Kudlow says Dec. 15 tariffs are 'still on the table' https://t.co/ft8Avs632w,0,negative,zeroshot/twitter-financial-news-sentiment (MIT)
Lebanon Turns to IMF as Fitch Sounds Alarm on Default,0,negative,zeroshot/twitter-financial-news-sentiment (MIT)
"March 2020 SCE records a substantial deterioration in financial and economic expectations, including sharp declines… https://t.co/fIdRZPXfcI",0,negative,zeroshot/twitter-financial-news-sentiment (MIT)
March SCE results show a sharp deterioration in consumer expectations. Check out the findings at the Center for Mic… https://t.co/FX6qV9aJA7,0,negative,zeroshot/twitter-financial-news-sentiment (MIT)
Mass layoffs push Canada consumer confidence to all-time low https://t.co/GVK9N8RK22,0,negative,zeroshot/twitter-financial-news-sentiment (MIT)
"Mortgage forbearance requests jump nearly 2,000% as borrowers seek relief during coronavirus outbreak https://t.co/MJ1exQ1C7K",0,negative,zeroshot/twitter-financial-news-sentiment (MIT)
Our microeconomists take a look at the substantial deterioration in consumer expectations in March as a result of t… https://t.co/CPp5g9xcpr,0,negative,zeroshot/twitter-financial-news-sentiment (MIT)
Retail sales falls short of expectation,0,negative,zeroshot/twitter-financial-news-sentiment (MIT)
Revised Mexican data paints an even bleaker picture of a stagnant economy https://t.co/It97z86YO1,0,negative,zeroshot/twitter-financial-news-sentiment (MIT)
San Francisco Faces Budget Gap as $6 Billion Can’t Meet Costs,0,negative,zeroshot/twitter-financial-news-sentiment (MIT)
Sentiment among U.S. small businesses collapsed in March by the most on record https://t.co/KnB8Bq8MtF https://t.co/stAz2xPazT,0,negative,zeroshot/twitter-financial-news-sentiment (MIT)
Spanish Farmers Rise Up Against Unfair Prices Amidst The Worst Agri-Food Crisis In Decades,0,negative,zeroshot/twitter-financial-news-sentiment (MIT)
Stock Market Update: November retail sales increase less than expected,0,negative,zeroshot/twitter-financial-news-sentiment (MIT)
Substantial deterioration' in consumer expectations: NY Fed survey https://t.co/VxqxsYW0yb by @bcheungz https://t.co/cGQuyU85as,0,negative,zeroshot/twitter-financial-news-sentiment (MIT)
Texas manufacturing activity weakens slightly https://t.co/MMbMlGel5P,0,negative,zeroshot/twitter-financial-news-sentiment (MIT)
The real estate market in downtown Los Angeles is taking a hit as Chinese cash dries up https://t.co/Wg3Roxe9pk,0,negative,zeroshot/twitter-financial-news-sentiment (MIT)
The U.S. budget deficit widened in November to $208.8 billion https://t.co/PsXjeUbXvP,0,negative,zeroshot/twitter-financial-news-sentiment (MIT)
"U.S. coal production will fall even more sharply than expected this year, dragging down demand for electricity https://t.co/EyVWpQmpUr",0,negative,zeroshot/twitter-financial-news-sentiment (MIT)
"U.S. economy is in a contraction, says Larry Kudlow, adding that it could reopen in four to eight weeks https://t.co/tgwRWgau7k",0,negative,zeroshot/twitter-financial-news-sentiment (MIT)
"U.S. retail sales rise slightly, cast shadow on Q4 economic growth",0,negative,zeroshot/twitter-financial-news-sentiment (MIT)
U.S. Stocks Drop on Economic Growth Concerns #SP500 #index #MarketScreener https://t.co/f2nxgBZJfU https://t.co/0IcsN3843x,0,negative,zeroshot/twitter-financial-news-sentiment (MIT)
US Proved Oil & Gas Reserves Hit New Record High,0,negative,zeroshot/twitter-financial-news-sentiment (MIT)
Diesel Demand Slump Signals Manufacturing Recession Is Still Raging https://t.co/yKe9QbFfKO,0,negative,zeroshot/twitter-financial-news-sentiment (MIT)
$ECONX: December University of Michigan Consumer Sentiment- Prelim 99.2 vs 96.5 https://t.co/M9gpUZQoF7 consensus;… https://t.co/fmehvuGCH2,2,positive,zeroshot/twitter-financial-news-sentiment (MIT)
$ECONX: November Nonfarm Payrolls 266K vs 182K https://t.co/M9gpUZQoF7 consensus https://t.co/uPsOqomWWO,2,positive,zeroshot/twitter-financial-news-sentiment (MIT)
$ECONX: October Wholesale Inventories M/M -0.7% vs +0.2% https://t.co/M9gpUZQoF7 consensus https://t.co/FnLMSxNhlq,2,positive,zeroshot/twitter-financial-news-sentiment (MIT)
12.23 Lakh New Jobs Created In September: ESIC Payroll Data,2,positive,zeroshot/twitter-financial-news-sentiment (MIT)
"At 11.2%, Air Passenger Growth Returns To Double-Digits In November",2,positive,zeroshot/twitter-financial-news-sentiment (MIT)
"Austria is planning the first steps to restart its economy as soon as next week, the first European country to do so https://t.co/wpN1WMrcW5",2,positive,zeroshot/twitter-financial-news-sentiment (MIT)
Booming London Defies Weak Second Quarter for Britain’s Economy,2,positive,zeroshot/twitter-financial-news-sentiment (MIT)
Building permits rise 5% in October to 1.461 million rate,2,positive,zeroshot/twitter-financial-news-sentiment (MIT)
Canadian builders began 2020 with a strong rebound in housing starts that is good news for the nation's increasingl… https://t.co/r6YX9IpI51,2,positive,zeroshot/twitter-financial-news-sentiment (MIT)
China is buying more U.S. soybeans as both countries try to reach an initial agreement on trade. https://t.co/AXVjY70Yoc,2,positive,zeroshot/twitter-financial-news-sentiment (MIT)
"China is in the process of waiving retaliatory tariffs on imports of U.S. pork and soy by domestic companies, a pro… https://t.co/08mZU9TrBX",2,positive,zeroshot/twitter-financial-news-sentiment (MIT)
"Consumer credit $18.9BN, Exp. $16BN, Last $9.6BN",2,positive,zeroshot/twitter-financial-news-sentiment (MIT)
Corporate venture capital deals hit new record as banks invest in fintech competitors https://t.co/yNdMmEYskR,2,positive,zeroshot/twitter-financial-news-sentiment (MIT)
"Dubai Economy Grew 2.1% in First Half of 2019, Says Media Office",2,positive,zeroshot/twitter-financial-news-sentiment (MIT)
Fannie boosts 2020 real GDP outlook on housing strength,2,positive,zeroshot/twitter-financial-news-sentiment (MIT)
Global air passenger traffic has grown at 4% YoY in 2019 ytd while air freight volumes contracted 4% over the same period: BofA,2,positive,zeroshot/twitter-financial-news-sentiment (MIT)
"Global Economy Won't See Recession in 2020, Says Quilvest",2,positive,zeroshot/twitter-financial-news-sentiment (MIT)
GlobalData : Global sales of psychiatric drugs could reach more than $40bn by 2025 due to ... #GlobalData #Stock… https://t.co/rKWo7oKcgD,2,positive,zeroshot/twitter-financial-news-sentiment (MIT)
Goldman: Go Long On Fracking,2,positive,zeroshot/twitter-financial-news-sentiment (MIT)
Here Is The Main Reason For Today's Blockbuster Jobs Report https://t.co/KEB3cegJ7E,2,positive,zeroshot/twitter-financial-news-sentiment (MIT)
Housing starts climb 3.8% in October to 1.314 million rate,2,positive,zeroshot/twitter-financial-news-sentiment (MIT)
"IHS Markit sees global GDP growth stabilizing at 2.5% in 2020, rising to 2.7% in 2021",2,positive,zeroshot/twitter-financial-news-sentiment (MIT)
Illinois's Legalized Pot Sales Debut Beats All States Except One,2,positive,zeroshot/twitter-financial-news-sentiment (MIT)
"Job Growth Surges In January, Beating Wall Street Expectations",2,positive,zeroshot/twitter-financial-news-sentiment (MIT)
Job growth swells in January,2,positive,zeroshot/twitter-financial-news-sentiment (MIT)
Jobs Report Should Bolster Fed Confidence: Riccadonna (Radio),2,positive,zeroshot/twitter-financial-news-sentiment (MIT)
Mild weather boosts U.S. job growth; but benchmark revisions show ebbing momentum,2,positive,zeroshot/twitter-financial-news-sentiment (MIT)
Mnuchin says trade deal with China to boost global economy,2,positive,zeroshot/twitter-financial-news-sentiment (MIT)
"RECAP 11/22 TRUMPSAYS:
China deal is coming along very well

Live Breaking trading news
https://t.co/yChRCoaR8v",2,positive,zeroshot/twitter-financial-news-sentiment (MIT)
Saudi Arabia's Unemployment Falls to Lowest in Over Three Years,2,positive,zeroshot/twitter-financial-news-sentiment (MIT)
"Small Business Roundtable with President Trump: Regulatory Relief is Boosting Revenues, Job Growth and Entrepreneur… https://t.co/5DucI1Vn14",2,positive,zeroshot/twitter-financial-news-sentiment (MIT)
"Stock Market Update: Housing starts, building permits pick up in October",2,positive,zeroshot/twitter-financial-news-sentiment (MIT)
U.K. House Prices Rise 0.4% With Signs of Strengthening Economy,2,positive,zeroshot/twitter-financial-news-sentiment (MIT)
U.S. factory and services activity quicken in November: Markit https://t.co/Uvnds2WdjP https://t.co/NlVK9IhoJ1,2,positive,zeroshot/twitter-financial-news-sentiment (MIT)
UMich Consumer Confidence Surges In Early December Read https://t.co/u0HvOhY3Ri,2,positive,zeroshot/twitter-financial-news-sentiment (MIT)
United States: JOLTS Job Openings better than estimates at 6.88M #economy #MarketScreener https://t.co/DFfgeUsoXi https://t.co/t52IA8Ih3K,2,positive,zeroshot/twitter-financial-news-sentiment (MIT)
"US industrial production snaps back, rises 1.1% in November",2,positive,zeroshot/twitter-financial-news-sentiment (MIT)
WRAPUP 1-U.S. housing starts rise; permits highest in over 12 years,2,positive,zeroshot/twitter-financial-news-sentiment (MIT)
Zimbabwe to the IMF: “Our fundamentals are now sound” https://t.co/HSSo4iqk7M,2,positive,zeroshot/twitter-financial-news-sentiment (MIT)
Argentina Hikes Export Taxes to Fund New Leader’s Spending,1,neutral,zeroshot/twitter-financial-news-sentiment (MIT)
Banque national de Belgique : Press release - Business confidence indicator (2019-11) PDF ...… https://t.co/GpWUf01E3a,1,neutral,zeroshot/twitter-financial-news-sentiment (MIT)
"Before the coronavirus struck, U.S. job openings stood at nearly 7 million https://t.co/gEijFZ3crn",1,neutral,zeroshot/twitter-financial-news-sentiment (MIT)
Britain seeking far-reaching tariff cuts in post Brexit U.S. trade deal,1,neutral,zeroshot/twitter-financial-news-sentiment (MIT)
Canada readies Alberta aid package as Frontier deadline nears - Reuters,1,neutral,zeroshot/twitter-financial-news-sentiment (MIT)
China and U.S. 'very close' to phase one trade deal - Global Times https://t.co/t4idLxj9Bz https://t.co/oLkqruR3gU,1,neutral,zeroshot/twitter-financial-news-sentiment (MIT)
"China Delays Trade Statistics, Merges January and February Data",1,neutral,zeroshot/twitter-financial-news-sentiment (MIT)
China likely considering disaster clause in Phase 1 deal with U.S.: Global Times,1,neutral,zeroshot/twitter-financial-news-sentiment (MIT)
"China to raise penalties on IP theft in trade war compromise - SCMP

https://t.co/hVY3zAtMg0",1,neutral,zeroshot/twitter-financial-news-sentiment (MIT)
China's mutant pigs could help save the nation from a pork apocalypse. That's if the U.S. doesn't create super swin… https://t.co/wcwdQAmpK4,1,neutral,zeroshot/twitter-financial-news-sentiment (MIT)
Economy Week Ahead : U.S. Inflation and Chinese Manufacturing Data #EconomyWeekAhead #economy #MarketScreener… https://t.co/v3NCaFfyNy,1,neutral,zeroshot/twitter-financial-news-sentiment (MIT)
EU trade chief Hogan returns to Washington as auto tariffs loom,1,neutral,zeroshot/twitter-financial-news-sentiment (MIT)
France’s Le Maire Says Retirement Age Could Be Negotiable,1,neutral,zeroshot/twitter-financial-news-sentiment (MIT)
"Grain Prices To Hold Steady, Trade Within A Range After A Neutral Inspections Report. Keep reading:… https://t.co/561iJ6W4Kg",1,neutral,zeroshot/twitter-financial-news-sentiment (MIT)
Greenhouse gas emissions in the U.S. are forecast to decline by a whopping 7.5% this year https://t.co/MjBXKkouHy,1,neutral,zeroshot/twitter-financial-news-sentiment (MIT)
IFA Irish Farmers Association : EU COMMISSION INDICATE THAT CAP TRANSITIONAL RULES FACILITATE THE REOPENING OF GLAS… https://t.co/mcHUiy15CH,1,neutral,zeroshot/twitter-financial-news-sentiment (MIT)
Immigration in Emerging Countries: A Macroeconomic Perspective #Stock #MarketScreener https://t.co/4kg5Pcsr1Q https://t.co/4NJamVTUeX,1,neutral,zeroshot/twitter-financial-news-sentiment (MIT)
"In Apparent Trade War Compromise, China Issues Guidelines For IP Theft https://t.co/bAIXnkHG0u",1,neutral,zeroshot/twitter-financial-news-sentiment (MIT)
India is reviewing trade and goods agreements with its Southeast Asian neighbors after opting out of a China-backed… https://t.co/JUB0UJL4SP,1,neutral,zeroshot/twitter-financial-news-sentiment (MIT)
India Plans Incentives to Bring In Foreign Manufacturers From Tesla to Glaxo,1,neutral,zeroshot/twitter-financial-news-sentiment (MIT)
Kenya trade deal seen helping apparel industry,1,neutral,zeroshot/twitter-financial-news-sentiment (MIT)
Mexico's economy minister tries to dispel concerns over labor reform #economy #MarketScreener… https://t.co/dZ3UhEBzkv,1,neutral,zeroshot/twitter-financial-news-sentiment (MIT)
Mnuchin: 'The deficit right now as a percentage of GDP is manageable',1,neutral,zeroshot/twitter-financial-news-sentiment (MIT)
"Morgan Stanley Sees Lower Truck Capacity, Higher Rates In 2020",1,neutral,zeroshot/twitter-financial-news-sentiment (MIT)
Nearly 148 Million Americans Plan to Shop Super Saturday,1,neutral,zeroshot/twitter-financial-news-sentiment (MIT)
Personal Consumption Driving U.S. Market: BBH's Clemons (Radio),1,neutral,zeroshot/twitter-financial-news-sentiment (MIT)
Q4 GDP: Trudging Along. https://t.co/IQebEf5ooz #business #stockmarket #stocks,1,neutral,zeroshot/twitter-financial-news-sentiment (MIT)
"Retail Loans To Double To Rs 96 Lakh-Crore In Five Years, Says Crisil",1,neutral,zeroshot/twitter-financial-news-sentiment (MIT)
"Robert Tombs: 'There may be some short-term disturbance. But Brexit is economically rational' 
https://t.co/GznnjuD55S",1,neutral,zeroshot/twitter-financial-news-sentiment (MIT)
The U.S. and China are reportedly taking steps to delay the next round of American tariffs set for Sunday as they s… https://t.co/HWzU8RAkIt,1,neutral,zeroshot/twitter-financial-news-sentiment (MIT)
Top economist lowers recession risk for 2020 but says hurdles remain via @TradingNation) https://t.co/0uYhHyIugr,1,neutral,zeroshot/twitter-financial-news-sentiment (MIT)
U.S. consumer credit increased at faster pace in February https://t.co/VvjV1lEi7x,1,neutral,zeroshot/twitter-financial-news-sentiment (MIT)
US GDP over time https://t.co/HQRrC4a1Pt,1,neutral,zeroshot/twitter-financial-news-sentiment (MIT)
Worker and environment safeguards among changes in new USMCA trade deal #economy #MarketScreener… https://t.co/GbXqn0s4Pa,1,neutral,zeroshot/twitter-financial-news-sentiment (MIT)
Poland's reserve assets in March 2020 #Stock #MarketScreener https://t.co/sTZKhR4svG https://t.co/HFyO8rcjDZ,1,neutral,zeroshot/twitter-financial-news-sentiment (MIT)
New Zealand's resurgent housing market could get a rate-cut boost https://t.co/OMD3CqZ03T,1,neutral,zeroshot/twitter-financial-news-sentiment (MIT)
Richmond Fed Business Survey Shockingly Rises... Here's Why  https://t.co/c4DsjNAHPS,1,neutral,zeroshot/twitter-financial-news-sentiment (MIT)
Asia markets mostly fall as China's trade data gets delayed - CNBC,0,negative,zeroshot/twitter-financial-news-sentiment (MIT)
China Risks Exporting Market Volatility Like Never Before,0,negative,zeroshot/twitter-financial-news-sentiment (MIT)
"Dow closes about 102 points, 0.4%, lower",0,negative,zeroshot/twitter-financial-news-sentiment (MIT)
Dow falls 0.5%;S&P 500 falls 0.3% at Friday's open,0,negative,zeroshot/twitter-financial-news-sentiment (MIT)
Dow is down over 500 points. Here's what you need to know now:  https://t.co/hvgRljuQji,0,negative,zeroshot/twitter-financial-news-sentiment (MIT)
Dow Jones Industrial Average 8 points lower,0,negative,zeroshot/twitter-financial-news-sentiment (MIT)
Final-hour selloff costs stocks all their gains Tuesday as the Dow ends down 26 https://t.co/Sc6WQUz66L https://t.co/OGoPceRsWB,0,negative,zeroshot/twitter-financial-news-sentiment (MIT)
Futures extend declines after January jobs data,0,negative,zeroshot/twitter-financial-news-sentiment (MIT)
Higher tariffs threat weigh on global markets,0,negative,zeroshot/twitter-financial-news-sentiment (MIT)
"Japanese shares fall led by IT sector, as Trump warns of more tariffs",0,negative,zeroshot/twitter-financial-news-sentiment (MIT)
"Nasdaq-100 futures fall 20 points, or 0.2%",0,negative,zeroshot/twitter-financial-news-sentiment (MIT)
S&P Futures Crater 40 Points In One Tick On Huge For Sell Closing Imbalance  https://t.co/CFb8vKL8Hu,0,negative,zeroshot/twitter-financial-news-sentiment (MIT)
Stock Market Live Updates: Markets lower as US-China trade optimism dissipates,0,negative,zeroshot/twitter-financial-news-sentiment (MIT)
"Stock Market Update: Asia closes mixed, Asia trades lower",0,negative,zeroshot/twitter-financial-news-sentiment (MIT)
Stock Market Update: Futures slip lower following trade tweet from CNBC reporter,0,negative,zeroshot/twitter-financial-news-sentiment (MIT)
Stock Market Update: Semiconductor stocks pull back after Qualcomm earnings,0,negative,zeroshot/twitter-financial-news-sentiment (MIT)
Stock-index futures turn negative,0,negative,zeroshot/twitter-financial-news-sentiment (MIT)
Stocks hit lows of the day as oil briefly plunges more than 9% https://t.co/JhUWpIRPRb https://t.co/hqK9nGcKy1,0,negative,zeroshot/twitter-financial-news-sentiment (MIT)
Stocks hit lows of the day as oil plunges briefly plunges more than 9% https://t.co/JhUWpIRPRb https://t.co/WS7bbpWEQh,0,negative,zeroshot/twitter-financial-news-sentiment (MIT)
Stocks open lower on trade deal skepticism,0,negative,zeroshot/twitter-financial-news-sentiment (MIT)
The Dow is down more than 500 points as Friday's selloff intensifies https://t.co/tK5DeT4k4V,0,negative,zeroshot/twitter-financial-news-sentiment (MIT)
"The S&P 500's chart is signaling a near-term pullback, technical analyst warns (via @TradingNation) https://t.co/VxNKIV5SRR",0,negative,zeroshot/twitter-financial-news-sentiment (MIT)
"Trade, U.S. Elections Are Top Market Risks, Says Goldman Sachs's Moe",0,negative,zeroshot/twitter-financial-news-sentiment (MIT)
$XLF $BAC $C - Fed fires a dud as financial sector plunges https://t.co/OwDNvwPYyd,0,negative,zeroshot/twitter-financial-news-sentiment (MIT)
$SUMRX: Overnight Summary -- World markets extending gains overnight https://t.co/pjuCZNd5jf,2,positive,zeroshot/twitter-financial-news-sentiment (MIT)
$TALKX: Market Briefing: Market still riding hope of COVID-19 plateauing https://t.co/P3bUqinQVx,2,positive,zeroshot/twitter-financial-news-sentiment (MIT)
All three benchmarks trade in record territory,2,positive,zeroshot/twitter-financial-news-sentiment (MIT)
Asian markets gain amid fresh hopes for U.S.-China trade deal https://t.co/NPIyhoJPU1,2,positive,zeroshot/twitter-financial-news-sentiment (MIT)
Asian shares advance after Fed keeps interest rates steady,2,positive,zeroshot/twitter-financial-news-sentiment (MIT)
Bulletproof stock market shakes off negative trade headlines and keeps marching to records,2,positive,zeroshot/twitter-financial-news-sentiment (MIT)
"Dow ends nearly 1,600 points higher on hopes coronavirus peak is near https://t.co/XgNjVJHoqW",2,positive,zeroshot/twitter-financial-news-sentiment (MIT)
"Dow Industrials Surge 1,200 Points at Start of Challenging Week #MarriottInternational #Stock #MarketScreener… https://t.co/jOKR9otBgR",2,positive,zeroshot/twitter-financial-news-sentiment (MIT)
"Dow jumps 170 points, Amazon leads S&P 500 and Nasdaq to record highs - CNBC",2,positive,zeroshot/twitter-financial-news-sentiment (MIT)
Dow scores triple-digit gain on rosier investor view of U.S.-China trade talks https://t.co/Dh7QlYLIjn,2,positive,zeroshot/twitter-financial-news-sentiment (MIT)
"Dow up 26 points, or 0.1%; S&P 500 adds 1 point",2,positive,zeroshot/twitter-financial-news-sentiment (MIT)
Emerging Markets Get Fresh Boost of Hope Over Trade Deal,2,positive,zeroshot/twitter-financial-news-sentiment (MIT)
European shares extend winning streak; Qiagen jumps as company explores sale,2,positive,zeroshot/twitter-financial-news-sentiment (MIT)
Futures climb on China plan to cut tariffs on U.S. products,2,positive,zeroshot/twitter-financial-news-sentiment (MIT)
Futures Fly On Trade Optimism Amid Barrage Of Megamergers https://t.co/zcIHhcFH6d,2,positive,zeroshot/twitter-financial-news-sentiment (MIT)
"Global stocks gain after China cuts U.S. import tariffs, virus fears wane",2,positive,zeroshot/twitter-financial-news-sentiment (MIT)
Here's what has futures higher to kick off the holiday week https://t.co/uSCSLhgCrA,2,positive,zeroshot/twitter-financial-news-sentiment (MIT)
Hong Kong Stocks Nearly Recover Post-Holiday Losses With Rally,2,positive,zeroshot/twitter-financial-news-sentiment (MIT)
Industrials Up As Global Growth Fears Subside -- Industrials Roundup #economy #MarketScreener… https://t.co/xfOVrpXf6N,2,positive,zeroshot/twitter-financial-news-sentiment (MIT)
Muni-Bond Bankers Brace For Record Year In 2020: Mysak (Radio),2,positive,zeroshot/twitter-financial-news-sentiment (MIT)
Nasdaq hits record at closing bell as investors digest  phase onetrade deal,2,positive,zeroshot/twitter-financial-news-sentiment (MIT)
"Nasdaq-100 futures rise 18 points, or 0.2%",2,positive,zeroshot/twitter-financial-news-sentiment (MIT)
NYSI buy signal that triggered last week remains modestly above the 8 EMA level https://t.co/Lbo5oN8Mjn,2,positive,zeroshot/twitter-financial-news-sentiment (MIT)
S&P 500 Price Forecast – Stock Markets Break To A Fresh New High - Yahoo Finance,2,positive,zeroshot/twitter-financial-news-sentiment (MIT)
"S&P 500, Nasdaq Composite post record close as stocks rise",2,positive,zeroshot/twitter-financial-news-sentiment (MIT)
"S&P 500, Nasdaq hit record closing highs; Chinese workers return",2,positive,zeroshot/twitter-financial-news-sentiment (MIT)
"S&P 500, Nasdaq reach record closing highs; Chinese workers return",2,positive,zeroshot/twitter-financial-news-sentiment (MIT)
"S&P 500, Nasdaq see closing highs; Slack halted for coming news https://t.co/cMizm4ImP6 https://t.co/vlKQ67OJDo",2,positive,zeroshot/twitter-financial-news-sentiment (MIT)
S&P rises 5% https://t.co/YKsHWgtNcP https://t.co/CqiMPLAknF,2,positive,zeroshot/twitter-financial-news-sentiment (MIT)
"So far, the train is coming in right on schedule; Dow up 25% off the lows. $BA consolidating its run up.",2,positive,zeroshot/twitter-financial-news-sentiment (MIT)
Stock Market Heads Off A Correction – For Now.,2,positive,zeroshot/twitter-financial-news-sentiment (MIT)
"Stock market live updates: Dow futures up 800 points, set to add to 1,600-point Monday rally https://t.co/kOL2DaUNTc",2,positive,zeroshot/twitter-financial-news-sentiment (MIT)
Stock Market Update: Global stocks begin the week on higher note,2,positive,zeroshot/twitter-financial-news-sentiment (MIT)
"Stock Market Update: Global stocks gain, with indices in Hong Kong and the UK outperforming",2,positive,zeroshot/twitter-financial-news-sentiment (MIT)
Stock Market Update: S&P 500 financials sector up more than 4% this month,2,positive,zeroshot/twitter-financial-news-sentiment (MIT)
Stock Market Update: Stock market drifts in record territory,2,positive,zeroshot/twitter-financial-news-sentiment (MIT)
"Stock Market Update: Stock market posts incremental gains, closes at new highs",2,positive,zeroshot/twitter-financial-news-sentiment (MIT)
StockBeat - Chip Stocks Rise as Huawei Granted Another Reprieve on Trade Ban,2,positive,zeroshot/twitter-financial-news-sentiment (MIT)
"Stock-index futures extend gains after jobless claims, productivity data",2,positive,zeroshot/twitter-financial-news-sentiment (MIT)
Stocks aim for back-to-back gains as investors focus on coronavirus case tally https://t.co/QBhdB4ipyD,2,positive,zeroshot/twitter-financial-news-sentiment (MIT)
"STOCKS AT THE OPEN:
- Dow up 3.90% 
- Nasdaq up 2.68% 
- S&P up 2.76% https://t.co/xVranG4Mbz",2,positive,zeroshot/twitter-financial-news-sentiment (MIT)
Stocks open higher as major indexes extend push into record territory,2,positive,zeroshot/twitter-financial-news-sentiment (MIT)
"Stocks open higher on rosy data, waning virus fears",2,positive,zeroshot/twitter-financial-news-sentiment (MIT)
Stocks perk up after Fed decision https://t.co/ZB8lFGcKVJ,2,positive,zeroshot/twitter-financial-news-sentiment (MIT)
"Stocks rose after China moves to step up intellectual property protection, a step that investors hope may address k… https://t.co/8zp2mKCwub",2,positive,zeroshot/twitter-financial-news-sentiment (MIT)
"STOCKS SURGE INTO THE CLOSE:
- Dow up 7.59% 
- Nasdaq up 7.35% 
- S&P up 6.95% https://t.co/jPsgrFNxpg",2,positive,zeroshot/twitter-financial-news-sentiment (MIT)
Tech stocks led all three major U.S. stock averages marginally into the black following upbeat statements on the U.… https://t.co/S2BkUCDmcx,2,positive,zeroshot/twitter-financial-news-sentiment (MIT)
The market bounced back after President Trump said the US and China are “potentially very close” on a trade deal. T… https://t.co/VC5V93JFh4,2,positive,zeroshot/twitter-financial-news-sentiment (MIT)
TSX opens higher on signs of coronavirus slowdown #TSX #economy #MarketScreener https://t.co/VfqXgfaNR8 https://t.co/myrDnZCInx,2,positive,zeroshot/twitter-financial-news-sentiment (MIT)
U.S. Stock Futures Extend Gain on China’s Tariff Olive Branch,2,positive,zeroshot/twitter-financial-news-sentiment (MIT)
U.S. Stocks Rise as China Calls for Better Communication on Trade #SP500 #index #MarketScreener… https://t.co/CjoXFIEvMP,2,positive,zeroshot/twitter-financial-news-sentiment (MIT)
U.S. stocks surged the most in more than a week on Monday after death tolls in some of the hardest-hit areas showed… https://t.co/DV1WcXSaWi,2,positive,zeroshot/twitter-financial-news-sentiment (MIT)
Wall Street closes up more than 7% on hopes of slowing coronavirus deaths https://t.co/6LFK79ATeS https://t.co/P5K3BNR7Uf,2,positive,zeroshot/twitter-financial-news-sentiment (MIT)
Wall Street scraps its recession assumptions after robust jobs data https://t.co/oOuPFD2gWp https://t.co/4yICZnGl4z,2,positive,zeroshot/twitter-financial-news-sentiment (MIT)
While market strain triggered by the coronavirus pandemic has eased since the Federal Reserve's historic interventi… https://t.co/ZFb0jzOH7h,2,positive,zeroshot/twitter-financial-news-sentiment (MIT)
Why the markets 'look clean' into 2019 year-end,2,positive,zeroshot/twitter-financial-news-sentiment (MIT)
"As Stocks Soar, Credit Markets Are Starting To CCCrack https://t.co/hitGrlXQTA",1,neutral,zeroshot/twitter-financial-news-sentiment (MIT)
At the open (11/25/2019) https://t.co/ttg1gN94y0,1,neutral,zeroshot/twitter-financial-news-sentiment (MIT)
"Banks, Energy, Metals lag just about every day...mega-strong day for growth w/ Software, Biotech, Payments leading",1,neutral,zeroshot/twitter-financial-news-sentiment (MIT)
Bloomberg Markets: China Open Full Show (02/07/2020),1,neutral,zeroshot/twitter-financial-news-sentiment (MIT)
Dow- Chemically Speaking,1,neutral,zeroshot/twitter-financial-news-sentiment (MIT)
Dow Jones News: Apple Production Problems; Boeing Upgraded,1,neutral,zeroshot/twitter-financial-news-sentiment (MIT)
General Announcement::Notice of Special General Meeting #SingaporeExchange #Stock #MarketScreener… https://t.co/l8vypusOGz,1,neutral,zeroshot/twitter-financial-news-sentiment (MIT)
London Stock Exchange : Directorate Changes #LondonStockExchange #Stock #MarketScreener https://t.co/iHF2CmkWmV https://t.co/DXnGasOWPn,1,neutral,zeroshot/twitter-financial-news-sentiment (MIT)
London Stock Exchange : Euronext Dublin Market Notice Replacement #LondonStockExchange #Stock #MarketScreener… https://t.co/D6vaZQOvk5,1,neutral,zeroshot/twitter-financial-news-sentiment (MIT)
London Stock Exchange : Notice of Satisfaction and Discharge #LondonStockExchange #Stock #MarketScreener… https://t.co/Y5wqz33i9o,1,neutral,zeroshot/twitter-financial-news-sentiment (MIT)
"Market Recap: Friday, Dec. 13",1,neutral,zeroshot/twitter-financial-news-sentiment (MIT)
News Highlights : Top Global Markets News of the Day #NewsHighlights #economy #MarketScreener… https://t.co/70WlBhNOkd,1,neutral,zeroshot/twitter-financial-news-sentiment (MIT)
NYSE Closing Bell 🔔:     Telecom Argentina (NYSE: TEO) celebrates their 25th Anniversary Listing https://t.co/EemF9wG8iW,1,neutral,zeroshot/twitter-financial-news-sentiment (MIT)
On the hour,1,neutral,zeroshot/twitter-financial-news-sentiment (MIT)
On the hour https://t.co/A3Li2E7VIs,1,neutral,zeroshot/twitter-financial-news-sentiment (MIT)
On the hour https://t.co/G9BZLeFZTD,1,neutral,zeroshot/twitter-financial-news-sentiment (MIT)
Stock Market Update: Defensive-minded investors,1,neutral,zeroshot/twitter-financial-news-sentiment (MIT)
Stock Market Update: Stocks hold steady; UK rallies on Conservative Party victory,1,neutral,zeroshot/twitter-financial-news-sentiment (MIT)
"Stocks Rally, Oil Drops at Start of Challenging Week #SP500 #index #MarketScreener https://t.co/zvaSvRqcdt https://t.co/Pw0UVqFuo3",1,neutral,zeroshot/twitter-financial-news-sentiment (MIT)
UPDATE 2-European stocks end flat as defensive gains offset auto slide,1,neutral,zeroshot/twitter-financial-news-sentiment (MIT)
Utilities Flat On Mixed Trade Signals -- Utilities Roundup #economy #MarketScreener https://t.co/5L2LBQYBZd https://t.co/I2k8OZxnCh,1,neutral,zeroshot/twitter-financial-news-sentiment (MIT)
Wall Street flat with all eyes on China news briefing,1,neutral,zeroshot/twitter-financial-news-sentiment (MIT)
Week ahead on Wall Street #economy #MarketScreener https://t.co/gSr3hoOMQT https://t.co/sNnufj18DG,1,neutral,zeroshot/twitter-financial-news-sentiment (MIT)
"YTD Performance:
Dow Jones: Red
30Y: +9%

https://t.co/scCDfO2eUv https://t.co/sO1bMzirbY",1,neutral,zeroshot/twitter-financial-news-sentiment (MIT)
$EWW $MXF $MXE - White House is pushing to get USMCA through Congress this year https://t.co/YoGu0kKCCp,1,neutral,zeroshot/twitter-financial-news-sentiment (MIT)
"95% Approval Rate in the Republican Party, a record! Thank you!",1,neutral,zeroshot/twitter-financial-news-sentiment (MIT)
"Ahead of the election, Johnson and Corbyn will go head-to-head one final time https://t.co/JBpUPSYX28",1,neutral,zeroshot/twitter-financial-news-sentiment (MIT)
"AOC to Trump: ""Try to keep up."" https://t.co/e8eaVUSivO",1,neutral,zeroshot/twitter-financial-news-sentiment (MIT)
At Least One Republican Still Knows Right From Wrong,1,neutral,zeroshot/twitter-financial-news-sentiment (MIT)
"Attorney General William Barr said Jeffrey Epstein's death was a ""perfect storm of screw-ups"" in an interview with… https://t.co/uhYQ9CcGIR",1,neutral,zeroshot/twitter-financial-news-sentiment (MIT)
Barr acknowledges for the first time that Rudy Giuliani has been giving the Justice Department information he colle… https://t.co/IfJxvcsYnF,1,neutral,zeroshot/twitter-financial-news-sentiment (MIT)
Barr says DOJ will review information from Trump lawyer Giuliani's probe of Bidens in Ukraine https://t.co/T6DEg719nu,1,neutral,zeroshot/twitter-financial-news-sentiment (MIT)
Bernie Sanders Campaign Calls for Recalculation of Iowa Caucus Results,1,neutral,zeroshot/twitter-financial-news-sentiment (MIT)
"Bloomberg takes untested path to 2020, skipping key contests https://t.co/q6Kk8BhQul",1,neutral,zeroshot/twitter-financial-news-sentiment (MIT)
Boris Johnson's Brexit Is More “Slow Deal” Than “No Deal”,1,neutral,zeroshot/twitter-financial-news-sentiment (MIT)
Brazil minister says it's 'impossible' to put value on Eletrobras privatization #Stock #MarketScreener… https://t.co/1E69L1a2YD,1,neutral,zeroshot/twitter-financial-news-sentiment (MIT)
Brazil’s President Jair Bolsonaro launched a new prospective political party on Thursday after resigning from the S… https://t.co/tbD5UIfAfX,1,neutral,zeroshot/twitter-financial-news-sentiment (MIT)
Brexit or Corbyn? U.K. Business Agonizes Over Election Choice,1,neutral,zeroshot/twitter-financial-news-sentiment (MIT)
"Buchanan: Democrats' Diversity - But, Only In The Back Of The Bus https://t.co/qV0eC7uXHd",1,neutral,zeroshot/twitter-financial-news-sentiment (MIT)
Buttigieg officially wins largest delegate count at Iowa,1,neutral,zeroshot/twitter-financial-news-sentiment (MIT)
Canada rail workers’ strike tests weakened Trudeau https://t.co/158wnVBdda,1,neutral,zeroshot/twitter-financial-news-sentiment (MIT)
"Chinese President Xi Jinping makes his first public appearance in almost two weeks, as public anger over the corona… https://t.co/NlHHyxVrKj",1,neutral,zeroshot/twitter-financial-news-sentiment (MIT)
Congress may finally have a definition for insider trading https://t.co/CFdwMhlgp0 by @bcheungz https://t.co/UfdeFYiKXA,1,neutral,zeroshot/twitter-financial-news-sentiment (MIT)
Conservative party manifesto plays down rightwing populism https://t.co/5zVnaDLs3R,1,neutral,zeroshot/twitter-financial-news-sentiment (MIT)
Conservatives make very modest spending pledges https://t.co/AN39zlwf9x,1,neutral,zeroshot/twitter-financial-news-sentiment (MIT)
Corbyn effect? British utility debt boosted by nationalisation bet,1,neutral,zeroshot/twitter-financial-news-sentiment (MIT)
Defiant Netanyahu on the attack over bribery charges as opponents circle https://t.co/fusfekaylD,1,neutral,zeroshot/twitter-financial-news-sentiment (MIT)
"Democrats are desperate to catch up with the Trump campaign, and are investing heavily in an array of campaigning t… https://t.co/coWOf2D8s5",1,neutral,zeroshot/twitter-financial-news-sentiment (MIT)
Democrats going back to their Districts for Thanksgiving are getting absolutely hammered by their constituents over… https://t.co/IXzP5VLroK,1,neutral,zeroshot/twitter-financial-news-sentiment (MIT)
Divided Hong Kong to hold its first elections since the protests began https://t.co/EvKKblxVNy,1,neutral,zeroshot/twitter-financial-news-sentiment (MIT)
Former impeachment witness Monica Lewinsky has thoughts about today's vote. https://t.co/HXpdNVJOVU,1,neutral,zeroshot/twitter-financial-news-sentiment (MIT)
Former PM Blair: Don't hold your breath for UK-U.S. trade deal https://t.co/z1Dgv1wuu8 https://t.co/gGZHw8JLbf,1,neutral,zeroshot/twitter-financial-news-sentiment (MIT)
"Former U.S. Treasury Secretary Hank Paulson says calls to oust Chinese companies from U.S. stock indexes was a ""ter… https://t.co/DnZPvA3iem",1,neutral,zeroshot/twitter-financial-news-sentiment (MIT)
Giuliani associate wants to testify that Nunes aides hid Ukraine meetings from Schiff https://t.co/C6piHsuV86,1,neutral,zeroshot/twitter-financial-news-sentiment (MIT)
Gloves Off In the Dem Primary,1,neutral,zeroshot/twitter-financial-news-sentiment (MIT)
Governments are now using the fine print of financial regulations to fight climate change https://t.co/RHswy7NjwW,1,neutral,zeroshot/twitter-financial-news-sentiment (MIT)
Here’s the status of impeachment—and all the other Trump investigations—right now https://t.co/OVfzlrjhoD,1,neutral,zeroshot/twitter-financial-news-sentiment (MIT)
"He's in to ""defeat Donald Trump and rebuild America."" https://t.co/yjMVTaO1Zy",1,neutral,zeroshot/twitter-financial-news-sentiment (MIT)
"Highlight: @jessicaasmith8 on impeachment: 'At 1pm today, they are set to start debating on the call for witnesses.... https://t.co/bmlxbClUk2",1,neutral,zeroshot/twitter-financial-news-sentiment (MIT)
"Hillary should give it another try, but this time don’t forget Wisconsin, Pennsylvania, Michigan, North Carolina &… https://t.co/NqyY73nZwh",1,neutral,zeroshot/twitter-financial-news-sentiment (MIT)
"Hong Kong, China, And U.K. Election Hopes Fan Modest Risk-Taking. Read more and sign up for updates:… https://t.co/NezVnEBTQu",1,neutral,zeroshot/twitter-financial-news-sentiment (MIT)
"House Democrats are starting to compress weeks of depositions, documents and testimony into a report almost certain… https://t.co/YVq2saxmBU",1,neutral,zeroshot/twitter-financial-news-sentiment (MIT)
House Democrats roll out articles of impeachment against Trump https://t.co/HRjKKXqIUZ,1,neutral,zeroshot/twitter-financial-news-sentiment (MIT)
How Bernie Sanders is helping Mike Bloomberg,1,neutral,zeroshot/twitter-financial-news-sentiment (MIT)
"India, Maldives To Hold Joint Commission Meeting On Friday After Gap Of Over Four Years",1,neutral,zeroshot/twitter-financial-news-sentiment (MIT)
"Irish PM Varadkar Set to Lose Power, Betting Odds Signal",1,neutral,zeroshot/twitter-financial-news-sentiment (MIT)
Is @BernieSanders the nightmare China never saw coming? Read @JimCramer's full take on @RealMoney:… https://t.co/B6Stje9N0Q,1,neutral,zeroshot/twitter-financial-news-sentiment (MIT)
Japan’s Abe Says Olympics Won’t Be Postponed Amid Virus Fears,1,neutral,zeroshot/twitter-financial-news-sentiment (MIT)
"Joe Biden really called a young woman a 'lying, dog-faced pony soldier' https://t.co/Op3dEnYE7J",1,neutral,zeroshot/twitter-financial-news-sentiment (MIT)
"Joe Biden says Lindsey Graham, his longtime friend and Senate colleague, will regret pursuing an investigation of t… https://t.co/ssRfufKbNq",1,neutral,zeroshot/twitter-financial-news-sentiment (MIT)
"Joe Leahy: The elections in Hong Kong are unlikely to put a stop to the months of often violent demonstrations
https://t.co/qkkbaHCyhm",1,neutral,zeroshot/twitter-financial-news-sentiment (MIT)
Joe Walsh to Back ‘Any Democrat’ Over Trump After Ending GOP Bid,1,neutral,zeroshot/twitter-financial-news-sentiment (MIT)
Johnson Offers Business an Olive Branch as U.K. Election Revs Up,1,neutral,zeroshot/twitter-financial-news-sentiment (MIT)
"Kerry said Biden can put back together ""the world Donald Trump has smashed apart.” https://t.co/oWEJtFQtfH",1,neutral,zeroshot/twitter-financial-news-sentiment (MIT)
LIVE: Trump speaks at the White House Summit on Human Trafficking https://t.co/hOfqfruYnn,1,neutral,zeroshot/twitter-financial-news-sentiment (MIT)
Merkel Demands an End to CDU’s ‘Unforgivable’ Far-Right Deal,1,neutral,zeroshot/twitter-financial-news-sentiment (MIT)
Mike Bloomberg's $300 million campaign ad blitz has been a boon for local TV broadcasters. https://t.co/XBxs3SzFrZ https://t.co/JKkMJzQKw0,1,neutral,zeroshot/twitter-financial-news-sentiment (MIT)
Ocasio-Cortez smacks Trump with her political resume after the president calls out the ‘Do Nothing Democrats’ https://t.co/1DDdgmocj6,1,neutral,zeroshot/twitter-financial-news-sentiment (MIT)
Pelosi’s attempt to chew gum and walk with Trump https://t.co/yCkgA84SXQ,1,neutral,zeroshot/twitter-financial-news-sentiment (MIT)
Pete Buttigieg has a big new plan to shake up the retirement system https://t.co/O57CHHZ7vr by @benwerschkul https://t.co/WyoQrR7scs,1,neutral,zeroshot/twitter-financial-news-sentiment (MIT)
Pete Buttigieg sees surge in support from business execs after his strong showing in Iowa https://t.co/ZFfMXbQuBV,1,neutral,zeroshot/twitter-financial-news-sentiment (MIT)
President of Russia : Meeting with First Vice-President of Azerbaijan Mehriban Aliyeva #PresidentofRussia #economy… https://t.co/zeu0FK5NhH,1,neutral,zeroshot/twitter-financial-news-sentiment (MIT)
Presidential campaigns are paying millions to Big Tech companies (while also bashing them),1,neutral,zeroshot/twitter-financial-news-sentiment (MIT)
Prime Minister Defends Citizenship Amendment Act; Says His Government Kept Prices Under Check,1,neutral,zeroshot/twitter-financial-news-sentiment (MIT)
Prince Andrew Opens the Door to a Slimmed-Down Monarchy,1,neutral,zeroshot/twitter-financial-news-sentiment (MIT)
"Ruth Bader Ginsburg was hospitalized Friday night with chills and a fever, but her condition has improved and she e… https://t.co/Uzz8z59JRO",1,neutral,zeroshot/twitter-financial-news-sentiment (MIT)
Schumer warns of reckoning for Republican senators who vote against witnesses in impeachment trial https://t.co/pNoCeqhkiu,1,neutral,zeroshot/twitter-financial-news-sentiment (MIT)
Scotland's first minister has sought to reassure restive members of her Scottish National party that Brexit will pa... https://t.co/4KDYlhWfdJ,1,neutral,zeroshot/twitter-financial-news-sentiment (MIT)
Singapore’s Democratic Party Forced To Correct “Fake News” By Its Government,1,neutral,zeroshot/twitter-financial-news-sentiment (MIT)
"Sinn Fein surged to take 25% of the popular vote in Ireland's election on Saturday.

But the popular vote is not re… https://t.co/Q9lBBk9AsS",1,neutral,zeroshot/twitter-financial-news-sentiment (MIT)
Tory manifesto leaves door open to no-deal Brexit https://t.co/Qca426gTj9,1,neutral,zeroshot/twitter-financial-news-sentiment (MIT)
"Trump Attends Army-Navy Game, Tells Players to ‘Make a Fortune’",1,neutral,zeroshot/twitter-financial-news-sentiment (MIT)
Trump Budget Would Ax Loan Program Sought to Revive Lordstown Plant,1,neutral,zeroshot/twitter-financial-news-sentiment (MIT)
"Trump budget would cut loan program used by Tesla, Ford https://t.co/7MnkFWUnrp",1,neutral,zeroshot/twitter-financial-news-sentiment (MIT)
Trump Impeachment Win Clears Path for Emboldened President,1,neutral,zeroshot/twitter-financial-news-sentiment (MIT)
Trump is pitting public-health advocates against vaping proponents and tobacco executives in an unusual White House… https://t.co/WQXxSDufKW,1,neutral,zeroshot/twitter-financial-news-sentiment (MIT)
Trump is rolling back regulations enacted after industry disasters—setting off alarm bells with public safety advoc… https://t.co/kwqWfHZC2Z,1,neutral,zeroshot/twitter-financial-news-sentiment (MIT)
Trump Plays the Game of Gaming the Presidential Debates,1,neutral,zeroshot/twitter-financial-news-sentiment (MIT)
Trump questions the downsides of banning flavored e-cigarettes in heated meeting https://t.co/O6IdEw5BWm,1,neutral,zeroshot/twitter-financial-news-sentiment (MIT)
Trump said Secretary of State Michael Pompeo would “win in a landslide” if he runs for the U.S. Senate in Kansas https://t.co/wglRqHIeT8,1,neutral,zeroshot/twitter-financial-news-sentiment (MIT)
"Trump says his administration will determine an age for e-cigarette buys
https://t.co/8j5ZZJwZj9 https://t.co/dEsgbZJUKM",1,neutral,zeroshot/twitter-financial-news-sentiment (MIT)
Trump Says Mulvaney Will Remain as White House Chief of Staff,1,neutral,zeroshot/twitter-financial-news-sentiment (MIT)
Trump Tax Fight Faces New Urgency After Impeachment Acquittal,1,neutral,zeroshot/twitter-financial-news-sentiment (MIT)
Trump told the Treasury and Justice Departments to look into the impact of U.S. sanctions on Halkbank after being l… https://t.co/NZVl8GvLBE,1,neutral,zeroshot/twitter-financial-news-sentiment (MIT)
Trump will look to upstage Democrats by holding a campaign rally in New Hampshire a day before the state's primary https://t.co/TYePDRWOpx,1,neutral,zeroshot/twitter-financial-news-sentiment (MIT)
"Trump, Powell meet and talk about 'everything'",1,neutral,zeroshot/twitter-financial-news-sentiment (MIT)
Trump's Republican supporters may be less committed than they seem https://t.co/Ah8YjgksnW via @bopinion,1,neutral,zeroshot/twitter-financial-news-sentiment (MIT)
UK Conservatives turn fake news into a policy platform https://t.co/6pdqqTGplc,1,neutral,zeroshot/twitter-financial-news-sentiment (MIT)
UPDATE 1-Erdogan says he told Trump Turkey will not give up Russian S-400s,1,neutral,zeroshot/twitter-financial-news-sentiment (MIT)
"UPDATE 1-Former Goldman Sachs CEO pushes back on Warren's criticism, wealth tax",1,neutral,zeroshot/twitter-financial-news-sentiment (MIT)
"UPDATE 2-Twitter says Conservatives misled public, minister says voters ""don't give a toss""",1,neutral,zeroshot/twitter-financial-news-sentiment (MIT)
"Warren Plans to Crack Down on U.S. Shell Companies, Tax Evasion",1,neutral,zeroshot/twitter-financial-news-sentiment (MIT)
"Watch now: Sondland, U.S. ambassador to EU, testifies in impeachment hearing",1,neutral,zeroshot/twitter-financial-news-sentiment (MIT)
"Watch: Trump speaks on human trafficking amid coronavirus outbreak, impeachment trial https://t.co/E7C92PFxPz",1,neutral,zeroshot/twitter-financial-news-sentiment (MIT)
"What The ""Expert"" Panel Should Have Told You About Impeachment... But Didn't https://t.co/uEOSRZZlm6",1,neutral,zeroshot/twitter-financial-news-sentiment (MIT)
What's the relationship between @realDonaldTrump and @JustinTrudeau really like? @kevinolearytv has some thoughts:  https://t.co/TAU20ZbnmY,1,neutral,zeroshot/twitter-financial-news-sentiment (MIT)
Trump calls meeting with Powell 'very good' and 'cordial',1,neutral,zeroshot/twitter-financial-news-sentiment (MIT)
Trump Fed nominee Shelton hits bipartisan skepticism in Senate hearing #economy #MarketScreener… https://t.co/4n59nUtFe3,1,neutral,zeroshot/twitter-financial-news-sentiment (MIT)
White House adviser Larry Kudlow says he wants Fed to be bolder with rate cuts,1,neutral,zeroshot/twitter-financial-news-sentiment (MIT)
U.S. treasury secretary to seek additional $250 billion for small business #economy #MarketScreener… https://t.co/ph3JNP4W9h,1,neutral,zeroshot/twitter-financial-news-sentiment (MIT)
$DSKE - Daseke names Chris Easter as permanent CEO https://t.co/QMi50IDUJZ,1,neutral,zeroshot/twitter-financial-news-sentiment (MIT)
"$DZSI: DASAN Zhone Technologies names Tom Cancro CFO and Treasurer, effective December 2, 2019 https://t.co/RpranDXrQz",1,neutral,zeroshot/twitter-financial-news-sentiment (MIT)
$FTS - Fortis appoints David Hutchens as COO https://t.co/EXGlH8Xte1,1,neutral,zeroshot/twitter-financial-news-sentiment (MIT)
$GE: General Electric names Carolina Dybeck Happe CFO https://t.co/fTt0iYz8W4,1,neutral,zeroshot/twitter-financial-news-sentiment (MIT)
"$TGE: Tallgrass Energy appoints William Moler as CEO, effective immediately https://t.co/lewYjgEhSA",1,neutral,zeroshot/twitter-financial-news-sentiment (MIT)
Alliance Data taps new CEO from Citi,1,neutral,zeroshot/twitter-financial-news-sentiment (MIT)
Asia Pacific Foundation of Canada Welcomes Former New Brunswick Premier Brian Gallant to Board of Directors  https://t.co/OMcgWrDq05,1,neutral,zeroshot/twitter-financial-news-sentiment (MIT)
"Capital Environment : (1) RESIGNATION OF EXECUTIVE DIRECTOR, CHANGE OF THE CHAIRMAN, AUTHO... #CapitalEnvironment… https://t.co/govFU110Ti",1,neutral,zeroshot/twitter-financial-news-sentiment (MIT)
Carl Icahn plans to nominate a slate of 10 directors in an attempt to seize control of the board of U.S. oil and ga… https://t.co/JepE5qxI6U,1,neutral,zeroshot/twitter-financial-news-sentiment (MIT)
CNOOC appoints CEO,1,neutral,zeroshot/twitter-financial-news-sentiment (MIT)
Credit Suisse CEO Thiam Exits in Shock Reversal After Scandal,1,neutral,zeroshot/twitter-financial-news-sentiment (MIT)
David Dehaemers is stepping down as CEO of Tallgrass Energy https://t.co/wbGUhtwcIp,1,neutral,zeroshot/twitter-financial-news-sentiment (MIT)
"David McCormick, the ex-Army Ranger set to take full command at Bridgewater https://t.co/N4S13ZAJwK",1,neutral,zeroshot/twitter-financial-news-sentiment (MIT)
Erik Prince’s FSG Quits Mozambique Oil and Gas Logistics Venture,1,neutral,zeroshot/twitter-financial-news-sentiment (MIT)
February 13 will mark new Boeing CEO David Calhoun's first month at the helm of $BA. @JimCramer gives a progress re… https://t.co/ET9XW0FsuJ,1,neutral,zeroshot/twitter-financial-news-sentiment (MIT)
Fiesta Restaurant Group adds hedge fund exec to board,1,neutral,zeroshot/twitter-financial-news-sentiment (MIT)
First Reserve names two new managing directors in latest promotions,1,neutral,zeroshot/twitter-financial-news-sentiment (MIT)
"Ford names Jim Farley COO, Hinrichs to retire",1,neutral,zeroshot/twitter-financial-news-sentiment (MIT)
"Ford to name Jim  Farley COO, Hinrichs to retire: source",1,neutral,zeroshot/twitter-financial-news-sentiment (MIT)
GE brings in shipper Maersk's CFO as finance chief,1,neutral,zeroshot/twitter-financial-news-sentiment (MIT)
General Electric names Maersk CFO Carolina Dybeck Happe as its new CFO https://t.co/gfPLu09xuW,1,neutral,zeroshot/twitter-financial-news-sentiment (MIT)
GoDaddy announces board changes,1,neutral,zeroshot/twitter-financial-news-sentiment (MIT)
Hans Sauter Takes Over Global Sustainability Duties at Fresh Del Monte Produce,1,neutral,zeroshot/twitter-financial-news-sentiment (MIT)
International Business Machines : Correction to IBM's New Leadership Team #InternationalBusinessMachines #Stock... https://t.co/cd6Jmiss90,1,neutral,zeroshot/twitter-financial-news-sentiment (MIT)
Jefferies poaches more staff from CLSA to boost Asia expansion https://t.co/x2dQ6I9HM2,1,neutral,zeroshot/twitter-financial-news-sentiment (MIT)
Legere stepping down as T-Mobile CEO,1,neutral,zeroshot/twitter-financial-news-sentiment (MIT)
Libbey announces CFO transition,1,neutral,zeroshot/twitter-financial-news-sentiment (MIT)
"MedMen's CEO Resigned, and These Pot Stock CEOs Could Be Next",1,neutral,zeroshot/twitter-financial-news-sentiment (MIT)
MGP Adds James Hewlette to International Beverage Alcohol Sales Team   https://t.co/1wZFyOaWH4,1,neutral,zeroshot/twitter-financial-news-sentiment (MIT)
"Mike Sievert to become T-Mobile CEO on May 1, 2020",1,neutral,zeroshot/twitter-financial-news-sentiment (MIT)
"MOVES-Morgan Stanley hires former AIG executive to lead global support centers
https://t.co/ypYjW6jfYZ https://t.co/a6PKCsMonu",1,neutral,zeroshot/twitter-financial-news-sentiment (MIT)
Nombrado nuevo vicepresidente de la división de cadena de suministro del grupo Viking Malt,1,neutral,zeroshot/twitter-financial-news-sentiment (MIT)
"ReneSola names new CEO, CFO after departures",1,neutral,zeroshot/twitter-financial-news-sentiment (MIT)
Shilpa Bhatia Rejoins SpiceJet As Chief Commercial Officer After Five-Month Stint At IndiGo,1,neutral,zeroshot/twitter-financial-news-sentiment (MIT)
Six Sigma Metals : Experienced Board Addition & Appendix 3X #SixSigmaMetals #Stock #MarketScreener… https://t.co/GzmaLJyhFQ,1,neutral,zeroshot/twitter-financial-news-sentiment (MIT)
Sony : Amazon names Sony executive to lead entertainment unit - WSJ #Sony #Stock #MarketScreener… https://t.co/pYRE6UyCgV,1,neutral,zeroshot/twitter-financial-news-sentiment (MIT)
Spark Networks names new CEO,1,neutral,zeroshot/twitter-financial-news-sentiment (MIT)
"Sunniva President, Board Director Resign Weeks After CFO Departure",1,neutral,zeroshot/twitter-financial-news-sentiment (MIT)
Tesla Loses Its Third General Counsel in the Course of a Year,1,neutral,zeroshot/twitter-financial-news-sentiment (MIT)
UMH Properties names Taft operating chief,1,neutral,zeroshot/twitter-financial-news-sentiment (MIT)
WP Engine Designa a Lisa Box Vicepresidenta SÃƒÂ©nior de Desarrollo Corporativo,1,neutral,zeroshot/twitter-financial-news-sentiment (MIT)
Xinjiang Xinxin Mining Industry : ANNOUNCEMENT - RESIGNATION OF GENERAL MANAGER  #Stock #MarketScreener… https://t.co/t6FBv4Yu7G,1,neutral,zeroshot/twitter-financial-news-sentiment (MIT)
$BEN - Franklin Resources drops after November AUM signals 'red alert' https://t.co/9iC6zMxMXy,0,negative,zeroshot/twitter-financial-news-sentiment (MIT)
$F - Ford's Value Has Tanked: Recovery Looks Poor. https://t.co/cLVJUCwNbt #economy #stocks #markets,0,negative,zeroshot/twitter-financial-news-sentiment (MIT)
$HYG - A Segment Of Junk Bonds Signals Stress. Continue reading: https://t.co/gQjqOhANgD #stockmarket #investing #trading,0,negative,zeroshot/twitter-financial-news-sentiment (MIT)
$TALKX: Market Briefing: Downshift https://t.co/CBPbBbxMjS,0,negative,zeroshot/twitter-financial-news-sentiment (MIT)
$TIF $LVMHF - Luxury sector shakeup sends investors scrambling https://t.co/IWVWNxN0hy,0,negative,zeroshot/twitter-financial-news-sentiment (MIT)
$TSLA short 🤣,0,negative,zeroshot/twitter-financial-news-sentiment (MIT)
"$TWLO - Yes, This Is An Unpopular Opinion: Twilio Is Overvalued. https://t.co/PCCPSLJaCP #markets #finance #stocks",0,negative,zeroshot/twitter-financial-news-sentiment (MIT)
$XLU - XLU Weekly: The Relief Rally From 43.44s Stalls At 58.09s. https://t.co/0QF67WMAAr #investing #markets #economy,0,negative,zeroshot/twitter-financial-news-sentiment (MIT)
Companies Like Juggernaut Exploration (CVE:JUGR) Can Be Considered Quite Risky,0,negative,zeroshot/twitter-financial-news-sentiment (MIT)
Credit Woes Come Calling For The South Africa ETF,0,negative,zeroshot/twitter-financial-news-sentiment (MIT)
Dow heavyweight Boeing ending strong decade with whimper,0,negative,zeroshot/twitter-financial-news-sentiment (MIT)
Elon Musk Loses $5.9 Billion as Tesla Succumbs to the Laws of Gravity,0,negative,zeroshot/twitter-financial-news-sentiment (MIT)
"GlobalData : H&M's recovery derailed by COVID-19, says GlobalData #GlobalData #Stock #MarketScreener… https://t.co/oAkK0CkWFZ",0,negative,zeroshot/twitter-financial-news-sentiment (MIT)
Hedge Funds Are Dumping Capital Senior Living Corporation (CSU),0,negative,zeroshot/twitter-financial-news-sentiment (MIT)
Hedge Funds Are Dumping UMB Financial Corporation (UMBF),0,negative,zeroshot/twitter-financial-news-sentiment (MIT)
Hedge Funds Are Selling Genco Shipping & Trading Limited (GNK),0,negative,zeroshot/twitter-financial-news-sentiment (MIT)
Hedge Funds Are Selling InVitae Corporation (NVTA),0,negative,zeroshot/twitter-financial-news-sentiment (MIT)
Hedge Funds Are Selling PennyMac Financial Services Inc (PFSI),0,negative,zeroshot/twitter-financial-news-sentiment (MIT)
Hedge Funds Aren’t Crazy About eGain Communications Corporation (EGAN) Anymore,0,negative,zeroshot/twitter-financial-news-sentiment (MIT)
Hedge Funds Aren’t Crazy About Titan Machinery Inc. (TITN) Anymore,0,negative,zeroshot/twitter-financial-news-sentiment (MIT)
Here's Why Zogenix Took a Tumble Today,0,negative,zeroshot/twitter-financial-news-sentiment (MIT)
"Introducing Hitech & Development Wireless Sweden Holding (STO:HDW B), The Stock That Slid 60% In The Last Year",0,negative,zeroshot/twitter-financial-news-sentiment (MIT)
Investors Who Bought Elanco Animal Health (NYSE:ELAN) Shares A Year Ago Are Now Down 23%,0,negative,zeroshot/twitter-financial-news-sentiment (MIT)
Look to go short $ES if it goes offered below 3107.50 or if the a.m. open is below 3107.50 and goes offered below t… https://t.co/YM6WBkERZ3,0,negative,zeroshot/twitter-financial-news-sentiment (MIT)
"RECAP 12/10 Unusual Puts:
$ITCI Jan 6 P
$AAPL Jan 240 P
$FXB Dec 123 P
$JD Jan 31 P
$NLOK Dec 26 P
$PDD Apr 35 P… https://t.co/pUqu2jUDbi",0,negative,zeroshot/twitter-financial-news-sentiment (MIT)
"Sensex, Nifty Halt Four-Day Gaining Streak As RIL, HDFC Drag",0,negative,zeroshot/twitter-financial-news-sentiment (MIT)
Why Carnival Stock Lost 14% in January,0,negative,zeroshot/twitter-financial-news-sentiment (MIT)
$ACST adding. Big catalyst coming up very soon. Stock has been under accumulation. CaPre (TRILOGY 1 and 2) Hypertri... https://t.co/0ZJuIuHVN9,2,positive,zeroshot/twitter-financial-news-sentiment (MIT)
$AIKI my position remains intact. Buying dips.,2,positive,zeroshot/twitter-financial-news-sentiment (MIT)
$AMZN - Amazon: One Of The Best Long-Term Investment In The Tech Sector. https://t.co/zC79wifAYj #finance #investing #stocks,2,positive,zeroshot/twitter-financial-news-sentiment (MIT)
"$BOXL buyers into the close, nice !!!",2,positive,zeroshot/twitter-financial-news-sentiment (MIT)
$BOXL loading up again !!! Last month K Laser Technology reported 30.2% Stake. https://t.co/Gd2jtkHBJE,2,positive,zeroshot/twitter-financial-news-sentiment (MIT)
$BOXL nice start !!!! $PDSB still accumulating.,2,positive,zeroshot/twitter-financial-news-sentiment (MIT)
$BPTH buy the dip.,2,positive,zeroshot/twitter-financial-news-sentiment (MIT)
$BURL certainly isn't looking shabby https://t.co/3AqvmOgZuG,2,positive,zeroshot/twitter-financial-news-sentiment (MIT)
$CAT - Caterpillar's Expected Dividend Hike And Buybacks Will Push The Stock Higher. https://t.co/zMJ0Ol3g2w #markets #business #economy,2,positive,zeroshot/twitter-financial-news-sentiment (MIT)
"$CERN - Cerner: Undervalued, Wide Moat, Dominant. Read more: https://t.co/4KImEZVaU1 #finance #markets #economy",2,positive,zeroshot/twitter-financial-news-sentiment (MIT)
"$CIFS could squeeze over 1 , im long and will add + on the break of the pivot level.",2,positive,zeroshot/twitter-financial-news-sentiment (MIT)
$CPHI here is the technical chart. With some buying volume this China play could soar just like $YGYI https://t.co/tEbpZIklHz,2,positive,zeroshot/twitter-financial-news-sentiment (MIT)
$DG 52-week high,2,positive,zeroshot/twitter-financial-news-sentiment (MIT)
$EDNT great news this morning. Taking some before it explodes higher. NEWS: Edison Nation is Pleased to Announce th… https://t.co/ADTMS9D2ID,2,positive,zeroshot/twitter-financial-news-sentiment (MIT)
$FSUMF - FMG Offers Compelling Valuation And Dividend Yield (8%-10%). https://t.co/n8z87Sz8E5 #stockmarket #stocks #business,2,positive,zeroshot/twitter-financial-news-sentiment (MIT)
$GDEN $ERI $MGM - Casino sector attracts some bets https://t.co/XjKy1M0CLb,2,positive,zeroshot/twitter-financial-news-sentiment (MIT)
$GLD $SLV - Gold & Silver Update: December May Be A Bottom. Read more: https://t.co/c0d06nlqQJ #trading #finance #stocks,2,positive,zeroshot/twitter-financial-news-sentiment (MIT)
$MAR - Marriott seen running up 20% gain https://t.co/fTmRowMRLP,2,positive,zeroshot/twitter-financial-news-sentiment (MIT)
"$MYOV is breaking out in pre-market, but we neeed more volume to confirm.",2,positive,zeroshot/twitter-financial-news-sentiment (MIT)
$NIO nice breakout this morning. Next stop 2.46 https://t.co/rLdY9c1rw2,2,positive,zeroshot/twitter-financial-news-sentiment (MIT)
$NYMT out 1.82 from $1.60 @here,2,positive,zeroshot/twitter-financial-news-sentiment (MIT)
$PACD taking some. Risky but chart looks perfect for a bounce. I like this as a sympathy play off today's BORR move… https://t.co/yL5AlslU3R,2,positive,zeroshot/twitter-financial-news-sentiment (MIT)
$RH clears prior high of 192 after gapping up over its 50-day on volume. On watch how it acts around 200. https://t.co/sF9WRJc7Bo,2,positive,zeroshot/twitter-financial-news-sentiment (MIT)
$SINT volume Alert !! Big buy blocks. Momentum is coming back to this name. First pivot 50c https://t.co/MU2uyO5JFT,2,positive,zeroshot/twitter-financial-news-sentiment (MIT)
$SINT woke up !!!! New HOD,2,positive,zeroshot/twitter-financial-news-sentiment (MIT)
$SKYY - First Trust Cloud Computing ETF Should Benefit From Near-Term Surge In Demand Due To COVID-19.… https://t.co/8KCBxqqonH,2,positive,zeroshot/twitter-financial-news-sentiment (MIT)
$SOLO could fuel shares of $WKHS,2,positive,zeroshot/twitter-financial-news-sentiment (MIT)
$SRNE Took some. Love the news.,2,positive,zeroshot/twitter-financial-news-sentiment (MIT)
$STZ - Time To Reach For Constellation Brands During The Coronavirus. https://t.co/6M1lRZZRyC #trading #business #economy,2,positive,zeroshot/twitter-financial-news-sentiment (MIT)
$T - AT&T: An Attractive Options Strategy For The Coming Months. https://t.co/9LcAGrHWSL #economy #markets #stocks,2,positive,zeroshot/twitter-financial-news-sentiment (MIT)
$TOPS Wow..... Morgan Stanley 13G 6.7%,2,positive,zeroshot/twitter-financial-news-sentiment (MIT)
"$TOT - Total: Solid Quarter, Continuing To Execute On Growth Story. Continue reading: https://t.co/FyeVpp7mbO #investing #economy #finance",2,positive,zeroshot/twitter-financial-news-sentiment (MIT)
"$TSM - Taiwan Semiconductor: Visibility May Be Limited In The Near-Term, But Long-Term Growth Outlook Is Favorable.… https://t.co/8CxDEK114Z",2,positive,zeroshot/twitter-financial-news-sentiment (MIT)
$TXN highs out of a long base and above 8 and 21 MAs,2,positive,zeroshot/twitter-financial-news-sentiment (MIT)
$WRK - WestRock: Strong Tailwinds Supporting The Bull Thesis Despite COVID-19. https://t.co/3IHSi3Thle #trading #stockmarket #economy,2,positive,zeroshot/twitter-financial-news-sentiment (MIT)
$YEXT - Yext: A Coronavirus Bull Case. https://t.co/7wlZOFGRu6 #trading #business #stocks,2,positive,zeroshot/twitter-financial-news-sentiment (MIT)
"$Z strong close, nice candle as nears breakout",2,positive,zeroshot/twitter-financial-news-sentiment (MIT)
“It’s my biggest holding.” Mark Cuban says he has nearly $1 billion in Amazon stock. https://t.co/5OLyDMTAdb,2,positive,zeroshot/twitter-financial-news-sentiment (MIT)
"9:45 am (it's early) $SPY 272.99 1,520 STOCKS are up from the open vs 1,700  that are down from the open. $IWM 116.87",2,positive,zeroshot/twitter-financial-news-sentiment (MIT)
"A Rising Share Price Has Us Looking Closely At Fortinet, Inc.'s (NASDAQ:FTNT) P/E Ratio",2,positive,zeroshot/twitter-financial-news-sentiment (MIT)
A Rising Share Price Has Us Looking Closely At Vipshop Holdings Limited's (NYSE:VIPS) P/E Ratio,2,positive,zeroshot/twitter-financial-news-sentiment (MIT)
added $MRK Feb 90/Dec 90.50 Call Diagonals,2,positive,zeroshot/twitter-financial-news-sentiment (MIT)
Amazon is becoming a go-to for bulls - here's the chart now https://t.co/S86h9k7xuI,2,positive,zeroshot/twitter-financial-news-sentiment (MIT)
"Beyond Meat among the stocks set to benefit from ongoing pork shortage, Bernstein says",2,positive,zeroshot/twitter-financial-news-sentiment (MIT)
ChartTrader's recent $YMm0 short took off for a +700 pt gain in less than 30 minutes. Learn more and #tradesmarter… https://t.co/1JiBaAV8ji,2,positive,zeroshot/twitter-financial-news-sentiment (MIT)
Ethereum (ETH) Price May Soon Surge 50%: Here’s Why - Ethereum World News,2,positive,zeroshot/twitter-financial-news-sentiment (MIT)
Firan Technology Group Corporation (TSE:FTG) Is Employing Capital Very Effectively,2,positive,zeroshot/twitter-financial-news-sentiment (MIT)
GE’s ‘Beat-and-Raise Story’ Leads Longtime Skeptic to Upgrade,2,positive,zeroshot/twitter-financial-news-sentiment (MIT)
Hedge Funds Are Betting On Catchmark Timber Trust Inc (CTT),2,positive,zeroshot/twitter-financial-news-sentiment (MIT)
Hedge Funds Are Buying Costamare Inc (CMRE),2,positive,zeroshot/twitter-financial-news-sentiment (MIT)
"Hedge Funds Are Optimistic About Merck & Co., Inc. (MRK)",2,positive,zeroshot/twitter-financial-news-sentiment (MIT)
Hedge Funds Have Never Been More Bullish On ADMA Biologics Inc (ADMA),2,positive,zeroshot/twitter-financial-news-sentiment (MIT)
Hedge Funds Have Never Been More Bullish On BioSpecifics Technologies Corp. (BSTC),2,positive,zeroshot/twitter-financial-news-sentiment (MIT)
"Hedge Funds Have Never Been More Bullish On New York Mortgage Trust, Inc. (NYMT)",2,positive,zeroshot/twitter-financial-news-sentiment (MIT)
"Hedge Funds Have Never Been This Bullish On Hallmark Financial Services, Inc. (HALL)",2,positive,zeroshot/twitter-financial-news-sentiment (MIT)
Hedge Funds Have Never Been This Bullish On North American Construction Group Ltd. (NOA),2,positive,zeroshot/twitter-financial-news-sentiment (MIT)
Here comes the bounce $LK,2,positive,zeroshot/twitter-financial-news-sentiment (MIT)
Here's what has stocks surging midday: https://t.co/9Jg08tQs6j,2,positive,zeroshot/twitter-financial-news-sentiment (MIT)
Home Depot stock is still a good investment despite rare misstep: analysts,2,positive,zeroshot/twitter-financial-news-sentiment (MIT)
https://t.co/LKXMOP3zNK Inc. was on course to exceed $1 trillion in market value again after results beat expectati... https://t.co/4tiFA4prdg,2,positive,zeroshot/twitter-financial-news-sentiment (MIT)
"If You Had Bought AXA (EPA:CS) Stock Five Years Ago, You Could Pocket A 33% Gain Today",2,positive,zeroshot/twitter-financial-news-sentiment (MIT)
"If You Had Bought Century Communities (NYSE:CCS) Stock Five Years Ago, You Could Pocket A 61% Gain Today",2,positive,zeroshot/twitter-financial-news-sentiment (MIT)
Industrials with nice bull flags breaking out today $EMR $ZBRA $PH $SWK,2,positive,zeroshot/twitter-financial-news-sentiment (MIT)
Investors Who Bought Profile Systems & Software A.E (ATH:PROF) Shares Three Years Ago Are Now Up 739%,2,positive,zeroshot/twitter-financial-news-sentiment (MIT)
Investors Who Bought Zogenix (NASDAQ:ZGNX) Shares Five Years Ago Are Now Up 411%,2,positive,zeroshot/twitter-financial-news-sentiment (MIT)
Knoll (NYSE:KNL) Has A Pretty Healthy Balance Sheet,2,positive,zeroshot/twitter-financial-news-sentiment (MIT)
"Prudential Financial, Inc. Just Beat EPS By 11%: Here's What Analysts Think Will Happen Next",2,positive,zeroshot/twitter-financial-news-sentiment (MIT)
Publicis Groupe (EPA:PUB) Has A Pretty Healthy Balance Sheet,2,positive,zeroshot/twitter-financial-news-sentiment (MIT)
"RECAP 12/10 +Pos Comments:
$HUYA + Hedgeye
$TSLA + Rosenblatt
$TXMD + CJS
$INFY + BofAML",2,positive,zeroshot/twitter-financial-news-sentiment (MIT)
Scalp Trader's recent $CVNA swing long ripped higher for a +90% gain in just one week. Learn more and #tradesmarter… https://t.co/w5NlaycODq,2,positive,zeroshot/twitter-financial-news-sentiment (MIT)
"Shareholders Are Loving LeMaitre Vascular, Inc.'s (NASDAQ:LMAT) 1.0% Yield",2,positive,zeroshot/twitter-financial-news-sentiment (MIT)
Stock Market Update: Apple continues to outperform,2,positive,zeroshot/twitter-financial-news-sentiment (MIT)
Stock Market Update: Apple supplier Synaptics impresses investors,2,positive,zeroshot/twitter-financial-news-sentiment (MIT)
Stock Traders Are Dumping Virus Hedges After ‘Peak Fear’ Passes,2,positive,zeroshot/twitter-financial-news-sentiment (MIT)
"Tesla $TSLA with 1400 January 2022 $1280 calls bought to open $33.50 to $36 for around $5M

And with that, I am off... https://t.co/uiJ0iHFoUw",2,positive,zeroshot/twitter-financial-news-sentiment (MIT)
The Bull Case for Shopify Stock Is More Relevant Than Ever,2,positive,zeroshot/twitter-financial-news-sentiment (MIT)
The Knight-Swift Transportation Holdings (NYSE:KNX) Share Price Is Up 16% And Shareholders Are Holding On,2,positive,zeroshot/twitter-financial-news-sentiment (MIT)
The Maxim Integrated Products (NASDAQ:MXIM) Share Price Has Gained 100% And Shareholders Are Hoping For More,2,positive,zeroshot/twitter-financial-news-sentiment (MIT)
We have been following $PGNY closely all week; added it to our Buy Alert list on Tuesday. Today it's ripping to new… https://t.co/BFM1RLzOjG,2,positive,zeroshot/twitter-financial-news-sentiment (MIT)
Why Capri Holdings Is a Buy This Season,2,positive,zeroshot/twitter-financial-news-sentiment (MIT)
"Why Ebix, Inc. (NASDAQ:EBIX) Should Be In Your Dividend Portfolio",2,positive,zeroshot/twitter-financial-news-sentiment (MIT)
Why Has Cree’s Revenue Jumped 40% In The Past 2 Years?,2,positive,zeroshot/twitter-financial-news-sentiment (MIT)
Why Shares of TransDigm Group Soared in January,2,positive,zeroshot/twitter-financial-news-sentiment (MIT)
Why Snap Stock Jumped Today,2,positive,zeroshot/twitter-financial-news-sentiment (MIT)
Why Visa's Stock Price Could Keep Rising,2,positive,zeroshot/twitter-financial-news-sentiment (MIT)
"Why You Should Like Aena S.M.E., S.A.’s (BME:AENA) ROCE",2,positive,zeroshot/twitter-financial-news-sentiment (MIT)
"With EPS Growth And More, Robertet (EPA:RBT) Is Interesting",2,positive,zeroshot/twitter-financial-news-sentiment (MIT)
$ACRGF - Acreage Holdings: The Best Investment In The Cannabis Space. Subscribe to Seeking Alpha for more:… https://t.co/qmq8yM9GFa,1,neutral,zeroshot/twitter-financial-news-sentiment (MIT)
$CEI Long-term chart. Everything is possible here. Full of shorts. Can run 400% like in July or doing nothing. But… https://t.co/JJMEup4XH3,1,neutral,zeroshot/twitter-financial-news-sentiment (MIT)
$CEI non stop ion after-hours. $GBR deserves some attention,1,neutral,zeroshot/twitter-financial-news-sentiment (MIT)
"$CLLS took profits here .. 

Maybe they'll get bought out soon .. that's what happens lol https://t.co/CnPQQKSZpk",1,neutral,zeroshot/twitter-financial-news-sentiment (MIT)
"$DAN - Dana Slogging Through Some End-Market Challenges, But The Longer-Term Outlook Is Better. Continue reading:… https://t.co/Yhw34F3a2O",1,neutral,zeroshot/twitter-financial-news-sentiment (MIT)
$DNKN - Dunkin' Brands: A Long-Term Analysis. Follow this and any other stock on Seeking Alpha!… https://t.co/5C75MjETME,1,neutral,zeroshot/twitter-financial-news-sentiment (MIT)
$EB - Eventbrite Needs To Find Acquisitions. Get more info on Seeking Alpha: https://t.co/O3GeF4Q2TE #trading #stockmarket #economy,1,neutral,zeroshot/twitter-financial-news-sentiment (MIT)
$ES equilibrium is 3107.50-3108  Long if either open is above 3108 and goes bid above the open. Look for some resis… https://t.co/ifVCk5Vh6r,1,neutral,zeroshot/twitter-financial-news-sentiment (MIT)
$ES_F $SPY https://t.co/BJ5eisxxwe,1,neutral,zeroshot/twitter-financial-news-sentiment (MIT)
$GDP - Goodrich Petroleum Corp.: A Solid Play. https://t.co/spGL5EIBuG #stockmarket #economy #stocks,1,neutral,zeroshot/twitter-financial-news-sentiment (MIT)
"$GOOG $GOOGL - Alphabet: Flying Right To $1,700. Read more and get updates on any stock! https://t.co/cdftwzEnYJ #economy #finance #markets",1,neutral,zeroshot/twitter-financial-news-sentiment (MIT)
$GPRO strong action.,1,neutral,zeroshot/twitter-financial-news-sentiment (MIT)
"$HSIC 
Brought to my attention by fellow AOT member @Radim7204 !
Really liking how this one is setting up going int… https://t.co/jcQsKjL6Ok",1,neutral,zeroshot/twitter-financial-news-sentiment (MIT)
$IRM - Iron Mountain Building A Fortress With Data Centers. Sign up for updates on Seeking Alpha!… https://t.co/M4VPqzEtJq,1,neutral,zeroshot/twitter-financial-news-sentiment (MIT)
"$JCP - J.C. Penney: Q3 Impresses, But Headwinds Remain. Get more updates here: https://t.co/nRuoADTjLN #business #trading #markets",1,neutral,zeroshot/twitter-financial-news-sentiment (MIT)
$KERN guess what? Great alert this week....... https://t.co/6aNynTGnoP,1,neutral,zeroshot/twitter-financial-news-sentiment (MIT)
$KRUS fresh breakout and at resistance. https://t.co/alBaL6qf4i,1,neutral,zeroshot/twitter-financial-news-sentiment (MIT)
$LB: L Brands feeling mall-based pressure https://t.co/qdD9K6QOy9,1,neutral,zeroshot/twitter-financial-news-sentiment (MIT)
$LK $NTES $PDD - NetEase's Bright 2020; Pinduoduo Is No Luckin Coffee. Continue reading: https://t.co/CTznXqFM0n… https://t.co/TCLXHfhCjf,1,neutral,zeroshot/twitter-financial-news-sentiment (MIT)
$MAXR - How To Play Both Sides Of The Maxar Technologies Recovery Story. Subscribe to Seeking Alpha for more:… https://t.co/OYzd6jPzfC,1,neutral,zeroshot/twitter-financial-news-sentiment (MIT)
$MTB - M&T Bank: Too Soon To Call The Turn. Read more and get updates on any stock! https://t.co/Ys82ZwdFPl #business #economy #stocks,1,neutral,zeroshot/twitter-financial-news-sentiment (MIT)
$MTN - Vail Resorts missing snow in early part of season https://t.co/K76oI960UO,1,neutral,zeroshot/twitter-financial-news-sentiment (MIT)
"$NVDA $UBER - Beware The Ides Of December, Current Events Should Boost Markets Now; Sell Uber And Tesla. Get more u… https://t.co/BcYnGhPTG3",1,neutral,zeroshot/twitter-financial-news-sentiment (MIT)
"$OPGN took a big position for next week. Early this month. CVI Investments, Inc. purchased 200k shares. https://t.co/7y83Nbob1Z",1,neutral,zeroshot/twitter-financial-news-sentiment (MIT)
$PFG - Principal Financial Group: The Beaten Down Giant. Follow this and any other stock on Seeking Alpha!… https://t.co/BtTxNYCCmJ,1,neutral,zeroshot/twitter-financial-news-sentiment (MIT)
"$PIXY with just 1.1M shares float, if volume comes in again , the bounce could be explosive. U know how this stock works. Great entry point.",1,neutral,zeroshot/twitter-financial-news-sentiment (MIT)
$PLNT $PTON - Gym-off trade unwinds a bit https://t.co/6KQrxKSjLE,1,neutral,zeroshot/twitter-financial-news-sentiment (MIT)
$PLUG - Plug Power Raises Some Much-Needed Cash - The Right Move At The Right Time. Read more:… https://t.co/8u9YMYHnLp,1,neutral,zeroshot/twitter-financial-news-sentiment (MIT)
$RF - Regions Financial On Target With Its Conservative Approach. Subscribe to Seeking Alpha for more:… https://t.co/0XIItIX3aB,1,neutral,zeroshot/twitter-financial-news-sentiment (MIT)
$RTTR waking up !!!!!!!!!!,1,neutral,zeroshot/twitter-financial-news-sentiment (MIT)
$SCANX: Stocks/ETFs that traded to new 52 week highs/lows this session - New highs (37) outpacing new lows (30) https://t.co/mozUwgcLn9,1,neutral,zeroshot/twitter-financial-news-sentiment (MIT)
$SCANX: Today's most active stocks https://t.co/fEt4nYC2bE,1,neutral,zeroshot/twitter-financial-news-sentiment (MIT)
$SCHV - SCHV: Volatility Reminds Me To Stay Focused On Value. https://t.co/rTJ55Qtu22 #stockmarket #stocks #business,1,neutral,zeroshot/twitter-financial-news-sentiment (MIT)
$SE tried to break above its 38 cup pivot but was unable to clear it. It continues to consolidate around its earnin… https://t.co/3EDbxL0qB4,1,neutral,zeroshot/twitter-financial-news-sentiment (MIT)
$SIVR - SIVR Weekly: Spec Short-Covering More Than Offsets ETF Profit-Taking. Keep reading: https://t.co/loj6ZeIs4G… https://t.co/aVPpngWYd1,1,neutral,zeroshot/twitter-financial-news-sentiment (MIT)
$SPY $AAPL $ZM,1,neutral,zeroshot/twitter-financial-news-sentiment (MIT)
$SPY $AMTD $SCHW $EBAY,1,neutral,zeroshot/twitter-financial-news-sentiment (MIT)
$SPY $IWM $TNA - Small caps aim to retake some ground https://t.co/lRTT9N8kdA,1,neutral,zeroshot/twitter-financial-news-sentiment (MIT)
$SPY $XLF $XLI $XLV $XLK $XLRE $XLU $XLY $TSLA,1,neutral,zeroshot/twitter-financial-news-sentiment (MIT)
$SPY been my road map for the overall market.  Oscillators looking for a full unwind/reset?  Would be healthy and s... https://t.co/u1L0z7i71A,1,neutral,zeroshot/twitter-financial-news-sentiment (MIT)
$SRAX what a call !!! https://t.co/MVNBcRTTjP,1,neutral,zeroshot/twitter-financial-news-sentiment (MIT)
$TQQQ - TQQQ: No Risk No Reward. https://t.co/K6xMoV7bMM #economy #business #stocks,1,neutral,zeroshot/twitter-financial-news-sentiment (MIT)
$UDIRF $UDIRY - An Acquisition Of Tele Columbus Makes Sense For United Internet AG. Follow this and any other stock… https://t.co/Ue7x1kVSlW,1,neutral,zeroshot/twitter-financial-news-sentiment (MIT)
$VZ - Verizon Communications: Featured Stock In November's Safest Dividend Yields Model Portfolio. Sign up for upda… https://t.co/Y7lMkLQQ7a,1,neutral,zeroshot/twitter-financial-news-sentiment (MIT)
"$WEBK $KLXE $SNDE - TRNX, YEXT, BIG and CGIX among midday movers https://t.co/ZHa4KS7iks",1,neutral,zeroshot/twitter-financial-news-sentiment (MIT)
$XSLV - The Low Vol Mix In The New 60/40. https://t.co/iceGLtsIvz #trading #stocks #stockmarket,1,neutral,zeroshot/twitter-financial-news-sentiment (MIT)
$XYL - Xylem: Headwinds To Continue Over Several Quarters. Read more and sign up for updates:… https://t.co/uD2LB5E7NG,1,neutral,zeroshot/twitter-financial-news-sentiment (MIT)
"“It is all about liquidity for Uber and Lyft,” @p_ferragu tells @TheStreet’s @nelwang $UBER $LYFT https://t.co/dDsaSSzb82",1,neutral,zeroshot/twitter-financial-news-sentiment (MIT)
10 Most Heavily Traded ETFs of 2019,1,neutral,zeroshot/twitter-financial-news-sentiment (MIT)
11 Foreign Stocks With The Lowest Earnings Multiples,1,neutral,zeroshot/twitter-financial-news-sentiment (MIT)
2 Days To Buy 3M Company (NYSE:MMM) Before The Ex-Dividend Date,1,neutral,zeroshot/twitter-financial-news-sentiment (MIT)
2 Top Small-Cap Stocks to Buy In February,1,neutral,zeroshot/twitter-financial-news-sentiment (MIT)
3 Great Semiconductor Stocks to Invest In for 2020,1,neutral,zeroshot/twitter-financial-news-sentiment (MIT)
3 Lord Abbett Funds to Snap Up Now,1,neutral,zeroshot/twitter-financial-news-sentiment (MIT)
3 Stocks to Enhance the Quality of Your Portfolio,1,neutral,zeroshot/twitter-financial-news-sentiment (MIT)
3 Surprising Stocks Hitting New Lows Last Week,1,neutral,zeroshot/twitter-financial-news-sentiment (MIT)
3 Top Small-Cap Stocks to Buy in February,1,neutral,zeroshot/twitter-financial-news-sentiment (MIT)
"3M : Science, Technology & Sustainability Committee #3M #Stock #MarketScreener https://t.co/v00aEuNutb https://t.co/wMEmDMgf3i",1,neutral,zeroshot/twitter-financial-news-sentiment (MIT)
40% YTD Return On 18 Stocks: Andersen Capital Mgmt. (Radio),1,neutral,zeroshot/twitter-financial-news-sentiment (MIT)
42 Stocks Moving In Tuesday's Mid-Day Session,1,neutral,zeroshot/twitter-financial-news-sentiment (MIT)
5 Cheap Dividend Stocks With High Yields And Annual Increases,1,neutral,zeroshot/twitter-financial-news-sentiment (MIT)
5 Stocks With January Bounce-Back Potential,1,neutral,zeroshot/twitter-financial-news-sentiment (MIT)
6 Guru Stocks Beating the Market,1,neutral,zeroshot/twitter-financial-news-sentiment (MIT)
"8 Stocks To Watch For December 12, 2019",1,neutral,zeroshot/twitter-financial-news-sentiment (MIT)
A Note On Metro Inc.'s (TSE:MRU) ROE and Debt To Equity,1,neutral,zeroshot/twitter-financial-news-sentiment (MIT)
Add Up The Parts: The First Trust Large Cap Value AlphaDEX Fund ETF Could Be Worth $62,1,neutral,zeroshot/twitter-financial-news-sentiment (MIT)
ADTRAN (NASDAQ:ADTN) Has Debt But No Earnings; Should You Worry?,1,neutral,zeroshot/twitter-financial-news-sentiment (MIT)
AEMD,1,neutral,zeroshot/twitter-financial-news-sentiment (MIT)
Amazon investors ignore these facts in the $1 trillion market cap frenzy https://t.co/7ifHd44bj3 by @BrianSozzi https://t.co/490crLdUXa,1,neutral,zeroshot/twitter-financial-news-sentiment (MIT)
Anyone catching any of this Gap and Run? And I’m not talking about an Inside Gap which means absolutely nothing. On… https://t.co/ROI0JBYpBf,1,neutral,zeroshot/twitter-financial-news-sentiment (MIT)
Are Investors Undervaluing Public Joint Stock Company Magnit (MCX:MGNT) By 28%?,1,neutral,zeroshot/twitter-financial-news-sentiment (MIT)
Are Investors Undervaluing Scientific Games Corporation (NASDAQ:SGMS) By 45%?,1,neutral,zeroshot/twitter-financial-news-sentiment (MIT)
Are Kinross Gold Corporation’s (TSE:K) High Returns Really That Great?,1,neutral,zeroshot/twitter-financial-news-sentiment (MIT)
Best Stocks for 2020: Energy Transfer Is Poised for an Epic Rally,1,neutral,zeroshot/twitter-financial-news-sentiment (MIT)
Best Stocks for 2020: Housing Trend Will Boost PennyMac Financial,1,neutral,zeroshot/twitter-financial-news-sentiment (MIT)
Better Buy: AbbVie vs. Merck,1,neutral,zeroshot/twitter-financial-news-sentiment (MIT)
Big day for Cronos Group after Altria filing,1,neutral,zeroshot/twitter-financial-news-sentiment (MIT)
BNTC,1,neutral,zeroshot/twitter-financial-news-sentiment (MIT)
Can $MSFT head higher?  https://t.co/V5l6NINYrr,1,neutral,zeroshot/twitter-financial-news-sentiment (MIT)
Can Cronos Stock Break Out of Its Downtrend?,1,neutral,zeroshot/twitter-financial-news-sentiment (MIT)
Can The North West Company Inc. (TSE:NWC) Maintain Its Strong Returns?,1,neutral,zeroshot/twitter-financial-news-sentiment (MIT)
Congratulations to @ServiceNow on being added to the S&P 500 https://t.co/MzojJ6sPLS,1,neutral,zeroshot/twitter-financial-news-sentiment (MIT)
Consider Aphria Stock as the Cannabisphere Burns,1,neutral,zeroshot/twitter-financial-news-sentiment (MIT)
"Could Envision Solar International, Inc.'s (NASDAQ:EVSI) Investor Composition Influence The Stock Price?",1,neutral,zeroshot/twitter-financial-news-sentiment (MIT)
Could The Colonial Coal International Corp. (CVE:CAD) Ownership Structure Tell Us Something Useful?,1,neutral,zeroshot/twitter-financial-news-sentiment (MIT)
Could The KONE Oyj (HEL:KNEBV) Ownership Structure Tell Us Something Useful?,1,neutral,zeroshot/twitter-financial-news-sentiment (MIT)
Could The Occidental Petroleum Corporation (NYSE:OXY) Ownership Structure Tell Us Something Useful?,1,neutral,zeroshot/twitter-financial-news-sentiment (MIT)
Did Business Growth Power CGI's (TSE:GIB.A) Share Price Gain of 163%?,1,neutral,zeroshot/twitter-financial-news-sentiment (MIT)
Did Business Growth Power Maya Gold and Silver's (TSE:MYA) Share Price Gain of 296%?,1,neutral,zeroshot/twitter-financial-news-sentiment (MIT)
"Did You Own The Decade's Best Stock? It's Up 3,743%",1,neutral,zeroshot/twitter-financial-news-sentiment (MIT)
"Do Hedge Funds Love Kirkland’s, Inc. (KIRK)?",1,neutral,zeroshot/twitter-financial-news-sentiment (MIT)
"Do Insiders Own Lots Of Shares In The Meet Group, Inc. (NASDAQ:MEET)?",1,neutral,zeroshot/twitter-financial-news-sentiment (MIT)
Does China XD Plastics Company Limited (NASDAQ:CXDC) Have A High Beta?,1,neutral,zeroshot/twitter-financial-news-sentiment (MIT)
Does K3 Capital Group PLC (LON:K3C) Have A Particularly Volatile Share Price?,1,neutral,zeroshot/twitter-financial-news-sentiment (MIT)
Does Page Industries (NSE:PAGEIND) Have A Healthy Balance Sheet?,1,neutral,zeroshot/twitter-financial-news-sentiment (MIT)
"Does Pieris Pharmaceuticals, Inc.'s (NASDAQ:PIRS) CEO Pay Matter?",1,neutral,zeroshot/twitter-financial-news-sentiment (MIT)
Does The Teradata Corporation (NYSE:TDC) Share Price Fall With The Market?,1,neutral,zeroshot/twitter-financial-news-sentiment (MIT)
Don't Sell AMA Group Limited (ASX:AMA) Before You Read This,1,neutral,zeroshot/twitter-financial-news-sentiment (MIT)
"EOS, Ethereum and Ripple’s XRP – Daily Tech Analysis – 07/02/20",1,neutral,zeroshot/twitter-financial-news-sentiment (MIT)
Estimating The Fair Value Of Oshkosh Corporation (NYSE:OSK),1,neutral,zeroshot/twitter-financial-news-sentiment (MIT)
Estimating The Intrinsic Value Of Ceres Global Ag Corp. (TSE:CRP),1,neutral,zeroshot/twitter-financial-news-sentiment (MIT)
Ethereum and Stellar’s Lumen Daily Tech Analysis – 18/11/19,1,neutral,zeroshot/twitter-financial-news-sentiment (MIT)
Ethereum and Stellar’s Lumen Daily Tech Analysis – 19/11/19,1,neutral,zeroshot/twitter-financial-news-sentiment (MIT)
Flotek Industries Inc (FTK): Hedge Fund Sentiment Unchanged,1,neutral,zeroshot/twitter-financial-news-sentiment (MIT)
FOMO time we project SP 500 target 4000 before end of Bull Market,1,neutral,zeroshot/twitter-financial-news-sentiment (MIT)
FSCT,1,neutral,zeroshot/twitter-financial-news-sentiment (MIT)
Go $WKHS,1,neutral,zeroshot/twitter-financial-news-sentiment (MIT)
Golden Rim Resources : Tabuteau to advance New Zealand's trade and political interests wit... #GoldenRimResources… https://t.co/9RRPcgdgAZ,1,neutral,zeroshot/twitter-financial-news-sentiment (MIT)
"Hedge Fund Darlings vs. Republic Services, Inc. (RSG) In 2019",1,neutral,zeroshot/twitter-financial-news-sentiment (MIT)
"Hedge Funds Cashed Out Of Simpson Manufacturing Co, Inc. (SSD) Too Early",1,neutral,zeroshot/twitter-financial-news-sentiment (MIT)
Hedge Funds Dropped The Ball On 2U Inc (TWOU),1,neutral,zeroshot/twitter-financial-news-sentiment (MIT)
Hedge Funds Dropped The Ball On Continental Building Products Inc (CBPX),1,neutral,zeroshot/twitter-financial-news-sentiment (MIT)
Hedge Funds Had Impeccable Timing Buying Myovant Sciences Ltd. (MYOV),1,neutral,zeroshot/twitter-financial-news-sentiment (MIT)
Hedge Funds Love These 3 Peers Way More Than China Petroleum & Chemical Corp (SNP),1,neutral,zeroshot/twitter-financial-news-sentiment (MIT)
Here is What Hedge Funds Think About First Busey Corporation (BUSE),1,neutral,zeroshot/twitter-financial-news-sentiment (MIT)
Here is What Hedge Funds Think About Focus Financial Partners Inc. (FOCS),1,neutral,zeroshot/twitter-financial-news-sentiment (MIT)
Here is What Hedge Funds Think About Wipro Limited (WIT),1,neutral,zeroshot/twitter-financial-news-sentiment (MIT)
Here’s What Hedge Funds Think Evolution Petroleum Corporation (EPM),1,neutral,zeroshot/twitter-financial-news-sentiment (MIT)
Here's What Analysts Are Forecasting For Cummins Inc. After Its Annual Results,1,neutral,zeroshot/twitter-financial-news-sentiment (MIT)
Here's What We Like About DCC plc (LON:DCC)'s Upcoming Dividend,1,neutral,zeroshot/twitter-financial-news-sentiment (MIT)
Highlight: 'Amgen's been a rocket ship of a stock ... we just think that latest move is just assuming too much ... we'r... https://t.co/xIHky138yC,1,neutral,zeroshot/twitter-financial-news-sentiment (MIT)
Hong Kong ETF May Not Turn Around Anytime Soon,1,neutral,zeroshot/twitter-financial-news-sentiment (MIT)
"How Does Investing In Seres Therapeutics, Inc. (NASDAQ:MCRB) Impact The Volatility Of Your Portfolio?",1,neutral,zeroshot/twitter-financial-news-sentiment (MIT)
How Good Is Kambi Group plc (STO:KAMBI) At Creating Shareholder Value?,1,neutral,zeroshot/twitter-financial-news-sentiment (MIT)
How Many Wheaton Precious Metals Corp. (TSE:WPM) Shares Do Institutions Own?,1,neutral,zeroshot/twitter-financial-news-sentiment (MIT)
"How Much Did Prologis, Inc.'s (NYSE:PLD) CEO Pocket Last Year?",1,neutral,zeroshot/twitter-financial-news-sentiment (MIT)
How Much Have Harley-Davidson’s Shipments Fallen Since 2014?,1,neutral,zeroshot/twitter-financial-news-sentiment (MIT)
"How Much Of Daseke, Inc. (NASDAQ:DSKE) Do Institutions Own?",1,neutral,zeroshot/twitter-financial-news-sentiment (MIT)
How Should Investors React To Poxel SA's (EPA:POXEL) CEO Pay?,1,neutral,zeroshot/twitter-financial-news-sentiment (MIT)
How Should Investors React To Select Medical Holdings Corporation's (NYSE:SEM) CEO Pay?,1,neutral,zeroshot/twitter-financial-news-sentiment (MIT)
Howard Bancorp (NASDAQ:HBMD) Shareholders Have Enjoyed A 54% Share Price Gain,1,neutral,zeroshot/twitter-financial-news-sentiment (MIT)
Imagine Owning Apex Global Brands (NASDAQ:APEX) And Taking A 98% Loss Square On The Chin,1,neutral,zeroshot/twitter-financial-news-sentiment (MIT)
Immersion Corporation (IMMR): Hedge Funds In Wait-and-See Mode,1,neutral,zeroshot/twitter-financial-news-sentiment (MIT)
Is Amicus Therapeutics (NASDAQ:FOLD) A Risky Investment?,1,neutral,zeroshot/twitter-financial-news-sentiment (MIT)
Is Autolus Therapeutics plc (AUTL) A Good Stock To Buy?,1,neutral,zeroshot/twitter-financial-news-sentiment (MIT)
Is CBIZ's (NYSE:CBZ) Share Price Gain Of 200% Well Earned?,1,neutral,zeroshot/twitter-financial-news-sentiment (MIT)
Is Gilat Satellite Networks Ltd.'s (NASDAQ:GILT) 6.1% Dividend Worth Your Time?,1,neutral,zeroshot/twitter-financial-news-sentiment (MIT)
Is Grifols (BME:GRF) A Risky Investment?,1,neutral,zeroshot/twitter-financial-news-sentiment (MIT)
"Is Hawaiian Holdings, Inc. (HA) A Good Stock To Buy?",1,neutral,zeroshot/twitter-financial-news-sentiment (MIT)
Is HighPoint Resources Corporation (HPR) Going to Burn These Hedge Funds?,1,neutral,zeroshot/twitter-financial-news-sentiment (MIT)
Is Houghton Mifflin Harcourt Co (HMHC) Going to Burn These Hedge Funds?,1,neutral,zeroshot/twitter-financial-news-sentiment (MIT)
Is iQiyi Stock a Breakout Buy Right Now?,1,neutral,zeroshot/twitter-financial-news-sentiment (MIT)
"Is It Smart To Buy Strategic Education, Inc. (NASDAQ:STRA) Before It Goes Ex-Dividend?",1,neutral,zeroshot/twitter-financial-news-sentiment (MIT)
Is It Too Late To Consider Buying Canadian Imperial Bank of Commerce (TSE:CM)?,1,neutral,zeroshot/twitter-financial-news-sentiment (MIT)
Is It Worth Buying Cognizant Technology Solutions Corporation (NASDAQ:CTSH) For Its 1.3% Dividend Yield?,1,neutral,zeroshot/twitter-financial-news-sentiment (MIT)
Is James River Group Holdings Ltd (JRVR) Going To Burn These Hedge Funds ?,1,neutral,zeroshot/twitter-financial-news-sentiment (MIT)
Is Luckin Coffee (NASDAQ:LK) A Risky Investment?,1,neutral,zeroshot/twitter-financial-news-sentiment (MIT)
Is Magnolia Bostad AB (publ)'s (STO:MAG) ROE Of 6.1% Concerning?,1,neutral,zeroshot/twitter-financial-news-sentiment (MIT)
Is Mullen Group (TSE:MTL) Using Too Much Debt?,1,neutral,zeroshot/twitter-financial-news-sentiment (MIT)
Is Now An Opportune Moment To Examine AAC Technologies Holdings Inc. (HKG:2018)?,1,neutral,zeroshot/twitter-financial-news-sentiment (MIT)
"Is Now The Time To Look At Buying Houlihan Lokey, Inc. (NYSE:HLI)?",1,neutral,zeroshot/twitter-financial-news-sentiment (MIT)
Is Ritchie Bros. Auctioneers (RBA) Going to Burn These Hedge Funds?,1,neutral,zeroshot/twitter-financial-news-sentiment (MIT)
Is Seritage Growth Properties (SRG) A Good Stock To Buy?,1,neutral,zeroshot/twitter-financial-news-sentiment (MIT)
"Is SiteOne Landscape Supply, Inc. (SITE) A Good Stock To Buy?",1,neutral,zeroshot/twitter-financial-news-sentiment (MIT)
"Is There Now An Opportunity In Solaria Energía y Medio Ambiente, S.A. (BME:SLR)?",1,neutral,zeroshot/twitter-financial-news-sentiment (MIT)
Is Vanguard Growth & Income Admiral (VGIAX) a Strong Mutual Fund Pick Right Now?,1,neutral,zeroshot/twitter-financial-news-sentiment (MIT)
"Is Viking Therapeutics, Inc. (VKTX) A Good Stock To Buy?",1,neutral,zeroshot/twitter-financial-news-sentiment (MIT)
Is WH Group Limited (HKG:288) Better Than Average At Deploying Capital?,1,neutral,zeroshot/twitter-financial-news-sentiment (MIT)
Is Zafgen Inc (ZFGN) A Good Stock To Buy?,1,neutral,zeroshot/twitter-financial-news-sentiment (MIT)
Is Zhou Hei Ya International Holdings Company Limited (HKG:1458) Trading At A 32% Discount?,1,neutral,zeroshot/twitter-financial-news-sentiment (MIT)
J&J Brand Most Valuable Among Pharmaceutical Companies,1,neutral,zeroshot/twitter-financial-news-sentiment (MIT)
"Macy's has shrunk to the size of Beyond Meat. It's going to get worse, technician says $M $BYND (via @TradingNation) https://t.co/h86IfyLmqy",1,neutral,zeroshot/twitter-financial-news-sentiment (MIT)
"More Is Needed To Break Through: EZCORP, Inc. (EZPW), Gannett Co., Inc. (GCI) - TechnoRecorder",1,neutral,zeroshot/twitter-financial-news-sentiment (MIT)
"More Is Needed To Break Through: Las Vegas Sands Corp. (LVS), Enterprise Products Partners L.P. (EPD) - TechnoRecorder",1,neutral,zeroshot/twitter-financial-news-sentiment (MIT)
"More Is Needed To Break Through: McDonald’s Corporation (MCD), ADT Inc. (ADT) - TechnoRecorder",1,neutral,zeroshot/twitter-financial-news-sentiment (MIT)
NAOV,1,neutral,zeroshot/twitter-financial-news-sentiment (MIT)
Nexstar Media : Andy Alford #NexstarMedia #Stock #MarketScreener https://t.co/7676Cby6JX https://t.co/mCQbFmgJrt,1,neutral,zeroshot/twitter-financial-news-sentiment (MIT)
"One Thing To Remember About The Allscripts Healthcare Solutions, Inc. (NASDAQ:MDRX) Share Price",1,neutral,zeroshot/twitter-financial-news-sentiment (MIT)
Options Trader Bets on Monster Micron Move,1,neutral,zeroshot/twitter-financial-news-sentiment (MIT)
PLUG Stock Remains Tantalizing and Vexing,1,neutral,zeroshot/twitter-financial-news-sentiment (MIT)
PTVCA,1,neutral,zeroshot/twitter-financial-news-sentiment (MIT)
Saudi Aramco shares to start trading Dec. 11 - Tadawul exchange https://t.co/RW1cipUUmB https://t.co/HwDW4fo0AN,1,neutral,zeroshot/twitter-financial-news-sentiment (MIT)
"Setups and Watch List, 11/24: $STNE $SE $PAYC $NOW $SPLK $DOCU $RH $ROKU $AAXN $NVCR 

Following charts courtesy of… https://t.co/tCFycIVckn",1,neutral,zeroshot/twitter-financial-news-sentiment (MIT)
"Shareholders Rejoice? HBC, Canfor Proxy Wins Do Little for Stock",1,neutral,zeroshot/twitter-financial-news-sentiment (MIT)
Should Community Bankers Trust (NASDAQ:ESXB) Be Disappointed With Their 99% Profit?,1,neutral,zeroshot/twitter-financial-news-sentiment (MIT)
Should CorEnergy Infrastructure Trust (NYSE:CORR) Be Disappointed With Their 39% Profit?,1,neutral,zeroshot/twitter-financial-news-sentiment (MIT)
Should We Be Cautious About Franklin Street Properties Corp.'s (NYSEMKT:FSP) ROE Of 0.5%?,1,neutral,zeroshot/twitter-financial-news-sentiment (MIT)
"Should You Add These 3 Top-Performing Mutual Funds to Your Portfolio? - February 06, 2020",1,neutral,zeroshot/twitter-financial-news-sentiment (MIT)
"Should You Avoid Sykes Enterprises, Incorporated (SYKE)?",1,neutral,zeroshot/twitter-financial-news-sentiment (MIT)
Should You Be Excited About Allianz SE's (ETR:ALV) 10% Return On Equity?,1,neutral,zeroshot/twitter-financial-news-sentiment (MIT)
"Should You Be Excited About PulteGroup, Inc.'s (NYSE:PHM) 18% Return On Equity?",1,neutral,zeroshot/twitter-financial-news-sentiment (MIT)
"Should You Be Tempted To Sell Galp Energia, SGPS, S.A. (ELI:GALP) Because Of Its P/E Ratio?",1,neutral,zeroshot/twitter-financial-news-sentiment (MIT)
Should You Be Tempted To Sell Michelmersh Brick Holdings plc (LON:MBH) Because Of Its P/E Ratio?,1,neutral,zeroshot/twitter-financial-news-sentiment (MIT)
"Should You Be Worried About Mistras Group, Inc.'s (NYSE:MG) 1.5% Return On Equity?",1,neutral,zeroshot/twitter-financial-news-sentiment (MIT)
Should You Buy Harmony Gold Mining Co.  (HMY)?,1,neutral,zeroshot/twitter-financial-news-sentiment (MIT)
Should You Buy Netgear on This Short-Term Guidance Miss?,1,neutral,zeroshot/twitter-financial-news-sentiment (MIT)
"Should You Buy Weis Markets, Inc. (WMK)?",1,neutral,zeroshot/twitter-financial-news-sentiment (MIT)
Should You Worry About NVE Corporation's (NASDAQ:NVEC) CEO Salary Level?,1,neutral,zeroshot/twitter-financial-news-sentiment (MIT)
"Stks often pause at key res/sup levels. 1st touch of key level often fails, esp w/steep run into it. Let it consoli… https://t.co/cN0G1UYeKI",1,neutral,zeroshot/twitter-financial-news-sentiment (MIT)
Stock Market News: Netflix Climbs on Subscriber Data; Johnson & Johnson Looks Healthy,1,neutral,zeroshot/twitter-financial-news-sentiment (MIT)
"Stock Performance Summary :: Intercontinental Exchange, Inc., (NYSE: ICE) - Times Of New York",1,neutral,zeroshot/twitter-financial-news-sentiment (MIT)
"Stocks To Watch: Bharti Airtel, HUL, L&T Finance, NMDC, Tata Motors, Vodafone Idea",1,neutral,zeroshot/twitter-financial-news-sentiment (MIT)
Taking A Look At Eastman Chemical Company's (NYSE:EMN) ROE,1,neutral,zeroshot/twitter-financial-news-sentiment (MIT)
The 3 Biggest Risks to Momo’s Stock,1,neutral,zeroshot/twitter-financial-news-sentiment (MIT)
There goes $ACST,1,neutral,zeroshot/twitter-financial-news-sentiment (MIT)
These Stocks Could Bounce High in January and Beyond,1,neutral,zeroshot/twitter-financial-news-sentiment (MIT)
This Dividend Hero’s Too Cheap To Miss Right Now,1,neutral,zeroshot/twitter-financial-news-sentiment (MIT)
Three stocks to buy during the coronavirus crash - besides the usual suspects https://t.co/00GgjoZr9U,1,neutral,zeroshot/twitter-financial-news-sentiment (MIT)
Top 5 Buys of John Rogers' Ariel Investment,1,neutral,zeroshot/twitter-financial-news-sentiment (MIT)
Top Technology Holdings of Warren Buffett's Berkshire Hathaway,1,neutral,zeroshot/twitter-financial-news-sentiment (MIT)
"Toyota, AB InBev, Funko: Companies to Watch",1,neutral,zeroshot/twitter-financial-news-sentiment (MIT)
"Trade Alert: The Independent Director Of Cerus Corporation (NASDAQ:CERS), Franklin Witney, Has Just Spent US$100k Buying Shares",1,neutral,zeroshot/twitter-financial-news-sentiment (MIT)
"Translate Bio, Inc. (TBIO): Are Hedge Funds Right About This Stock?",1,neutral,zeroshot/twitter-financial-news-sentiment (MIT)
Two Firms Are Clashing About the Fate of U.S. Small-Cap Stocks,1,neutral,zeroshot/twitter-financial-news-sentiment (MIT)
VIS Containers Manufacturing (ATH:VIS) Has Debt But No Earnings; Should You Worry?,1,neutral,zeroshot/twitter-financial-news-sentiment (MIT)
What Does KPS AG's (ETR:KSC) Share Price Indicate?,1,neutral,zeroshot/twitter-financial-news-sentiment (MIT)
"What Does Reading International, Inc.'s (NASDAQ:RDI) Share Price Indicate?",1,neutral,zeroshot/twitter-financial-news-sentiment (MIT)
What To Know Before Buying Flushing Financial Corporation (NASDAQ:FFIC) For Its Dividend,1,neutral,zeroshot/twitter-financial-news-sentiment (MIT)
What You Must Know About Hingham Institution for Savings's (NASDAQ:HIFS) Beta Value,1,neutral,zeroshot/twitter-financial-news-sentiment (MIT)
Why value stocks surged more than growth stocks in 2019,1,neutral,zeroshot/twitter-financial-news-sentiment (MIT)
"Would Xiamen International Port Co., Ltd (HKG:3378) Be Valuable To Income Investors?",1,neutral,zeroshot/twitter-financial-news-sentiment (MIT)
$AQST - Aquestive readies equity offering; shares down 7% after hours https://t.co/mTUhau6lCg,0,negative,zeroshot/twitter-financial-news-sentiment (MIT)
$CBAY - CymaBat halts trial of seladelpar; shares dip 4% https://t.co/0XHQXzW5ai,0,negative,zeroshot/twitter-financial-news-sentiment (MIT)
$CIM (-1.8% pre) Chimera Investment (CIM) Announces Public Offering of Convertible Senior Notes - SI https://t.co/icZf07FFnY,0,negative,zeroshot/twitter-financial-news-sentiment (MIT)
$LNN - Lindsay -2% as COVID-19 impact 'remains uncertain' https://t.co/X5HppJ6i0k,0,negative,zeroshot/twitter-financial-news-sentiment (MIT)
$MRNA - Moderna files for mixed shelf; shares down 8% after hours https://t.co/O9O0jyiytg,0,negative,zeroshot/twitter-financial-news-sentiment (MIT)
$TBPH - Theravance readies $150M stock offering; shares down 5% after hours https://t.co/YgYqnXrOnQ,0,negative,zeroshot/twitter-financial-news-sentiment (MIT)
$UBER shares down 3.7% after company loses London licence over safety failures https://t.co/mwRK6XOrbS https://t.co/l7lFNGWDRh,0,negative,zeroshot/twitter-financial-news-sentiment (MIT)
$WORK - Slack -5% after statement on IBM https://t.co/L71kecX7LL,0,negative,zeroshot/twitter-financial-news-sentiment (MIT)
Abiomed down 8% on guidance cut,0,negative,zeroshot/twitter-financial-news-sentiment (MIT)
Adamis Pharma -61% on FDA's Zimhi rejection,0,negative,zeroshot/twitter-financial-news-sentiment (MIT)
Afya -3.4% on offering of class A common shares,0,negative,zeroshot/twitter-financial-news-sentiment (MIT)
Akoustis down 13% on pricing equity offering,0,negative,zeroshot/twitter-financial-news-sentiment (MIT)
Applied Genetic Tech down 7% premarket after pricing equity offering,0,negative,zeroshot/twitter-financial-news-sentiment (MIT)
"As Kohl's shares plunge, Cramer calls out CEO for glossing over why earnings missed estimates",0,negative,zeroshot/twitter-financial-news-sentiment (MIT)
Athenex down 17% on oral paclitaxel data,0,negative,zeroshot/twitter-financial-news-sentiment (MIT)
Becton Dickinson's stock tumbles 11% premarket after Q1 results,0,negative,zeroshot/twitter-financial-news-sentiment (MIT)
"Becton Dickinson's stock tumbles, as lowered earnings guidance offsets profit beat",0,negative,zeroshot/twitter-financial-news-sentiment (MIT)
"Becton, Dickinson slips 9% on lowered guidance",0,negative,zeroshot/twitter-financial-news-sentiment (MIT)
Cabot Microelectronics tanks on soft guidance,0,negative,zeroshot/twitter-financial-news-sentiment (MIT)
Checkpoint Therapeutics down 14% after hours on equity offering,0,negative,zeroshot/twitter-financial-news-sentiment (MIT)
Ciena Corp. shares slide after earnings miss,0,negative,zeroshot/twitter-financial-news-sentiment (MIT)
Ether Turns Negative For the Year as Crypto Sell-Off Accelerates,0,negative,zeroshot/twitter-financial-news-sentiment (MIT)
GoPro's stock tumbles 13% premarket after Q4 results late Wednesday,0,negative,zeroshot/twitter-financial-news-sentiment (MIT)
"Irish bank and real-estate stocks fall after a strong electoral showing for Sinn in, a left-wing nationalist part... https://t.co/dfReOhhlBX",0,negative,zeroshot/twitter-financial-news-sentiment (MIT)
"JUST IN: Slack shares halted for pending news.

https://t.co/jn8limUSe7",0,negative,zeroshot/twitter-financial-news-sentiment (MIT)
"KL, CBAY among premarket losers",0,negative,zeroshot/twitter-financial-news-sentiment (MIT)
Kohl's -11% after profit view slashed,0,negative,zeroshot/twitter-financial-news-sentiment (MIT)
Kohl's stock drops 10% after it cuts guidance,0,negative,zeroshot/twitter-financial-news-sentiment (MIT)
Macy’s shares sink after date-breach reports,0,negative,zeroshot/twitter-financial-news-sentiment (MIT)
Mahindra & Mahindra shares head for their steepest decline in more than a decade after surprise drop in earnings https://t.co/RyNmr09Ei7,0,negative,zeroshot/twitter-financial-news-sentiment (MIT)
Myriad Genetics slips 27% premarket after weak FQ2 and guidance cut,0,negative,zeroshot/twitter-financial-news-sentiment (MIT)
New York Mortgage Trust sinks 2.7% after announcing capital raise,0,negative,zeroshot/twitter-financial-news-sentiment (MIT)
"Nio's stock falls after January deliveries decline on coronavirus, New Years holiday timing effects",0,negative,zeroshot/twitter-financial-news-sentiment (MIT)
Organogenesis -8.9% amid 9M-share offering,0,negative,zeroshot/twitter-financial-news-sentiment (MIT)
PagSeguro slides 4.5% after Q3 disappoints,0,negative,zeroshot/twitter-financial-news-sentiment (MIT)
Post Holdings -4% after earnings miss,0,negative,zeroshot/twitter-financial-news-sentiment (MIT)
PTC Therapeutics down 6% premarket on risidplam data,0,negative,zeroshot/twitter-financial-news-sentiment (MIT)
"QD, HEXO among premarket losers",0,negative,zeroshot/twitter-financial-news-sentiment (MIT)
Roku -5.1% after filing to offer up to 1M shares,0,negative,zeroshot/twitter-financial-news-sentiment (MIT)
Roku shares dropped after it notified users that FOX channels will be not accessible for the Super Bowl https://t.co/W8JTisSnaC,0,negative,zeroshot/twitter-financial-news-sentiment (MIT)
Roku stock falls after disclosure of shareholder resales,0,negative,zeroshot/twitter-financial-news-sentiment (MIT)
SES shares tumble 20% after FCC chairman voices support for public airwaves sale,0,negative,zeroshot/twitter-financial-news-sentiment (MIT)
Slack shares slump as Microsoft continues to make corporate inroads,0,negative,zeroshot/twitter-financial-news-sentiment (MIT)
SunPower's stock sinks after plans to sell 22 million shares to the public,0,negative,zeroshot/twitter-financial-news-sentiment (MIT)
"Synthetic Biologics, Inc. (SYN) Sinks -4.79% Today: Breaking Down The Root Causes - Find News",0,negative,zeroshot/twitter-financial-news-sentiment (MIT)
"Taco Bell, KFC parent Yum Brands' stock drops after profit misses but revenue beat",0,negative,zeroshot/twitter-financial-news-sentiment (MIT)
Tesla -3% as China slowdown factors in,0,negative,zeroshot/twitter-financial-news-sentiment (MIT)
Tesla falls more than 6% after Cybertruck flub—Cramer and other pros talk prospects $TSLA (via @TradingNation) https://t.co/6KwIqJa65g,0,negative,zeroshot/twitter-financial-news-sentiment (MIT)
"Tesla's stock falls again, extends pullback to 22%",0,negative,zeroshot/twitter-financial-news-sentiment (MIT)
"Twilio Crushes Q4 Expectations, Shares Fall 7% on Modest Bottom-Line Guidance",0,negative,zeroshot/twitter-financial-news-sentiment (MIT)
"Tyson Foods -4% after chicken, beef sales disappoint",0,negative,zeroshot/twitter-financial-news-sentiment (MIT)
"Uber's $UBER share price is down approximately 29% since its IPO in May 2019, while the S&P 500 is up nearly 8% dur… https://t.co/V7eqP2opTW",0,negative,zeroshot/twitter-financial-news-sentiment (MIT)
Varonis -6% on wider-than-expected loss forecast,0,negative,zeroshot/twitter-financial-news-sentiment (MIT)
Woodward ~6% post Q4 earnings miss,0,negative,zeroshot/twitter-financial-news-sentiment (MIT)
WWE -3.1% amid two-notch cut at Wells Fargo,0,negative,zeroshot/twitter-financial-news-sentiment (MIT)
WWE Plunges After Sales Forecast Uncovers Dismal Fan Engagement,0,negative,zeroshot/twitter-financial-news-sentiment (MIT)
"Zoom shares slip over security concerns, rising competition https://t.co/9LgzbL552F https://t.co/VSENzzofYP",0,negative,zeroshot/twitter-financial-news-sentiment (MIT)
"Zoom shares slip over security concerns, rising competition https://t.co/u0l97LVQDa https://t.co/dcVT5Zzh2L",0,negative,zeroshot/twitter-financial-news-sentiment (MIT)
$AAPL (+0.2% pre) Apple to expand operations in India: IT minister https://t.co/1DmAytdTR0,2,positive,zeroshot/twitter-financial-news-sentiment (MIT)
"$AAXN gapped up on earnings, up 24.57% on 6x average volume. It cleared the top of its earnings gap up at 71. On wa… https://t.co/1e7NB4TsUa",2,positive,zeroshot/twitter-financial-news-sentiment (MIT)
$AVDL (+2.7% pre) Avadel Pharmaceuticals Achieves Enrollment Target in REST-ON Phase 3 Pivotal Trial of FT218 for E… https://t.co/sz4WqZbAac,2,positive,zeroshot/twitter-financial-news-sentiment (MIT)
$BXRX - Baudax Bio +7% premarket on Anjeso launch in U.S. https://t.co/2hI5uKFCHw,2,positive,zeroshot/twitter-financial-news-sentiment (MIT)
$CANF (+20.3% pre) Can-Fite BioPharma (CANF) Announces Positive Top Line Results from its Phase II NASH Study with… https://t.co/HLKZq00QPy,2,positive,zeroshot/twitter-financial-news-sentiment (MIT)
$CC $MMM $DD - PFAS chemical makers climb as Congress makes no decision https://t.co/cthudaPdFL,2,positive,zeroshot/twitter-financial-news-sentiment (MIT)
$CGC - Canopy Growth +4% premarket on new cannabis license for Smiths Falls facility https://t.co/FYvMKq9dAf,2,positive,zeroshot/twitter-financial-news-sentiment (MIT)
$DPW (+90.0% pre) DPW Holdings Announces That Its Coolisys Power Electronics Business Sees Increased Offshore Manuf… https://t.co/DwW8Lz0dDd,2,positive,zeroshot/twitter-financial-news-sentiment (MIT)
$ENOB (+17.5% pre) Enochian Biosciences (ENOB) Expands Infectious Disease Pipeline by Entering Pact to Acquire Excl… https://t.co/NP7PYIkHtt,2,positive,zeroshot/twitter-financial-news-sentiment (MIT)
"$HCHC (+5.7% pre) HC2 Holdings (HCHC) in Advanced Discussions to Sell Continental Insurance, Retains Advisor to Exp… https://t.co/a36tqbUnUy",2,positive,zeroshot/twitter-financial-news-sentiment (MIT)
$ICPT - FDA OKs Intercept’s NDA for obeticholic acid; shares up 5% premarket https://t.co/VgfLhFDoWm,2,positive,zeroshot/twitter-financial-news-sentiment (MIT)
"$JAN (+92.2% pre) JanOne entered into a Patent and Know How License Agreement with UAB Research Foundation, TheraVa… https://t.co/lNeVmJnG1c",2,positive,zeroshot/twitter-financial-news-sentiment (MIT)
"$JKHY day highs and clearing resistance, name not far from its record highs",2,positive,zeroshot/twitter-financial-news-sentiment (MIT)
$KOD $REGN - Kodiak Sciences up 9% on positive early-stage KSI-301 data https://t.co/Dixe4svpxG,2,positive,zeroshot/twitter-financial-news-sentiment (MIT)
"$LIVX (+16.8% pre) LiveXLive Media (LIVX), Samsung Announce Production And Distribution Partnership - SI - SI https://t.co/us7jsZ5apN",2,positive,zeroshot/twitter-financial-news-sentiment (MIT)
$LMNX - Luminex Q1 revenue tops guidance; shares up 7% after hours https://t.co/plWYnRO6A1,2,positive,zeroshot/twitter-financial-news-sentiment (MIT)
"$M (+11.7% pre) Macy's finance chief Paula Price to step down in May - SI

https://t.co/qKgwR2a9Ft",2,positive,zeroshot/twitter-financial-news-sentiment (MIT)
"$MGI (+4.2% pre) Ripple Makes Investment in MoneyGram Equity to Complete Original Investment Commitment, Expansion… https://t.co/CbJ8u15z83",2,positive,zeroshot/twitter-financial-news-sentiment (MIT)
$MTH - Meritage Homes 1Q20 orders rise 23% Y/Y; shares up ~20% https://t.co/wByVa9hi30,2,positive,zeroshot/twitter-financial-news-sentiment (MIT)
$NSPR - InspireMD chief to step down; shares up 3% https://t.co/nw4ii9SQFu,2,positive,zeroshot/twitter-financial-news-sentiment (MIT)
$NTLA $EDIT $CRSP - Intellia up 5% on new data from CRSPR/Cas9 programs https://t.co/We4Yiy0bs8,2,positive,zeroshot/twitter-financial-news-sentiment (MIT)
$NVCR shows institutional accumulation with blue skyscraper last week and closing near highs. Forms a cup base with… https://t.co/s6fdABDVVW,2,positive,zeroshot/twitter-financial-news-sentiment (MIT)
$ONVO - Organovo stockholders nix Tarveda merger; shares up 2% after hours https://t.co/3tGA8kVpl2,2,positive,zeroshot/twitter-financial-news-sentiment (MIT)
$PACD Added + shares on pullback. BORR +130% they will find this sympathy play very soon. Money will flow into this… https://t.co/0PTZlnV1ps,2,positive,zeroshot/twitter-financial-news-sentiment (MIT)
"$PSTI (+56.3% pre) Pluristem Reports Preliminary Data from its COVID-19 Compassionate Use Program, Treating Seven P… https://t.co/hke1zV8mkt",2,positive,zeroshot/twitter-financial-news-sentiment (MIT)
$SRNE (+36.3% pre) Sorrento Therapeutics shares soar 25% after it rejects offer from two companies - MW https://t.co/5WB1nxwKVn,2,positive,zeroshot/twitter-financial-news-sentiment (MIT)
"$SSL $CHMI $CANF - RTX, SKT among premarket gainers https://t.co/YC36Ef6fZt",2,positive,zeroshot/twitter-financial-news-sentiment (MIT)
"$STZ (+4.9% pre) UBS Upgrades Constellation Brands (STZ) to Buy, $180 PT

https://t.co/y3Tfnn7kfo",2,positive,zeroshot/twitter-financial-news-sentiment (MIT)
"$TIF (+5.6% pre) LVMH aims to restore Tiffany's sparkle with $16.2 billion takeover - Reuters

https://t.co/6rlL3xPZWj",2,positive,zeroshot/twitter-financial-news-sentiment (MIT)
$TSLA +7% in pm (BLOG IDEA). Breaking out of the bullish flag that i mentioned several times last week.,2,positive,zeroshot/twitter-financial-news-sentiment (MIT)
"$VRNS (+0.0% pre) Varonis Systems reports preliminary Q1 - SA

https://t.co/ORtdEEogHg",2,positive,zeroshot/twitter-financial-news-sentiment (MIT)
"$XOM (+5.8% pre) Exxon cuts full-year capex forecast by 30%, maintains long-term outlook - SA

https://t.co/zXwoE1Emyq",2,positive,zeroshot/twitter-financial-news-sentiment (MIT)
$ZIOP (+6.4% pre) Ziopharm Oncology Presents Encouraging Clinical Data for Controlled IL-12 for the Treatment of Re… https://t.co/F5WFn7CrP6,2,positive,zeroshot/twitter-financial-news-sentiment (MIT)
"$ZS (+3.6% pre) BofA/Merrill Lynch Upgrades Zscaler (ZS) to Buy; Cyber Security Opportunity Too Big to Ignore, $68… https://t.co/CJBmEfW5tG",2,positive,zeroshot/twitter-financial-news-sentiment (MIT)
AbbVie stock jumps 2.6% premarket,2,positive,zeroshot/twitter-financial-news-sentiment (MIT)
AIA's announcement of a new CEO sends shares higher in Hong Kong https://t.co/vVmrVJVl90 https://t.co/6sb0BnZHx6,2,positive,zeroshot/twitter-financial-news-sentiment (MIT)
AMC Entertainment rallies after big Frozen 2 weekend,2,positive,zeroshot/twitter-financial-news-sentiment (MIT)
"ArcelorMittal shares surge on higher operating profit, dividend than expected",2,positive,zeroshot/twitter-financial-news-sentiment (MIT)
Argo Group gains 2.2% after moving to refresh board,2,positive,zeroshot/twitter-financial-news-sentiment (MIT)
Athenex up 28% on expected positive data on oral paclitaxel,2,positive,zeroshot/twitter-financial-news-sentiment (MIT)
Aurora beefs up leadership team; shares up 3% premarket,2,positive,zeroshot/twitter-financial-news-sentiment (MIT)
Bill.com +72% in trading debut,2,positive,zeroshot/twitter-financial-news-sentiment (MIT)
BioLineRx reports data on triple combination arm of COMBAT/KEYNOTE-202 study; shares up 21% premarket,2,positive,zeroshot/twitter-financial-news-sentiment (MIT)
Brazil broker XP surges in debut after $1.96 billion U.S. IPO https://t.co/JCpfrpsjX4 via @business https://t.co/WTr4j8LUbO,2,positive,zeroshot/twitter-financial-news-sentiment (MIT)
Bristol-Myers +3% premarket on Q4 beat,2,positive,zeroshot/twitter-financial-news-sentiment (MIT)
Canopy Growth +4% premarket on new cannabis license for Smiths Falls facility,2,positive,zeroshot/twitter-financial-news-sentiment (MIT)
Carnival's stock soars after Saudi sovereign wealth fund takes stake in the crippled cruise company https://t.co/IFYPXCDpja,2,positive,zeroshot/twitter-financial-news-sentiment (MIT)
Co-Diagnostics up 36% on coronavirus test sales,2,positive,zeroshot/twitter-financial-news-sentiment (MIT)
Eidos up 13% on sustained benefit of AG10 in ATTR-CM,2,positive,zeroshot/twitter-financial-news-sentiment (MIT)
Endonovo up 35% on SofPulse collaboration,2,positive,zeroshot/twitter-financial-news-sentiment (MIT)
Extreme Networks stock up 2.6% premarket,2,positive,zeroshot/twitter-financial-news-sentiment (MIT)
"Gap ticks higher despite lowered full-year comps, which point to a bah humbug holiday quarter https://t.co/M4f8u4Zza2 $GPS",2,positive,zeroshot/twitter-financial-news-sentiment (MIT)
Intelsat +10%; Height expects C-band payout to rise,2,positive,zeroshot/twitter-financial-news-sentiment (MIT)
"Intelsat's stock bounces 6.6% premarket, after plummeting 55% over the past 2 days to 19-mo. low",2,positive,zeroshot/twitter-financial-news-sentiment (MIT)
Kodiak Sciences up 9% on positive early-stage KSI-301 data,2,positive,zeroshot/twitter-financial-news-sentiment (MIT)
LiveXLive +23% on Samsung tie-up,2,positive,zeroshot/twitter-financial-news-sentiment (MIT)
"Marriott Up Over 14%, on Pace for Largest Percent Increase Since December 2008 -- Data Tal...… https://t.co/WMIRbwXDRt",2,positive,zeroshot/twitter-financial-news-sentiment (MIT)
"Medtronic's stock surges after earnings rise above expectations, and outlook raised",2,positive,zeroshot/twitter-financial-news-sentiment (MIT)
National Oilwell Varco +10% after Q4 results,2,positive,zeroshot/twitter-financial-news-sentiment (MIT)
Nio Shares Continue Higher Despite Predictions Of Record Plunge In Chinese Auto Sales,2,positive,zeroshot/twitter-financial-news-sentiment (MIT)
One Medical parent 1Life Healthcare stock soars 38% in early debut trading https://t.co/dRNcVEH6ob,2,positive,zeroshot/twitter-financial-news-sentiment (MIT)
Qiagen shares surge as diagnostics group says open to takeover talks,2,positive,zeroshot/twitter-financial-news-sentiment (MIT)
RealNetworks CEO Rob Glaser to invest into the Company; shares +12%,2,positive,zeroshot/twitter-financial-news-sentiment (MIT)
Sanofi Q4 top-line up 7%; shares up 3% premarket,2,positive,zeroshot/twitter-financial-news-sentiment (MIT)
ServiceNow stock up 4% on news it is joining the S&P 500,2,positive,zeroshot/twitter-financial-news-sentiment (MIT)
Shares of SoftBank-backed OneConnect rise 5% in U.S. market debut,2,positive,zeroshot/twitter-financial-news-sentiment (MIT)
Splunk boosted on FCF potential; shares +3.4%,2,positive,zeroshot/twitter-financial-news-sentiment (MIT)
Splunk sees its biggest surge in a year after reporting strong third-quarter sales. Bloomberg's Taylor Riggs… https://t.co/oAFf2pMKTX,2,positive,zeroshot/twitter-financial-news-sentiment (MIT)
Starbucks climbs as Pershing reinvests with $720 million stake https://t.co/AZQ6aJrAQM,2,positive,zeroshot/twitter-financial-news-sentiment (MIT)
Stock Market Update: Amazon and Microsoft hit new highs,2,positive,zeroshot/twitter-financial-news-sentiment (MIT)
"Tesla Tops $900 in Parabolic Surge, Spurring Analyst Downgrade",2,positive,zeroshot/twitter-financial-news-sentiment (MIT)
"Tesla's stock ticks up after Deutsche Bank lifts price target, which implies an 18% decline",2,positive,zeroshot/twitter-financial-news-sentiment (MIT)
Transocean up 4% on new $91M contract,2,positive,zeroshot/twitter-financial-news-sentiment (MIT)
Trevena refiles U.S. application for IV oliceridine; shares up 6%,2,positive,zeroshot/twitter-financial-news-sentiment (MIT)
Unisys's stock soars 16% premarket after sale of U.S. Federal business for $1.2 bln,2,positive,zeroshot/twitter-financial-news-sentiment (MIT)
Wayfair soared as much as 51% after the online home-goods retailer said first-quarter net revenue growth would at l… https://t.co/aGZUiKSDvu,2,positive,zeroshot/twitter-financial-news-sentiment (MIT)
$SCANX: Today's biggest % gainers/losers https://t.co/DmtfA3iwPi,1,neutral,zeroshot/twitter-financial-news-sentiment (MIT)
"$SUMRX: Gapping up/down: ABB +4%, MCHP +3%, NVO +3%, HUM +2% and CMG +1.6% after earnings, RDS.A +2% and TOL +2%... https://t.co/P30bZdswdX",1,neutral,zeroshot/twitter-financial-news-sentiment (MIT)
"$SUMRX: Gapping up/down: DOCU +10.5%, ULTA +9%, AOBC +7%, BIG +7%, CLDR +6.5% and CRWD +5% after earnings, TTD +5%.… https://t.co/a5vlQXPdji",1,neutral,zeroshot/twitter-financial-news-sentiment (MIT)
Darling Ingredients and Vertex Energy among industrial gainers; DMC Global tops losers,1,neutral,zeroshot/twitter-financial-news-sentiment (MIT)
Dixie Group leads industrial gainers; Ballard Power Systems among the losers,1,neutral,zeroshot/twitter-financial-news-sentiment (MIT)
Forescout shares halted for the news,1,neutral,zeroshot/twitter-financial-news-sentiment (MIT)
Iconix Brand leads consumer gainers; Pitney Bowes leads the losers,1,neutral,zeroshot/twitter-financial-news-sentiment (MIT)
Lithium Americas and Gulf Resources among Energy/Materials gainers; ION Geophysical and Contura Energy among losers,1,neutral,zeroshot/twitter-financial-news-sentiment (MIT)
Marvell Technology (MRVL) Gains As Market Dips: What You Should Know - Nasdaq,1,neutral,zeroshot/twitter-financial-news-sentiment (MIT)
Peloton Interactive among consumer gainers; Pyxus International among losers,1,neutral,zeroshot/twitter-financial-news-sentiment (MIT)
Sarepta Therapeutics leads healthcare gainers; OncoSec Medical among losers,1,neutral,zeroshot/twitter-financial-news-sentiment (MIT)
Stabilis Energy and Yuma Energy among Energy/Materials gainers; Trilogy Metals  and Range Resources among losers,1,neutral,zeroshot/twitter-financial-news-sentiment (MIT)
"Stocks making the biggest moves midday: TD Ameritrade, Tiffany, Uber, Hasbro & more https://t.co/gJM9nLZlzL",1,neutral,zeroshot/twitter-financial-news-sentiment (MIT)
"Stocks making the biggest moves premarket: Fitbit, Xerox, Ford, Five Below, TripAdvisor & more",1,neutral,zeroshot/twitter-financial-news-sentiment (MIT)
"Stocks making the biggest moves premarket: Home Depot, Kohl's, Disney, Broadcom & more",1,neutral,zeroshot/twitter-financial-news-sentiment (MIT)
"Stocks making the biggest moves premarket: TD Ameritrade, Charles Schwab, Tesla & more https://t.co/gvK766Jmmm",1,neutral,zeroshot/twitter-financial-news-sentiment (MIT)
"TCO, NNVC, GPOR and JE among midday movers",1,neutral,zeroshot/twitter-financial-news-sentiment (MIT)
